Date,prcp (mm/day),tmax (deg c),tmin (deg c),330_SWE (m),392_SWE (m),393_SWE (m),763_SWE (m),533_SWE (m),684_SWE (m),814_SWE (m),896_SWE (m),1118_SWE (m),1145_SWE (m)
2016-01-01,0.0,-5.68,-17.58,0.13462,0.2158999999999999,0.1676399999999999,0.13462,0.2438399999999999,0.15748,0.18796,0.15494,0.10922,0.1397
2016-01-02,0.0,-3.32,-13.01,0.13462,0.21844,0.1676399999999999,0.13462,0.2438399999999999,0.15748,0.1905,0.15494,0.10922,0.1397
2016-01-03,0.0,0.14,-7.92,0.13716,0.21844,0.1676399999999999,0.13462,0.2438399999999999,0.16002,0.1905,0.16002,0.11176,0.14478
2016-01-04,0.0,2.45,-6.4,0.13716,0.2209799999999999,0.17018,0.13462,0.2438399999999999,0.16002,0.1905,0.16256,0.11176,0.1473199999999999
2016-01-05,3.39,4.31,-2.61,0.1397,0.2209799999999999,0.17018,0.13716,0.2438399999999999,0.16002,0.1905,0.16256,0.11176,0.14986
2016-01-06,12.35,3.75,-1.72,0.1397,0.2209799999999999,0.17018,0.1422399999999999,0.2438399999999999,0.16002,0.19812,0.1676399999999999,0.11176,0.14986
2016-01-07,10.39,3.13,-2.05,0.1397,0.22606,0.1727199999999999,0.14478,0.2463799999999999,0.1651,0.2057399999999999,0.1777999999999999,0.11176,0.1523999999999999
2016-01-08,0.0,1.81,-3.31,0.1422399999999999,0.2311399999999999,0.1777999999999999,0.14986,0.25146,0.1676399999999999,0.21844,0.18288,0.1143,0.15748
2016-01-09,0.0,1.25,-4.79,0.1397,0.23622,0.18288,0.14986,0.25146,0.17018,0.21844,0.18542,0.1143,0.15494
2016-01-10,0.0,-0.44,-6.39,0.13716,0.23622,0.18288,0.14986,0.254,0.17018,0.21844,0.18542,0.1143,0.1523999999999999
2016-01-11,0.0,-1.31,-11.08,0.13462,0.2336799999999999,0.18288,0.1473199999999999,0.25654,0.17018,0.21844,0.18288,0.1168399999999999,0.1523999999999999
2016-01-12,0.0,-1.46,-12.0,0.13462,0.2336799999999999,0.18288,0.1473199999999999,0.25654,0.17018,0.21844,0.1803399999999999,0.1168399999999999,0.15494
2016-01-13,0.0,0.5,-9.76,0.1397,0.2336799999999999,0.18288,0.1473199999999999,0.25654,0.17018,0.21844,0.1803399999999999,0.1168399999999999,0.15748
2016-01-14,3.28,2.2,-7.32,0.14478,0.2336799999999999,0.1803399999999999,0.14986,0.25654,0.17018,0.2209799999999999,0.18288,0.1168399999999999,0.15748
2016-01-15,2.28,0.77,-4.6,0.1473199999999999,0.23622,0.1803399999999999,0.14986,0.26416,0.1777999999999999,0.2209799999999999,0.18796,0.1168399999999999,0.16002
2016-01-16,1.73,1.94,-4.11,0.15494,0.2413,0.18288,0.15748,0.2717799999999999,0.18796,0.2286,0.20066,0.1219199999999999,0.16002
2016-01-17,0.0,5.42,-3.27,0.16002,0.2438399999999999,0.18796,0.16256,0.27686,0.19812,0.2438399999999999,0.21082,0.12446,0.1676399999999999
2016-01-18,11.55,3.38,-1.45,0.16002,0.2438399999999999,0.1905,0.16256,0.2844799999999999,0.19558,0.2438399999999999,0.21844,0.12446,0.1676399999999999
2016-01-19,3.86,4.22,-5.16,0.1676399999999999,0.25654,0.19558,0.17018,0.2946399999999999,0.2057399999999999,0.25146,0.2336799999999999,0.13208,0.17018
2016-01-20,2.26,3.66,-3.64,0.1727199999999999,0.25654,0.19558,0.1727199999999999,0.29972,0.2082799999999999,0.25654,0.2463799999999999,0.13462,0.17526
2016-01-21,0.0,2.53,-8.29,0.1777999999999999,0.2667,0.2032,0.1777999999999999,0.30988,0.22352,0.2667,0.25908,0.1397,0.1803399999999999
2016-01-22,0.0,5.26,-5.81,0.1803399999999999,0.2667,0.2032,0.1803399999999999,0.30988,0.22352,0.2717799999999999,0.25908,0.1397,0.1803399999999999
2016-01-23,16.08,4.62,-4.69,0.1803399999999999,0.2667,0.2032,0.1803399999999999,0.30988,0.22352,0.2717799999999999,0.26162,0.1397,0.18288
2016-01-24,4.63,1.73,-3.9,0.18796,0.27686,0.21082,0.18796,0.32004,0.2336799999999999,0.27686,0.2717799999999999,0.1473199999999999,0.18796
2016-01-25,0.0,2.54,-6.75,0.19558,0.2920999999999999,0.2209799999999999,0.19812,0.3302,0.2413,0.28702,0.2794,0.14986,0.19304
2016-01-26,0.0,3.38,-9.97,0.19558,0.2920999999999999,0.2209799999999999,0.19812,0.3302,0.2413,0.28702,0.27686,0.14986,0.1905
2016-01-27,0.0,1.85,-9.46,0.19558,0.2920999999999999,0.2209799999999999,0.19812,0.3302,0.2413,0.28702,0.27686,0.14986,0.18796
2016-01-28,0.0,3.35,-7.68,0.19558,0.2946399999999999,0.2209799999999999,0.19812,0.3302,0.2413,0.28956,0.27686,0.14986,0.1905
2016-01-29,8.5,6.64,-5.4,0.19558,0.2946399999999999,0.2209799999999999,0.19812,0.33782,0.2438399999999999,0.2920999999999999,0.2794,0.1523999999999999,0.19304
2016-01-30,10.34,2.76,-6.94,0.2082799999999999,0.30734,0.22606,0.2082799999999999,0.35306,0.24892,0.30734,0.28956,0.15494,0.2032
2016-01-31,0.0,0.23,-8.93,0.2209799999999999,0.33782,0.24892,0.21844,0.38354,0.26162,0.32004,0.30226,0.1676399999999999,0.2209799999999999
2016-02-01,0.0,-1.48,-9.77,0.22352,0.33782,0.254,0.22352,0.38354,0.27432,0.3302,0.31242,0.1676399999999999,0.2209799999999999
2016-02-02,0.0,-2.0,-14.03,0.22606,0.35306,0.26416,0.2311399999999999,0.39624,0.28702,0.34036,0.32512,0.17526,0.2286
2016-02-03,0.0,-0.08,-12.03,0.22606,0.35306,0.26416,0.2311399999999999,0.39624,0.28702,0.34036,0.32766,0.17526,0.2286
2016-02-04,1.58,-2.22,-11.08,0.22606,0.35306,0.26416,0.2311399999999999,0.40132,0.28702,0.34036,0.3302,0.17526,0.2286
2016-02-05,0.0,1.96,-7.23,0.2311399999999999,0.3606799999999999,0.2667,0.23876,0.40386,0.28956,0.3454399999999999,0.33274,0.17526,0.2311399999999999
2016-02-06,0.0,3.0,-7.11,0.2311399999999999,0.3606799999999999,0.2667,0.23876,0.40386,0.28956,0.3454399999999999,0.33274,0.17526,0.2311399999999999
2016-02-07,0.0,3.37,-6.19,0.2311399999999999,0.3606799999999999,0.2667,0.23876,0.40386,0.28956,0.3454399999999999,0.33274,0.17526,0.2311399999999999
2016-02-08,0.0,4.77,-6.02,0.2311399999999999,0.3606799999999999,0.2667,0.23876,0.40386,0.28956,0.3454399999999999,0.33274,0.17526,0.2311399999999999
2016-02-09,0.0,5.5,-5.85,0.2311399999999999,0.3606799999999999,0.2667,0.23876,0.40386,0.28956,0.3454399999999999,0.33274,0.17526,0.2311399999999999
2016-02-10,0.0,4.45,-5.27,0.2311399999999999,0.3606799999999999,0.2667,0.23876,0.40386,0.28956,0.3454399999999999,0.33274,0.17526,0.2311399999999999
2016-02-11,0.0,4.26,-4.37,0.2311399999999999,0.3606799999999999,0.2667,0.23876,0.40386,0.28956,0.3454399999999999,0.33274,0.17526,0.2311399999999999
2016-02-12,0.0,4.2,-3.11,0.2311399999999999,0.3606799999999999,0.2667,0.23876,0.40386,0.28956,0.3454399999999999,0.33274,0.17526,0.2311399999999999
2016-02-13,0.0,4.26,-3.95,0.2311399999999999,0.3606799999999999,0.2667,0.23876,0.40386,0.28956,0.3454399999999999,0.33274,0.17526,0.2311399999999999
2016-02-14,5.64,5.02,-3.42,0.2311399999999999,0.3606799999999999,0.2667,0.23876,0.40386,0.28956,0.3454399999999999,0.33274,0.17526,0.2311399999999999
2016-02-15,0.0,11.36,0.98,0.23876,0.36576,0.2717799999999999,0.2438399999999999,0.40894,0.2971799999999999,0.3606799999999999,0.3454399999999999,0.18288,0.23876
2016-02-16,0.0,13.21,0.29,0.2413,0.36576,0.2717799999999999,0.2438399999999999,0.41402,0.30226,0.37338,0.3454399999999999,0.18288,0.2438399999999999
2016-02-17,5.56,12.94,0.75,0.2413,0.36576,0.2717799999999999,0.2438399999999999,0.41402,0.30226,0.37338,0.3454399999999999,0.18288,0.2438399999999999
2016-02-18,10.67,10.81,0.05,0.2413,0.36576,0.2717799999999999,0.2438399999999999,0.41402,0.30226,0.37338,0.3454399999999999,0.18288,0.2438399999999999
2016-02-19,0.0,11.35,-0.68,0.254,0.38354,0.2794,0.25654,0.4419599999999999,0.3175,0.39116,0.3555999999999999,0.1905,0.25654
2016-02-20,0.0,7.77,-2.67,0.254,0.38354,0.2844799999999999,0.25908,0.4419599999999999,0.3175,0.39116,0.3555999999999999,0.1905,0.25654
2016-02-21,0.0,8.28,-3.33,0.254,0.38354,0.28702,0.25908,0.44704,0.3175,0.39116,0.3555999999999999,0.19304,0.25908
2016-02-22,0.0,6.14,-2.3,0.254,0.38354,0.28702,0.25908,0.44704,0.3175,0.39116,0.3555999999999999,0.19304,0.25908
2016-02-23,0.0,6.72,-4.25,0.254,0.39116,0.28956,0.25908,0.44958,0.32004,0.3987799999999999,0.3581399999999999,0.19304,0.26162
2016-02-24,0.0,8.44,-3.75,0.254,0.39116,0.28702,0.26162,0.44958,0.32004,0.3987799999999999,0.3606799999999999,0.19304,0.26162
2016-02-25,0.0,11.19,-2.73,0.254,0.39116,0.2844799999999999,0.26162,0.44958,0.32004,0.3987799999999999,0.3606799999999999,0.19304,0.26162
2016-02-26,0.0,14.83,-0.86,0.254,0.39116,0.2819399999999999,0.26416,0.44958,0.32004,0.40132,0.3606799999999999,0.1905,0.25908
2016-02-27,0.0,13.82,2.25,0.254,0.39116,0.27686,0.26416,0.44958,0.32004,0.40132,0.3606799999999999,0.18796,0.25654
2016-02-28,0.0,12.13,-0.15,0.254,0.39116,0.27432,0.26416,0.44958,0.32004,0.40132,0.3606799999999999,0.18542,0.25654
2016-02-29,0.0,11.17,0.99,0.254,0.39116,0.27432,0.26416,0.44958,0.32004,0.3987799999999999,0.3606799999999999,0.1777999999999999,0.25654
2016-03-01,0.0,14.8,0.67,0.254,0.39116,0.27432,0.26416,0.44958,0.32004,0.3987799999999999,0.3606799999999999,0.1727199999999999,0.25654
2016-03-02,0.0,13.97,2.76,0.254,0.39116,0.27432,0.26416,0.4445,0.32004,0.3987799999999999,0.3606799999999999,0.1651,0.25654
2016-03-03,0.0,16.97,1.76,0.254,0.39624,0.2794,0.2667,0.4445,0.32004,0.40132,0.3606799999999999,0.16256,0.25654
2016-03-04,0.0,17.84,3.88,0.25146,0.39624,0.2794,0.25654,0.43942,0.30734,0.40132,0.3581399999999999,0.15748,0.25654
2016-03-05,0.0,17.92,5.6,0.2438399999999999,0.39624,0.2794,0.24892,0.4292599999999999,0.3047999999999999,0.40132,0.3454399999999999,0.14986,0.25654
2016-03-06,17.08,14.92,1.8,0.2413,0.39624,0.2819399999999999,0.2463799999999999,0.4241799999999999,0.2971799999999999,0.40132,0.33274,0.1397,0.25654
2016-03-07,6.18,7.86,-0.48,0.2463799999999999,0.40132,0.2844799999999999,0.24892,0.4317999999999999,0.30988,0.4191,0.3352799999999999,0.127,0.25908
2016-03-08,0.0,10.17,-1.11,0.24892,0.4064,0.2946399999999999,0.24892,0.4317999999999999,0.31242,0.42164,0.3352799999999999,0.12446,0.26162
2016-03-09,1.06,10.08,1.44,0.24892,0.40894,0.30226,0.24892,0.4317999999999999,0.31242,0.42164,0.3352799999999999,0.1168399999999999,0.2667
2016-03-10,0.0,18.5,3.6,0.25146,0.41402,0.30734,0.25146,0.43688,0.32258,0.4317999999999999,0.3454399999999999,0.10922,0.26924
2016-03-11,0.0,17.6,4.16,0.25146,0.41402,0.31242,0.25146,0.4419599999999999,0.32258,0.43434,0.3454399999999999,0.1016,0.27432
2016-03-12,0.0,15.23,5.31,0.24892,0.41402,0.31242,0.24892,0.4419599999999999,0.32258,0.43434,0.34036,0.09398,0.26924
2016-03-13,0.0,14.95,3.26,0.2463799999999999,0.41402,0.31242,0.2463799999999999,0.4419599999999999,0.32258,0.43434,0.33782,0.0888999999999999,0.26416
2016-03-14,4.68,10.13,1.32,0.2438399999999999,0.41402,0.31242,0.2438399999999999,0.4419599999999999,0.30988,0.43942,0.32512,0.0609599999999999,0.26162
2016-03-15,1.03,3.52,-0.8,0.25146,0.43434,0.32258,0.24892,0.4622799999999999,0.32512,0.45212,0.34036,0.0635,0.27432
2016-03-16,0.0,9.08,-0.85,0.25908,0.4419599999999999,0.32258,0.254,0.47244,0.33274,0.45974,0.3479799999999999,0.06858,0.27686
2016-03-17,0.0,11.16,0.6,0.25908,0.4419599999999999,0.32258,0.254,0.47752,0.3352799999999999,0.4622799999999999,0.35052,0.06604,0.2794
2016-03-18,0.0,9.68,-1.36,0.25908,0.4419599999999999,0.32258,0.254,0.47752,0.34036,0.46482,0.35052,0.0508,0.2794
2016-03-19,0.0,13.39,-1.49,0.25908,0.4419599999999999,0.32258,0.254,0.47752,0.3429,0.46482,0.35052,0.04064,0.2794
2016-03-20,0.0,20.26,1.61,0.25908,0.43942,0.3175,0.254,0.47752,0.3454399999999999,0.46482,0.35052,0.0304799999999999,0.2794
2016-03-21,0.0,18.57,5.71,0.25146,0.43688,0.30988,0.254,0.4800599999999999,0.3302,0.4622799999999999,0.35052,0.02032,0.27432
2016-03-22,7.82,10.27,1.87,0.24892,0.43688,0.30226,0.25654,0.4800599999999999,0.3175,0.4622799999999999,0.34036,0.0152399999999999,0.26924
2016-03-23,0.0,9.51,0.75,0.26416,0.4622799999999999,0.32766,0.26162,0.49784,0.33782,0.4800599999999999,0.3479799999999999,0.01016,0.27686
2016-03-24,0.0,10.02,0.62,0.2717799999999999,0.4749799999999999,0.33782,0.26924,0.49784,0.34036,0.4800599999999999,0.3479799999999999,0.00508,0.2794
2016-03-25,0.0,8.8,0.51,0.2717799999999999,0.47752,0.3429,0.2717799999999999,0.5003799999999999,0.3429,0.4826,0.3479799999999999,0.00508,0.2819399999999999
2016-03-26,0.0,9.86,-0.69,0.27432,0.4800599999999999,0.3429,0.2717799999999999,0.5003799999999999,0.3454399999999999,0.48514,0.3479799999999999,0.00508,0.2819399999999999
2016-03-27,0.0,15.01,0.59,0.27432,0.4826,0.3429,0.27432,0.5003799999999999,0.3454399999999999,0.48514,0.3479799999999999,0.00508,0.2819399999999999
2016-03-28,15.82,7.61,0.55,0.27432,0.4800599999999999,0.3429,0.27432,0.5054599999999999,0.3454399999999999,0.48514,0.35052,0.00508,0.2819399999999999
2016-03-29,5.49,7.6,1.1,0.28702,0.4927599999999999,0.3454399999999999,0.27686,0.52832,0.3555999999999999,0.52324,0.37338,0.01016,0.3047999999999999
2016-03-30,1.03,8.93,1.5,0.2971799999999999,0.51308,0.35306,0.2844799999999999,0.55118,0.37338,0.53594,0.381,0.0254,0.3175
2016-03-31,3.75,10.8,1.22,0.30226,0.5206999999999999,0.3555999999999999,0.28702,0.5613400000000001,0.37592,0.53594,0.38354,0.02032,0.32004
2016-04-01,0.0,13.57,0.59,0.30226,0.5334,0.3606799999999999,0.2971799999999999,0.5613400000000001,0.37846,0.53848,0.38354,0.0,0.32004
2016-04-02,0.0,16.16,1.93,0.30226,0.5334,0.3606799999999999,0.2946399999999999,0.5613400000000001,0.37592,0.53848,0.381,0.0,0.31496
2016-04-03,0.0,19.78,4.05,0.2971799999999999,0.5308599999999999,0.3606799999999999,0.28956,0.55626,0.3682999999999999,0.53848,0.37592,0.0,0.30988
2016-04-04,0.0,19.31,5.45,0.28956,0.5257799999999999,0.3555999999999999,0.2844799999999999,0.55118,0.3479799999999999,0.53848,0.36322,0.0,0.2971799999999999
2016-04-05,0.0,12.72,2.6,0.2844799999999999,0.52324,0.35306,0.27686,0.53848,0.33274,0.5308599999999999,0.34036,0.0,0.28956
2016-04-06,0.0,16.76,1.95,0.2819399999999999,0.5206999999999999,0.35306,0.27432,0.5308599999999999,0.33274,0.5308599999999999,0.32512,0.0,0.28956
2016-04-07,0.0,21.29,3.08,0.26416,0.51816,0.35306,0.26416,0.51308,0.30988,0.5308599999999999,0.30734,0.0,0.27432
2016-04-08,0.0,23.41,8.65,0.2463799999999999,0.51054,0.35306,0.254,0.4800599999999999,0.28702,0.51816,0.27686,0.0,0.26162
2016-04-09,0.0,19.97,9.67,0.22352,0.5003799999999999,0.3479799999999999,0.2336799999999999,0.45212,0.26416,0.508,0.25146,0.0,0.2438399999999999
2016-04-10,0.0,18.61,8.48,0.21336,0.49022,0.3429,0.21336,0.42672,0.2336799999999999,0.49784,0.21336,0.0,0.22606
2016-04-11,0.0,19.5,7.63,0.2032,0.4749799999999999,0.33782,0.19558,0.41402,0.21082,0.4876799999999999,0.1803399999999999,0.0,0.21082
2016-04-12,0.0,21.5,7.18,0.19812,0.4673599999999999,0.33274,0.18542,0.3937,0.18542,0.4673599999999999,0.15494,0.0,0.19304
2016-04-13,23.03,13.53,6.69,0.1803399999999999,0.4546599999999999,0.32258,0.1676399999999999,0.36576,0.16002,0.4572,0.127,0.0,0.1777999999999999
2016-04-14,21.79,12.14,2.85,0.15748,0.43942,0.30734,0.1523999999999999,0.36576,0.13462,0.4572,0.09144,0.0,0.1676399999999999
2016-04-15,0.0,12.21,1.09,0.15748,0.4546599999999999,0.3175,0.1523999999999999,0.381,0.1422399999999999,0.47244,0.08128,0.0,0.1676399999999999
2016-04-16,0.0,13.39,0.75,0.16256,0.45974,0.31496,0.15494,0.38608,0.14478,0.4749799999999999,0.0838199999999999,0.0,0.1777999999999999
2016-04-17,0.0,14.18,2.79,0.14986,0.45974,0.32258,0.15748,0.38862,0.1397,0.4749799999999999,0.06858,0.0,0.1777999999999999
2016-04-18,0.0,15.43,4.59,0.1422399999999999,0.45974,0.32258,0.14478,0.381,0.13208,0.4673599999999999,0.04572,0.0,0.17018
2016-04-19,0.0,17.51,5.35,0.1422399999999999,0.46482,0.32258,0.13716,0.36322,0.11176,0.4572,0.02032,0.0,0.16002
2016-04-20,0.0,22.15,5.52,0.1422399999999999,0.4572,0.31496,0.127,0.3454399999999999,0.0838199999999999,0.44704,0.00508,0.0,0.14478
2016-04-21,0.0,25.92,7.43,0.1219199999999999,0.45212,0.30226,0.11176,0.32004,0.0508,0.43688,0.0,0.0,0.1219199999999999
2016-04-22,0.0,24.92,10.06,0.09144,0.43434,0.2794,0.0838199999999999,0.28956,0.0177799999999999,0.42672,0.0,0.0,0.1016
2016-04-23,27.02,16.2,6.74,0.06604,0.40894,0.254,0.05588,0.2667,0.0,0.4064,0.0,0.0,0.08128
2016-04-24,3.9,14.99,5.39,0.0761999999999999,0.4191,0.254,0.05334,0.2667,0.0,0.41402,0.00508,0.0,0.06604
2016-04-25,6.59,13.1,5.96,0.08128,0.4191,0.25146,0.0508,0.2667,0.0,0.41402,0.0,0.0,0.0584199999999999
2016-04-26,1.78,14.82,5.0,0.0838199999999999,0.42672,0.25146,0.0508,0.27432,0.0,0.42672,0.0,0.0,0.05588
2016-04-27,3.91,15.89,4.81,0.0888999999999999,0.4445,0.26416,0.0584199999999999,0.2794,0.0,0.4546599999999999,0.0,0.0,0.04826
2016-04-28,2.01,10.49,5.63,0.0838199999999999,0.4445,0.25908,0.05334,0.27432,0.0,0.46482,0.0,0.0,0.0355599999999999
2016-04-29,1.77,13.14,4.31,0.0838199999999999,0.45212,0.26924,0.0635,0.27432,0.0,0.4800599999999999,0.0,0.0,0.0355599999999999
2016-04-30,0.0,15.42,3.88,0.08128,0.4546599999999999,0.2717799999999999,0.0635,0.27432,0.0,0.48514,0.0,0.0,0.03302
2016-05-01,0.0,14.31,6.72,0.0736599999999999,0.45212,0.26416,0.0584199999999999,0.27432,0.0,0.4876799999999999,0.0,0.0,0.02032
2016-05-02,0.0,18.82,5.6,0.0584199999999999,0.44958,0.25908,0.04826,0.27432,0.0,0.4876799999999999,0.0,0.0,0.01016
2016-05-03,0.0,21.33,4.62,0.0355599999999999,0.4419599999999999,0.23876,0.02286,0.25146,0.0,0.48514,0.0,0.0,0.0
2016-05-04,0.0,26.13,6.6,0.0127,0.42672,0.21336,0.0,0.2209799999999999,0.0,0.46482,0.0,0.0,0.0
2016-05-05,0.0,27.57,9.85,0.0,0.40132,0.18288,0.0,0.18542,0.0,0.43434,0.0,0.0,0.0
2016-05-06,6.09,21.2,10.76,0.0,0.37592,0.15748,0.0,0.16002,0.0,0.41402,0.0,0.0,0.0
2016-05-07,4.36,15.12,7.59,0.00508,0.37592,0.1473199999999999,0.0,0.1041399999999999,0.0,0.40386,0.0,0.0,0.0
2016-05-08,13.41,11.82,8.07,0.0,0.37592,0.1422399999999999,0.0,0.09398,0.0,0.4165599999999999,0.0,0.0,0.0
2016-05-09,4.32,18.25,6.39,0.0177799999999999,0.39624,0.15748,0.0076199999999999,0.09144,0.0,0.4292599999999999,0.0,0.0,0.0
2016-05-10,0.0,14.93,2.27,0.00508,0.38354,0.13462,0.0,0.0584199999999999,0.0,0.40894,0.0,0.0,0.0
2016-05-11,0.0,16.74,1.46,0.0,0.381,0.1219199999999999,0.0,0.05588,0.0,0.40132,0.0,0.0,0.0
2016-05-12,0.0,22.29,2.99,0.0,0.37338,0.09144,0.0,0.0254,0.0,0.381,0.0,0.0,0.0
2016-05-13,0.0,27.66,8.41,0.0,0.35306,0.0609599999999999,0.0,0.01016,0.0,0.3555999999999999,0.0,0.0,0.0
2016-05-14,0.0,29.07,10.14,0.0,0.3302,0.0380999999999999,0.0,0.0,0.0,0.32258,0.0,0.0,0.0
2016-05-15,1.11,20.72,10.85,0.0,0.30988,0.0254,0.0,0.0,0.0,0.28702,0.0,0.0,0.0
2016-05-16,0.5,18.06,7.54,0.0,0.3047999999999999,0.0177799999999999,0.0,0.0,0.0,0.2717799999999999,0.0,0.0,0.0
2016-05-17,0.0,18.85,9.43,0.0,0.32258,0.0127,0.0,0.0,0.0,0.2717799999999999,0.0,0.0,0.0
2016-05-18,0.0,23.1,8.33,0.0,0.3175,0.0076199999999999,0.0,0.0,0.0,0.25908,0.0,0.0,0.0
2016-05-19,15.41,25.6,9.78,0.0,0.30734,0.00508,0.0,0.0,0.0,0.2438399999999999,0.0,0.0,0.0
2016-05-20,5.64,21.48,8.12,0.0,0.2819399999999999,0.0,0.0,0.0,0.0,0.2158999999999999,0.0,0.0,0.0
2016-05-21,11.16,19.29,7.01,0.0,0.25146,0.0,0.0,0.0,0.0,0.18796,0.0,0.0,0.0
2016-05-22,4.36,17.46,5.97,0.0,0.24892,0.0,0.0,0.0,0.0,0.18796,0.0,0.0,0.0
2016-05-23,0.0,20.04,3.78,0.0,0.2463799999999999,0.0,0.0,0.0,0.0,0.1905,0.0,0.0,0.0
2016-05-24,0.94,19.44,7.81,0.0,0.2413,0.0,0.0,0.0,0.0,0.17018,0.0,0.0,0.0
2016-05-25,0.0,18.96,7.53,0.0,0.2311399999999999,0.0,0.0,0.0,0.0,0.15748,0.0,0.0,0.0
2016-05-26,0.0,20.81,6.23,0.0,0.21336,0.0,0.0,0.0,0.0,0.1397,0.0,0.0,0.0
2016-05-27,0.0,21.04,7.4,0.0,0.19558,0.0,0.0,0.0,0.0,0.127,0.0,0.0,0.0
2016-05-28,0.0,21.99,8.52,0.0,0.17526,0.0,0.0,0.0,0.0,0.10668,0.0,0.0,0.0
2016-05-29,2.45,26.1,9.44,0.0,0.14986,0.0,0.0,0.0,0.0,0.0838199999999999,0.0,0.0,0.0
2016-05-30,0.0,23.58,10.23,0.0,0.12446,0.0,0.0,0.0,0.0,0.0508,0.0,0.0,0.0
2016-05-31,0.0,24.12,7.72,0.0,0.09144,0.0,0.0,0.0,0.0,0.0152399999999999,0.0,0.0,0.0
2016-06-01,0.0,26.08,9.98,0.0,0.0609599999999999,0.0,0.0,0.0,0.0,0.0,0.0,0.0,0.0
2016-06-02,0.0,28.44,10.95,0.0,0.02286,0.0,0.0,0.0,0.0,0.0,0.0,0.0,0.0
2016-06-03,0.0,27.53,10.07,0.0,0.0,0.0,0.0,0.0,0.0,0.0,0.0,0.0,0.0
2016-06-04,0.0,30.9,12.68,0.0,0.0,0.0,0.0,0.0,0.0,0.0,0.0,0.0,0.0
2016-06-05,0.0,32.39,13.98,0.0,0.0,0.0,0.0,0.0,0.0,0.0,0.0,0.0,0.0
2016-06-06,0.0,32.81,17.93,0.0,0.0,0.0,0.0,0.0,0.0,0.0,0.0,0.0,0.0
2016-06-07,0.0,30.38,16.62,0.0,0.0,0.0,0.0,0.0,0.0,0.0,0.0,0.0,0.0
2016-06-08,0.0,32.29,16.24,0.0,0.0,0.0,0.0,0.0,0.0,0.0,0.0,0.0,0.0
2016-06-09,0.0,32.42,17.45,0.0,0.0,0.0,0.0,0.0,0.0,0.0,0.0,0.0,0.0
2016-06-10,0.0,31.79,14.45,0.0,0.0,0.0,0.0,0.0,0.0,0.0,0.0,0.0,0.0
2016-06-11,9.3,24.69,11.91,0.0,0.0,0.0,0.0,0.0,0.0,0.0,0.0,0.0,0.0
2016-06-12,0.0,24.13,10.1,0.0,0.0,0.0,0.0,0.0,0.0,0.0,0.0,0.0,0.0
2016-06-13,1.0,22.91,11.0,0.0,0.0,0.0,0.0,0.0,0.0,0.0,0.0,0.0,0.0
2016-06-14,0.0,26.76,10.01,0.0,0.0,0.0,0.0,0.0,0.0,0.0,0.0,0.0,0.0
2016-06-15,0.0,29.56,11.63,0.0,0.0,0.0,0.0,0.0,0.0,0.0,0.0,0.0,0.0
2016-06-16,0.0,23.37,10.85,0.0,0.0,0.0,0.0,0.0,0.0,0.0,0.0,0.0,0.0
2016-06-17,0.0,28.99,8.91,0.0,0.0,0.0,0.0,0.0,0.0,0.0,0.0,0.0,0.0
2016-06-18,0.0,32.02,14.93,0.0,0.0,0.0,0.0,0.0,0.0,0.0,0.0,0.0,0.0
2016-06-19,0.0,29.09,11.62,0.0,0.0,0.0,0.0,0.0,0.0,0.0,0.0,0.0,0.0
2016-06-20,0.0,34.43,13.01,0.0,0.0,0.0,0.0,0.0,0.0,0.0,0.0,0.0,0.0
2016-06-21,0.0,32.94,16.23,0.0,0.0,0.0,0.0,0.0,0.0,0.0,0.0,0.0,0.0
2016-06-22,0.0,33.69,14.09,0.0,0.0,0.0,0.0,0.0,0.0,0.0,0.0,0.0,0.0
2016-06-23,0.0,33.64,16.62,0.0,0.0,0.0,0.0,0.0,0.0,0.0,0.0,0.0,0.0
2016-06-24,0.0,30.34,13.72,0.0,0.0,0.0,0.0,0.0,0.0,0.0,0.0,0.0,0.0
2016-06-25,0.0,26.01,10.0,0.0,0.0,0.0,0.0,0.0,0.0,0.0,0.0,0.0,0.0
2016-06-26,0.0,30.55,9.22,0.0,0.0,0.0,0.0,0.0,0.0,0.0,0.0,0.0,0.0
2016-06-27,0.0,36.04,14.53,0.0,0.0,0.0,0.0,0.0,0.0,0.0,0.0,0.0,0.0
2016-06-28,0.0,36.26,17.08,0.0,0.0,0.0,0.0,0.0,0.0,0.0,0.0,0.0,0.0
2016-06-29,0.0,34.34,17.98,0.0,0.0,0.0,0.0,0.0,0.0,0.0,0.0,0.0,0.0
2016-06-30,0.0,30.64,17.68,0.0,0.0,0.0,0.0,0.0,0.0,0.0,0.0,0.0,0.0
2016-07-01,0.0,31.17,17.09,0.0,0.0,0.0,0.0,0.0,0.0,0.0,0.0,0.0,0.0
2016-07-02,0.0,30.78,15.51,0.0,0.0,0.0,0.0,0.0,0.0,0.0,0.0,0.0,0.0
2016-07-03,0.0,32.38,14.81,0.0,0.0,0.0,0.0,0.0,0.0,0.0,0.0,0.0,0.0
2016-07-04,0.0,33.89,17.25,0.0,0.0,0.0,0.0,0.0,0.0,0.0,0.0,0.0,0.0
2016-07-05,0.0,31.45,16.41,0.0,0.0,0.0,0.0,0.0,0.0,0.0,0.0,0.0,0.0
2016-07-06,0.0,29.55,14.25,0.0,0.0,0.0,0.0,0.0,0.0,0.0,0.0,0.0,0.0
2016-07-07,0.0,30.42,12.57,0.0,0.0,0.0,0.0,0.0,0.0,0.0,0.0,0.0,0.0
2016-07-08,0.0,35.37,16.67,0.0,0.0,0.0,0.0,0.0,0.0,0.0,0.0,0.0,0.0
2016-07-09,0.0,33.88,17.75,0.0,0.0,0.0,0.0,0.0,0.0,0.0,0.0,0.0,0.0
2016-07-10,0.0,28.81,12.75,0.0,0.0,0.0,0.0,0.0,0.0,0.0,0.0,0.0,0.0
2016-07-11,0.0,23.25,8.34,0.0,0.0,0.0,0.0,0.0,0.0,0.0,0.0,0.0,0.0
2016-07-12,0.0,28.86,9.77,0.0,0.0,0.0,0.0,0.0,0.0,0.0,0.0,0.0,0.0
2016-07-13,0.0,30.01,10.94,0.0,0.0,0.0,0.0,0.0,0.0,0.0,0.0,0.0,0.0
2016-07-14,0.0,32.22,12.89,0.0,0.0,0.0,0.0,0.0,0.0,0.0,0.0,0.0,0.0
2016-07-15,0.0,34.9,15.87,0.0,0.0,0.0,0.0,0.0,0.0,0.0,0.0,0.0,0.0
2016-07-16,0.0,32.09,16.35,0.0,0.0,0.0,0.0,0.0,0.0,0.0,0.0,0.0,0.0
2016-07-17,0.0,31.53,14.11,0.0,0.0,0.0,0.0,0.0,0.0,0.0,0.0,0.0,0.0
2016-07-18,0.0,34.96,18.39,0.0,0.0,0.0,0.0,0.0,0.0,0.0,0.0,0.0,0.0
2016-07-19,0.0,35.48,20.78,0.0,0.0,0.0,0.0,0.0,0.0,0.0,0.0,0.0,0.0
2016-07-20,0.0,35.53,21.47,0.0,0.0,0.0,0.0,0.0,0.0,0.0,0.0,0.0,0.0
2016-07-21,0.0,36.0,18.39,0.0,0.0,0.0,0.0,0.0,0.0,0.0,0.0,0.0,0.0
2016-07-22,0.0,36.37,19.78,0.0,0.0,0.0,0.0,0.0,0.0,0.0,0.0,0.0,0.0
2016-07-23,0.0,32.68,15.58,0.0,0.0,0.0,0.0,0.0,0.0,0.0,0.0,0.0,0.0
2016-07-24,0.0,33.64,14.48,0.0,0.0,0.0,0.0,0.0,0.0,0.0,0.0,0.0,0.0
2016-07-25,0.0,36.12,17.14,0.0,0.0,0.0,0.0,0.0,0.0,0.0,0.0,0.0,0.0
2016-07-26,0.0,36.8,19.19,0.0,0.0,0.0,0.0,0.0,0.0,0.0,0.0,0.0,0.0
2016-07-27,0.0,35.73,17.25,0.0,0.0,0.0,0.0,0.0,0.0,0.0,0.0,0.0,0.0
2016-07-28,0.0,36.11,17.32,0.0,0.0,0.0,0.0,0.0,0.0,0.0,0.0,0.0,0.0
2016-07-29,0.0,36.42,18.79,0.0,0.0,0.0,0.0,0.0,0.0,0.0,0.0,0.0,0.0
2016-07-30,0.0,35.58,19.95,0.0,0.0,0.0,0.0,0.0,0.0,0.0,0.0,0.0,0.0
2016-07-31,0.0,34.23,18.75,0.0,0.0,0.0,0.0,0.0,0.0,0.0,0.0,0.0,0.0
2016-08-01,0.0,35.47,19.38,0.0,0.0,0.0,0.0,0.0,0.0,0.0,0.0,0.0,0.0
2016-08-02,0.0,36.41,19.03,0.0,0.0,0.0,0.0,0.0,0.0,0.0,0.0,0.0,0.0
2016-08-03,0.0,32.43,18.37,0.0,0.0,0.0,0.0,0.0,0.0,0.0,0.0,0.0,0.0
2016-08-04,0.0,31.47,12.09,0.0,0.0,0.0,0.0,0.0,0.0,0.0,0.0,0.0,0.0
2016-08-05,0.0,30.15,15.21,0.0,0.0,0.0,0.0,0.0,0.0,0.0,0.0,0.0,0.0
2016-08-06,0.0,32.67,16.11,0.0,0.0,0.0,0.0,0.0,0.0,0.0,0.0,0.0,0.0
2016-08-07,4.2,32.61,18.17,0.0,0.0,0.0,0.0,0.0,0.0,0.0,0.0,0.0,0.0
2016-08-08,0.0,33.13,16.23,0.0,0.0,0.0,0.0,0.0,0.0,0.0,0.0,0.0,0.0
2016-08-09,0.0,32.81,16.56,0.0,0.0,0.0,0.0,0.0,0.0,0.0,0.0,0.0,0.0
2016-08-10,2.71,28.97,13.59,0.0,0.0,0.0,0.0,0.0,0.0,0.0,0.0,0.0,0.0
2016-08-11,0.0,27.62,12.57,0.0,0.0,0.0,0.0,0.0,0.0,0.0,0.0,0.0,0.0
2016-08-12,0.0,29.69,12.75,0.0,0.0,0.0,0.0,0.0,0.0,0.0,0.0,0.0,0.0
2016-08-13,0.0,32.3,14.19,0.0,0.0,0.0,0.0,0.0,0.0,0.0,0.0,0.0,0.0
2016-08-14,0.0,34.41,15.27,0.0,0.0,0.0,0.0,0.0,0.0,0.0,0.0,0.0,0.0
2016-08-15,0.0,34.57,17.44,0.0,0.0,0.0,0.0,0.0,0.0,0.0,0.0,0.0,0.0
2016-08-16,0.0,33.02,14.79,0.0,0.0,0.0,0.0,0.0,0.0,0.0,0.0,0.0,0.0
2016-08-17,0.0,32.33,16.61,0.0,0.0,0.0,0.0,0.0,0.0,0.0,0.0,0.0,0.0
2016-08-18,0.0,30.1,16.74,0.0,0.0,0.0,0.0,0.0,0.0,0.0,0.0,0.0,0.0
2016-08-19,0.0,31.39,16.52,0.0,0.0,0.0,0.0,0.0,0.0,0.0,0.0,0.0,0.0
2016-08-20,0.0,30.57,15.47,0.0,0.0,0.0,0.0,0.0,0.0,0.0,0.0,0.0,0.0
2016-08-21,0.0,32.03,14.52,0.0,0.0,0.0,0.0,0.0,0.0,0.0,0.0,0.0,0.0
2016-08-22,0.0,30.75,14.22,0.0,0.0,0.0,0.0,0.0,0.0,0.0,0.0,0.0,0.0
2016-08-23,0.0,29.82,14.75,0.0,0.0,0.0,0.0,0.0,0.0,0.0,0.0,0.0,0.0
2016-08-24,0.0,25.58,10.76,0.0,0.0,0.0,0.0,0.0,0.0,0.0,0.0,0.0,0.0
2016-08-25,0.0,27.15,10.11,0.0,0.0,0.0,0.0,0.0,0.0,0.0,0.0,0.0,0.0
2016-08-26,0.0,27.14,12.12,0.0,0.0,0.0,0.0,0.0,0.0,0.0,0.0,0.0,0.0
2016-08-27,0.0,29.81,13.68,0.0,0.0,0.0,0.0,0.0,0.0,0.0,0.0,0.0,0.0
2016-08-28,0.0,31.59,13.66,0.0,0.0,0.0,0.0,0.0,0.0,0.0,0.0,0.0,0.0
2016-08-29,0.0,32.72,14.25,0.0,0.0,0.0,0.0,0.0,0.0,0.0,0.0,0.0,0.0
2016-08-30,0.0,33.89,13.8,0.0,0.0,0.0,0.0,0.0,0.0,0.0,0.0,0.0,0.0
2016-08-31,0.0,33.93,16.56,0.0,0.0,0.0,0.0,0.0,0.0,0.0,0.0,0.0,0.0
2016-09-01,4.63,31.6,16.08,0.0,0.0,0.0,0.0,0.0,0.0,0.0,0.0,0.0,0.0
2016-09-02,0.0,31.86,16.91,0.0,0.0,0.0,0.0,0.0,0.0,0.0,0.0,0.0,0.0
2016-09-03,0.0,27.87,13.71,0.0,0.0,0.0,0.0,0.0,0.0,0.0,0.0,0.0,0.0
2016-09-04,0.73,23.77,11.96,0.0,0.0,0.0,0.0,0.0,0.0,0.0,0.0,0.0,0.0
2016-09-05,0.0,22.86,8.06,0.0,0.0,0.0,0.0,0.0,0.0,0.0,0.0,0.0,0.0
2016-09-06,0.0,25.26,8.51,0.0,0.0,0.0,0.0,0.0,0.0,0.0,0.0,0.0,0.0
2016-09-07,0.0,26.54,10.79,0.0,0.0,0.0,0.0,0.0,0.0,0.0,0.0,0.0,0.0
2016-09-08,0.0,24.26,10.56,0.0,0.0,0.0,0.0,0.0,0.0,0.0,0.0,0.0,0.0
2016-09-09,0.0,23.86,9.28,0.0,0.0,0.0,0.0,0.0,0.0,0.0,0.0,0.0,0.0
2016-09-10,0.0,26.68,7.25,0.0,0.0,0.0,0.0,0.0,0.0,0.0,0.0,0.0,0.0
2016-09-11,0.0,29.64,9.38,0.0,0.0,0.0,0.0,0.0,0.0,0.0,0.0,0.0,0.0
2016-09-12,0.0,27.16,11.1,0.0,0.0,0.0,0.0,0.0,0.0,0.0,0.0,0.0,0.0
2016-09-13,6.69,26.0,9.93,0.0,0.0,0.0,0.0,0.0,0.0,0.0,0.0,0.0,0.0
2016-09-14,8.54,19.89,9.76,0.0,0.0,0.0,0.0,0.0,0.0,0.0,0.0,0.0,0.0
2016-09-15,0.0,18.19,9.06,0.0,0.0,0.0,0.0,0.0,0.0,0.0,0.0,0.0,0.0
2016-09-16,0.0,21.69,8.25,0.0,0.0,0.0,0.0,0.0,0.0,0.0,0.0,0.0,0.0
2016-09-17,0.0,24.43,9.09,0.0,0.0,0.0,0.0,0.0,0.0,0.0,0.0,0.0,0.0
2016-09-18,0.0,28.07,11.34,0.0,0.0,0.0,0.0,0.0,0.0,0.0,0.0,0.0,0.0
2016-09-19,0.0,31.26,13.67,0.0,0.0,0.0,0.0,0.0,0.0,0.0,0.0,0.0,0.0
2016-09-20,0.0,30.94,14.54,0.0,0.0,0.0,0.0,0.0,0.0,0.0,0.0,0.0,0.0
2016-09-21,2.44,27.8,13.19,0.0,0.0,0.0,0.0,0.0,0.0,0.0,0.0,0.0,0.0
2016-09-22,29.17,24.68,9.67,0.0,0.0,0.0,0.0,0.0,0.0,0.0,0.0,0.0,0.0
2016-09-23,40.91,11.21,6.7,0.0127,0.0127,0.0,0.0,0.0076199999999999,0.0,0.00254,0.0,0.0,0.0
2016-09-24,0.0,16.24,6.13,0.00254,0.01016,0.0,0.00254,0.0127,0.00254,0.0,0.00254,0.0,0.00508
2016-09-25,0.0,18.65,5.03,0.02286,0.0254,0.0152399999999999,0.0152399999999999,0.0177799999999999,0.0,0.0,0.0,0.0,0.0
2016-09-26,0.0,21.72,6.14,0.0076199999999999,0.0177799999999999,0.00508,0.00508,0.0076199999999999,0.0,0.0,0.0,0.0,0.0
2016-09-27,0.0,24.37,8.12,0.0,0.0076199999999999,0.0,0.0,0.0,0.0,0.0,0.0,0.0,0.0
2016-09-28,0.61,27.54,10.7,0.0,0.0,0.0,0.0,0.0,0.0,0.0,0.0,0.0,0.0
2016-09-29,0.61,24.42,12.32,0.0,0.0,0.0,0.0,0.0,0.0,0.0,0.0,0.0,0.0
2016-09-30,0.0,25.22,12.71,0.0,0.0,0.0,0.0,0.0,0.0,0.0,0.0,0.0,0.0
2016-10-01,2.42,24.65,12.39,0.0,0.0,0.0,0.0,0.0,0.0,0.0,0.0,0.0,0.0
2016-10-02,0.0,24.79,12.98,0.0,0.0,0.0,0.0,0.0,0.0,0.0,0.0,0.0,0.0
2016-10-03,3.01,17.88,6.05,0.0,0.0,0.0,0.0,0.0,0.0,0.0,0.0,0.0,0.0
2016-10-04,0.0,15.57,4.35,0.00508,0.01016,0.00254,0.0,0.00254,0.01016,0.00254,0.01016,0.0,0.0
2016-10-05,0.0,15.02,3.45,0.0,0.00508,0.0,0.0,0.0,0.00508,0.00254,0.01016,0.0,0.0
2016-10-06,0.0,14.49,2.12,0.0,0.0076199999999999,0.00508,0.0,0.0,0.0076199999999999,0.00508,0.00508,0.0,0.0
2016-10-07,0.0,18.42,2.74,0.0,0.0076199999999999,0.00508,0.0,0.0,0.0,0.0,0.00254,0.0,0.0
2016-10-08,0.0,20.45,4.48,0.0,0.00508,0.00254,0.0,0.0,0.0,0.0,0.0,0.0,0.0
2016-10-09,0.0,23.5,6.55,0.0,0.00254,0.0,0.0,0.0,0.0,0.0,0.0,0.0,0.0
2016-10-10,0.0,24.66,9.41,0.0,0.0,0.0,0.0,0.0,0.0,0.0,0.0,0.0,0.0
2016-10-11,0.0,20.08,7.89,0.0,0.0,0.0,0.0,0.0,0.0,0.0,0.0,0.0,0.0
2016-10-12,0.0,19.62,4.06,0.0,0.0,0.0,0.0,0.0,0.0,0.0,0.0,0.0,0.0
2016-10-13,0.0,21.9,5.88,0.0,0.0,0.0,0.0,0.0,0.0,0.0,0.0,0.0,0.0
2016-10-14,0.0,21.81,10.04,0.0,0.0,0.0,0.0,0.0,0.0,0.0,0.0,0.0,0.0
2016-10-15,0.0,23.68,12.11,0.0,0.0,0.0,0.0,0.0,0.0,0.0,0.0,0.0,0.0
2016-10-16,9.39,19.21,8.46,0.0,0.0,0.0,0.0,0.0,0.0,0.0,0.0,0.0,0.0
2016-10-17,7.13,14.17,5.19,0.0,0.0,0.0,0.0,0.00508,0.0,0.0,0.0,0.0,0.0
2016-10-18,1.16,14.28,2.72,0.0,0.0127,0.01016,0.0,0.0304799999999999,0.0,0.0,0.00508,0.0,0.0
2016-10-19,0.0,13.02,2.17,0.0,0.0127,0.01016,0.0,0.03302,0.00254,0.0,0.00508,0.0,0.0
2016-10-20,0.0,15.8,0.54,0.0,0.0127,0.00508,0.0,0.0304799999999999,0.00254,0.0,0.0076199999999999,0.0,0.0
2016-10-21,0.0,17.87,2.3,0.0,0.01016,0.00254,0.0,0.0254,0.0,0.0,0.00254,0.0,0.0
2016-10-22,0.0,21.85,5.95,0.0,0.00508,0.0,0.0,0.0177799999999999,0.0,0.0,0.0,0.0,0.0
2016-10-23,0.0,21.8,8.7,0.0,0.0,0.0,0.0,0.0076199999999999,0.0,0.0,0.0,0.0,0.0
2016-10-24,2.95,18.18,11.22,0.0,0.0,0.0,0.0,0.0,0.0,0.0,0.0,0.0,0.0
2016-10-25,0.0,20.23,10.2,0.0,0.0,0.0,0.0,0.0,0.0,0.0,0.0,0.0,0.0
2016-10-26,0.0,21.6,7.71,0.0,0.0,0.0,0.0,0.0,0.0,0.0,0.0,0.0,0.0
2016-10-27,0.0,23.7,9.12,0.0,0.0,0.0,0.0,0.0,0.0,0.0,0.0,0.0,0.0
2016-10-28,7.31,20.24,9.86,0.0,0.0,0.0,0.0,0.0,0.0,0.0,0.0,0.0,0.0
2016-10-29,0.0,20.25,10.74,0.0,0.0,0.0,0.0,0.0,0.0,0.0,0.0,0.0,0.0
2016-10-30,5.65,21.15,10.92,0.0,0.0,0.0,0.0,0.0,0.0,0.0,0.0,0.0,0.0
2016-10-31,4.91,16.63,6.54,0.0,0.0,0.0,0.0,0.0,0.0,0.0,0.0,0.0,0.0
2016-11-01,3.35,12.27,3.5,0.0,0.0076199999999999,0.0076199999999999,0.0,0.0,0.0,0.0,0.0,0.0,0.0
2016-11-02,0.0,11.9,1.51,0.0,0.0152399999999999,0.01016,0.0,0.0,0.0,0.0,0.0,0.0,0.0
2016-11-03,0.0,13.15,1.41,0.0,0.0152399999999999,0.01016,0.0,0.0,0.0,0.0,0.0,0.0,0.0
2016-11-04,0.0,16.19,2.22,0.0,0.0127,0.00508,0.0,0.0,0.0,0.0,0.0,0.0,0.0
2016-11-05,0.0,17.38,2.83,0.0,0.0076199999999999,0.0,0.0,0.0,0.0,0.0,0.0,0.0,0.0
2016-11-06,0.0,19.11,4.02,0.0,0.00254,0.0,0.0,0.0,0.0,0.0,0.0,0.0,0.0
2016-11-07,0.0,18.16,3.66,0.0,0.0,0.0,0.0,0.0,0.0,0.0,0.0,0.0,0.0
2016-11-08,0.0,17.2,3.45,0.0,0.0,0.0,0.0,0.0,0.0,0.0,0.0,0.0,0.0
2016-11-09,0.0,18.15,4.04,0.0,0.0,0.0,0.0,0.0,0.0,0.0,0.0,0.0,0.0
2016-11-10,0.0,16.84,4.0,0.0,0.0,0.0,0.0,0.0,0.0,0.0,0.0,0.0,0.0
2016-11-11,0.0,15.96,3.91,0.0,0.0,0.0,0.0,0.0,0.0,0.0,0.0,0.0,0.0
2016-11-12,0.0,18.35,4.99,0.0,0.0,0.0,0.0,0.0,0.0,0.0,0.0,0.0,0.0
2016-11-13,0.0,17.13,4.43,0.0,0.0,0.0,0.0,0.0,0.0,0.0,0.0,0.0,0.0
2016-11-14,0.0,18.65,4.45,0.0,0.0,0.0,0.0,0.0,0.0,0.0,0.0,0.0,0.0
2016-11-15,0.0,19.99,5.15,0.0,0.0,0.0,0.0,0.0,0.0,0.0,0.0,0.0,0.0
2016-11-16,3.0,12.05,0.93,0.0,0.0,0.0,0.0,0.0,0.0,0.0,0.0,0.0,0.0
2016-11-17,3.19,3.73,-2.58,0.0,0.0,0.0,0.0,0.0,0.0,0.0,0.0,0.0,0.0
2016-11-18,0.0,5.84,-5.74,0.0,0.01016,0.00508,0.00508,0.00508,0.01016,0.00508,0.00508,0.0,0.00254
2016-11-19,0.0,15.15,-1.26,0.00254,0.0076199999999999,0.00508,0.00508,0.00508,0.01016,0.00508,0.00508,0.0,0.00254
2016-11-20,9.05,18.32,4.75,0.00254,0.00508,0.00254,0.00508,0.00254,0.0076199999999999,0.00254,0.00254,0.0,0.00254
2016-11-21,16.9,9.85,3.73,0.00254,0.00508,0.00254,0.00508,0.00254,0.00254,0.00254,0.0,0.0,0.00254
2016-11-22,0.0,8.0,-0.88,0.0127,0.02286,0.0152399999999999,0.01016,0.0152399999999999,0.02032,0.02032,0.02032,0.0076199999999999,0.01016
2016-11-23,7.49,9.82,-2.1,0.0152399999999999,0.02794,0.0152399999999999,0.01016,0.0152399999999999,0.02032,0.02032,0.02032,0.0076199999999999,0.01016
2016-11-24,0.0,6.07,-3.22,0.02286,0.04572,0.0254,0.0127,0.02286,0.04064,0.03302,0.04064,0.01016,0.0152399999999999
2016-11-25,0.0,10.0,-2.55,0.02286,0.04572,0.0254,0.0127,0.02286,0.04064,0.03302,0.04064,0.01016,0.0152399999999999
2016-11-26,1.97,12.32,-0.34,0.02032,0.04572,0.0431799999999999,0.0127,0.02286,0.04064,0.03302,0.04064,0.01016,0.0152399999999999
2016-11-27,5.79,6.23,0.19,0.0254,0.04572,0.04572,0.0177799999999999,0.0254,0.0431799999999999,0.04064,0.04064,0.01016,0.0177799999999999
2016-11-28,14.0,1.31,-2.64,0.0355599999999999,0.0609599999999999,0.05334,0.02286,0.0355599999999999,0.0609599999999999,0.0609599999999999,0.0584199999999999,0.0177799999999999,0.0254
2016-11-29,0.0,2.84,-6.45,0.0431799999999999,0.1016,0.0635,0.0355599999999999,0.05588,0.0863599999999999,0.0761999999999999,0.0838199999999999,0.0254,0.0355599999999999
2016-11-30,0.0,1.98,-5.95,0.0431799999999999,0.1016,0.06604,0.0355599999999999,0.05588,0.0863599999999999,0.0761999999999999,0.0838199999999999,0.0254,0.0355599999999999
2016-12-01,1.3,1.89,-5.17,0.04572,0.1016,0.06604,0.0355599999999999,0.05588,0.0863599999999999,0.0761999999999999,0.0838199999999999,0.0254,0.0355599999999999
2016-12-02,0.0,2.09,-7.43,0.04572,0.1016,0.06604,0.0355599999999999,0.05588,0.0863599999999999,0.0761999999999999,0.0838199999999999,0.0254,0.0355599999999999
2016-12-03,0.0,0.92,-6.04,0.04572,0.1016,0.06604,0.0355599999999999,0.05588,0.0863599999999999,0.0761999999999999,0.0838199999999999,0.0254,0.0355599999999999
2016-12-04,0.0,6.11,-5.89,0.04572,0.1016,0.06604,0.0355599999999999,0.05588,0.0863599999999999,0.0761999999999999,0.0863599999999999,0.0254,0.0355599999999999
2016-12-05,0.0,4.81,-7.6,0.04572,0.1143,0.0711199999999999,0.0380999999999999,0.0609599999999999,0.0888999999999999,0.0761999999999999,0.0863599999999999,0.02794,0.0355599999999999
2016-12-06,0.0,-1.87,-10.63,0.04572,0.11938,0.0736599999999999,0.0380999999999999,0.0609599999999999,0.0888999999999999,0.08128,0.0863599999999999,0.02794,0.0355599999999999
2016-12-07,0.0,-1.84,-10.77,0.04572,0.12446,0.07874,0.0380999999999999,0.0609599999999999,0.0888999999999999,0.08128,0.0863599999999999,0.02794,0.0355599999999999
2016-12-08,4.67,-0.48,-11.15,0.04572,0.12446,0.07874,0.0380999999999999,0.0609599999999999,0.0888999999999999,0.08128,0.0863599999999999,0.02794,0.0355599999999999
2016-12-09,3.14,6.26,-3.38,0.05588,0.12954,0.08128,0.0508,0.0711199999999999,0.09144,0.09398,0.09652,0.0355599999999999,0.0355599999999999
2016-12-10,39.09,7.27,-0.04,0.0635,0.13462,0.0838199999999999,0.0609599999999999,0.09398,0.09652,0.09906,0.10668,0.0431799999999999,0.05588
2016-12-11,0.0,5.53,-1.14,0.09652,0.17526,0.10668,0.09144,0.15494,0.127,0.13462,0.14986,0.0736599999999999,0.09144
2016-12-12,0.0,4.65,-4.85,0.09652,0.1803399999999999,0.11176,0.09398,0.1651,0.12954,0.13716,0.15494,0.0761999999999999,0.09398
2016-12-13,0.0,3.0,-5.15,0.09652,0.1803399999999999,0.11176,0.09398,0.1651,0.12954,0.13716,0.15494,0.0761999999999999,0.09398
2016-12-14,8.75,3.15,-2.76,0.09652,0.1803399999999999,0.11176,0.09398,0.1651,0.12954,0.13716,0.15494,0.0761999999999999,0.09398
2016-12-15,10.23,10.17,0.36,0.10922,0.19304,0.1219199999999999,0.1041399999999999,0.17526,0.13208,0.14478,0.16256,0.0863599999999999,0.10668
2016-12-16,23.18,8.38,-2.87,0.10922,0.19812,0.1219199999999999,0.1016,0.18796,0.13462,0.1523999999999999,0.1651,0.09144,0.11176
2016-12-17,0.0,-3.93,-10.14,0.1422399999999999,0.2438399999999999,0.127,0.11938,0.2209799999999999,0.16002,0.1727199999999999,0.18542,0.09652,0.12954
2016-12-18,0.0,-4.61,-13.0,0.1422399999999999,0.2438399999999999,0.127,0.11938,0.2209799999999999,0.16002,0.1727199999999999,0.18542,0.09652,0.12954
2016-12-19,0.0,-1.72,-13.5,0.1422399999999999,0.2438399999999999,0.127,0.11938,0.2209799999999999,0.16002,0.1727199999999999,0.18542,0.09652,0.12954
2016-12-20,0.0,4.24,-6.71,0.14478,0.2463799999999999,0.12954,0.127,0.22352,0.16256,0.1777999999999999,0.1905,0.09652,0.12954
2016-12-21,0.0,2.45,-5.18,0.14478,0.2463799999999999,0.12954,0.127,0.22352,0.16256,0.1777999999999999,0.1905,0.09652,0.12954
2016-12-22,0.0,1.2,-6.84,0.1473199999999999,0.2463799999999999,0.12954,0.127,0.22352,0.16256,0.1777999999999999,0.1905,0.09652,0.12954
2016-12-23,3.85,3.43,-6.65,0.1473199999999999,0.2463799999999999,0.12954,0.127,0.22352,0.16256,0.1777999999999999,0.1905,0.09652,0.12954
2016-12-24,11.85,5.47,-3.74,0.1473199999999999,0.2463799999999999,0.12954,0.127,0.22606,0.16256,0.1905,0.1905,0.09652,0.13462
2016-12-25,8.14,-1.05,-7.86,0.16256,0.254,0.13462,0.12954,0.2311399999999999,0.1676399999999999,0.21844,0.20066,0.09652,0.13716
2016-12-26,0.0,-2.51,-12.03,0.1676399999999999,0.26162,0.1422399999999999,0.13716,0.2463799999999999,0.18542,0.2209799999999999,0.21082,0.1016,0.1422399999999999
2016-12-27,0.0,-2.13,-13.43,0.1676399999999999,0.26162,0.1422399999999999,0.13716,0.2463799999999999,0.18542,0.2209799999999999,0.21082,0.1016,0.1422399999999999
2016-12-28,0.0,1.39,-9.24,0.1676399999999999,0.26162,0.1422399999999999,0.1397,0.2463799999999999,0.18542,0.22352,0.21082,0.1041399999999999,0.14478
2016-12-29,0.0,0.95,-10.46,0.1676399999999999,0.26416,0.14478,0.1397,0.2463799999999999,0.18542,0.22352,0.21082,0.1041399999999999,0.14478
2016-12-30,0.0,-0.66,-9.17,0.1676399999999999,0.26416,0.14478,0.1397,0.2463799999999999,0.18542,0.22352,0.21082,0.1041399999999999,0.14478
2016-12-31,,,,0.1676399999999999,0.26416,0.14478,0.1397,0.2463799999999999,0.18542,0.22352,0.21082,0.1041399999999999,0.14478
2017-01-01,7.78,-3.23,-10.98,0.1676399999999999,0.26416,0.14478,0.1397,0.2463799999999999,0.18542,0.22352,0.21082,0.1041399999999999,0.14478
2017-01-02,3.86,-0.61,-11.31,0.17018,0.26924,0.1473199999999999,0.1422399999999999,0.254,0.18542,0.23622,0.21082,0.1041399999999999,0.1473199999999999
2017-01-03,2.6,-1.62,-10.24,0.18796,0.28956,0.16256,0.15748,0.2667,0.20066,0.25654,0.2286,0.1143,0.15494
2017-01-04,9.48,3.21,-7.69,0.19304,0.2946399999999999,0.17018,0.1651,0.2667,0.20066,0.2667,0.2311399999999999,0.1143,0.15748
2017-01-05,0.0,-3.92,-15.06,0.2286,0.3302,0.19304,0.19558,0.32258,0.2209799999999999,0.2946399999999999,0.2794,0.1422399999999999,0.19304
2017-01-06,0.0,-10.05,-20.86,0.2286,0.3302,0.19304,0.19558,0.32258,0.2209799999999999,0.2946399999999999,0.2794,0.1422399999999999,0.19304
2017-01-07,3.43,-4.52,-18.21,0.2286,0.3302,0.19304,0.19558,0.32258,0.2209799999999999,0.2946399999999999,0.2794,0.1422399999999999,0.19304
2017-01-08,7.29,5.5,-9.0,0.23876,0.3454399999999999,0.19812,0.20066,0.32766,0.22352,0.30226,0.2819399999999999,0.14478,0.19558
2017-01-09,6.65,7.82,-1.52,0.25654,0.35052,0.20066,0.2082799999999999,0.34036,0.2311399999999999,0.31242,0.3047999999999999,0.15748,0.2057399999999999
2017-01-10,15.42,6.13,0.55,0.2819399999999999,0.40894,0.2311399999999999,0.2311399999999999,0.381,0.2413,0.34036,0.32512,0.1651,0.2286
2017-01-11,14.84,5.11,-0.5,0.30734,0.44704,0.25146,0.24892,0.4241799999999999,0.24892,0.3581399999999999,0.3454399999999999,0.1905,0.25654
2017-01-12,0.0,1.99,-2.92,0.33274,0.49022,0.2946399999999999,0.2717799999999999,0.4699,0.2794,0.38354,0.38862,0.2209799999999999,0.28956
2017-01-13,0.0,2.12,-4.57,0.33274,0.4952999999999999,0.3047999999999999,0.2717799999999999,0.47752,0.2794,0.39624,0.3987799999999999,0.2209799999999999,0.28956
2017-01-14,0.0,1.16,-6.84,0.33274,0.4952999999999999,0.3047999999999999,0.2717799999999999,0.47752,0.2794,0.39624,0.3987799999999999,0.2209799999999999,0.28956
2017-01-15,0.0,-0.87,-9.4,0.33274,0.4952999999999999,0.3047999999999999,0.2717799999999999,0.47752,0.2794,0.39624,0.3987799999999999,0.2209799999999999,0.28956
2017-01-16,0.0,-2.35,-11.26,0.33274,0.4952999999999999,0.3047999999999999,0.2717799999999999,0.47752,0.2794,0.39624,0.3987799999999999,0.2209799999999999,0.28956
2017-01-17,0.0,-1.27,-11.85,0.33274,0.4952999999999999,0.3047999999999999,0.2717799999999999,0.47752,0.2794,0.39624,0.3987799999999999,0.2209799999999999,0.28956
2017-01-18,0.0,0.16,-10.04,0.33274,0.4952999999999999,0.3047999999999999,0.2717799999999999,0.47752,0.2794,0.39624,0.3987799999999999,0.2209799999999999,0.28956
2017-01-19,9.9,0.94,-7.09,0.33274,0.4952999999999999,0.3047999999999999,0.2717799999999999,0.47752,0.2794,0.39624,0.3987799999999999,0.2209799999999999,0.28956
2017-01-20,6.69,5.38,-2.46,0.34036,0.5003799999999999,0.30734,0.2794,0.4826,0.2794,0.39624,0.4064,0.22606,0.2920999999999999
2017-01-21,9.37,1.51,-2.73,0.34036,0.50292,0.30734,0.2794,0.48514,0.2794,0.4114799999999999,0.40894,0.22606,0.2946399999999999
2017-01-22,12.11,4.49,-4.83,0.3479799999999999,0.51308,0.31496,0.28702,0.4952999999999999,0.2920999999999999,0.4292599999999999,0.4241799999999999,0.2336799999999999,0.30226
2017-01-23,14.43,3.58,-2.16,0.3555999999999999,0.51816,0.31496,0.2946399999999999,0.51308,0.29972,0.44704,0.45212,0.254,0.32004
2017-01-24,3.49,-0.8,-4.32,0.381,0.54864,0.32512,0.32258,0.54102,0.32004,0.49022,0.49022,0.26924,0.3454399999999999
2017-01-25,2.53,-1.45,-6.69,0.381,0.55118,0.32512,0.32512,0.54864,0.32258,0.49022,0.4927599999999999,0.26924,0.3454399999999999
2017-01-26,1.76,-0.36,-8.76,0.381,0.55372,0.3302,0.32766,0.55372,0.32512,0.49022,0.4952999999999999,0.26924,0.3454399999999999
2017-01-27,0.0,-3.19,-14.5,0.381,0.55372,0.3302,0.32766,0.55626,0.32766,0.4927599999999999,0.5003799999999999,0.26924,0.3454399999999999
2017-01-28,0.0,-2.43,-14.36,0.381,0.55372,0.3302,0.32766,0.55626,0.32766,0.4952999999999999,0.5003799999999999,0.26924,0.3454399999999999
2017-01-29,0.0,-0.12,-11.49,0.381,0.55626,0.3302,0.3302,0.55626,0.32766,0.49784,0.5003799999999999,0.26924,0.3454399999999999
2017-01-30,0.0,-0.28,-9.78,0.38354,0.55626,0.3302,0.3302,0.5588,0.32766,0.49784,0.5003799999999999,0.26924,0.3454399999999999
2017-01-31,0.0,-0.24,-8.0,0.38354,0.55626,0.3302,0.3302,0.5588,0.32766,0.49784,0.5003799999999999,0.26924,0.3454399999999999
2017-02-01,0.0,4.88,-5.66,0.38354,0.55626,0.3302,0.3302,0.5588,0.32766,0.49784,0.5003799999999999,0.26924,0.3454399999999999
2017-02-02,2.18,3.3,-4.27,0.38354,0.55626,0.3302,0.3302,0.5588,0.32766,0.49784,0.5003799999999999,0.26924,0.3454399999999999
2017-02-03,0.0,7.69,-2.73,0.38354,0.55626,0.3302,0.33274,0.5638799999999999,0.32766,0.50292,0.508,0.26924,0.3454399999999999
2017-02-04,0.0,10.96,0.73,0.39116,0.5638799999999999,0.33782,0.33782,0.56642,0.32766,0.51054,0.508,0.2717799999999999,0.3479799999999999
2017-02-05,0.0,11.1,1.61,0.39624,0.5689599999999999,0.34036,0.33782,0.5689599999999999,0.32766,0.51562,0.51308,0.27432,0.3479799999999999
2017-02-06,5.39,9.31,3.12,0.39624,0.5689599999999999,0.3429,0.33782,0.5689599999999999,0.32766,0.51816,0.51308,0.27432,0.35052
2017-02-07,6.77,9.83,2.27,0.3987799999999999,0.57912,0.3479799999999999,0.3429,0.5892799999999999,0.32766,0.5257799999999999,0.52324,0.27686,0.3581399999999999
2017-02-08,4.89,12.18,2.14,0.4165599999999999,0.6095999999999999,0.3555999999999999,0.35306,0.61976,0.32766,0.54102,0.52324,0.2667,0.37592
2017-02-09,2.78,13.99,4.14,0.4165599999999999,0.6095999999999999,0.3555999999999999,0.35306,0.6248400000000001,0.32512,0.5435599999999999,0.52324,0.26416,0.37846
2017-02-10,16.59,12.01,3.03,0.4165599999999999,0.61214,0.3555999999999999,0.3429,0.61722,0.3175,0.5461,0.5206999999999999,0.26416,0.3682999999999999
2017-02-11,0.0,6.96,-0.66,0.42164,0.63754,0.381,0.33782,0.6273799999999999,0.32258,0.5638799999999999,0.51054,0.26924,0.37338
2017-02-12,0.0,5.52,-4.77,0.42672,0.6527799999999999,0.3937,0.3429,0.6324599999999999,0.33782,0.58674,0.51054,0.28702,0.381
2017-02-13,0.0,4.42,-6.94,0.42672,0.6527799999999999,0.3937,0.3429,0.6324599999999999,0.33782,0.58674,0.51054,0.28702,0.381
2017-02-14,0.0,6.2,-5.38,0.42672,0.6527799999999999,0.3937,0.3429,0.6324599999999999,0.33782,0.58674,0.51054,0.28702,0.381
2017-02-15,0.0,8.38,-3.89,0.42672,0.6527799999999999,0.3937,0.3429,0.6324599999999999,0.33782,0.58674,0.51054,0.28702,0.381
2017-02-16,0.0,12.1,-2.04,0.42672,0.6527799999999999,0.3937,0.3429,0.6324599999999999,0.33782,0.58674,0.51054,0.28702,0.381
2017-02-17,2.14,10.46,-1.93,0.42672,0.6527799999999999,0.38862,0.3429,0.6324599999999999,0.3352799999999999,0.58674,0.5206999999999999,0.2844799999999999,0.381
2017-02-18,8.51,11.12,3.25,0.42672,0.6604,0.38354,0.3429,0.6324599999999999,0.33782,0.59944,0.52832,0.2819399999999999,0.38354
2017-02-19,7.57,10.3,3.02,0.42672,0.6604,0.38354,0.3454399999999999,0.635,0.33782,0.61214,0.52832,0.2794,0.38608
2017-02-20,0.0,11.36,1.91,0.43688,0.67818,0.39624,0.3479799999999999,0.6578599999999999,0.3454399999999999,0.635,0.55372,0.2819399999999999,0.40386
2017-02-21,9.07,16.19,1.76,0.4445,0.68072,0.3987799999999999,0.3479799999999999,0.6604,0.3429,0.64262,0.55372,0.2717799999999999,0.40386
2017-02-22,5.01,4.81,-1.19,0.4699,0.70358,0.40894,0.3581399999999999,0.68072,0.36322,0.66548,0.55372,0.27686,0.40894
2017-02-23,6.82,-0.64,-4.24,0.4800599999999999,0.7162799999999999,0.4165599999999999,0.3682999999999999,0.6858,0.37592,0.68072,0.5638799999999999,0.27432,0.4165599999999999
2017-02-24,1.15,-0.05,-5.92,0.47752,0.73152,0.4241799999999999,0.37338,0.6985,0.40386,0.6883400000000001,0.58674,0.27686,0.42164
2017-02-25,0.0,-0.05,-9.08,0.47244,0.7340599999999999,0.4241799999999999,0.37338,0.70104,0.4114799999999999,0.6908799999999999,0.5943599999999999,0.27686,0.4241799999999999
2017-02-26,5.16,2.99,-10.31,0.4800599999999999,0.74422,0.42672,0.37592,0.70866,0.4165599999999999,0.70104,0.60452,0.2794,0.4292599999999999
2017-02-27,6.97,2.44,-6.91,0.4800599999999999,0.74422,0.42672,0.37592,0.70866,0.4165599999999999,0.70104,0.60452,0.2794,0.4292599999999999
2017-02-28,0.0,1.53,-8.58,0.5054599999999999,0.77724,0.44704,0.40386,0.73152,0.4419599999999999,0.7340599999999999,0.6527799999999999,0.2920999999999999,0.44958
2017-03-01,0.0,4.74,-5.57,0.5054599999999999,0.77724,0.44704,0.40386,0.74676,0.4419599999999999,0.7340599999999999,0.6527799999999999,0.2920999999999999,0.44958
2017-03-02,0.0,7.03,-7.22,0.5054599999999999,0.77724,0.44704,0.40386,0.74676,0.4419599999999999,0.7340599999999999,0.6527799999999999,0.2920999999999999,0.44958
2017-03-03,0.0,10.78,-4.19,0.5054599999999999,0.77724,0.44704,0.40386,0.74676,0.4419599999999999,0.7340599999999999,0.6527799999999999,0.2920999999999999,0.44958
2017-03-04,0.0,14.78,1.76,0.5054599999999999,0.77724,0.44704,0.40386,0.74676,0.4419599999999999,0.7340599999999999,0.6527799999999999,0.2920999999999999,0.44958
2017-03-05,12.36,13.12,-0.23,0.5054599999999999,0.77724,0.44704,0.40386,0.74676,0.4419599999999999,0.7340599999999999,0.6527799999999999,0.2920999999999999,0.44958
2017-03-06,2.08,2.98,-4.29,0.51562,0.79502,0.4572,0.4165599999999999,0.77216,0.46482,0.74168,0.67564,0.2946399999999999,0.4546599999999999
2017-03-07,0.0,8.7,-3.05,0.5257799999999999,0.8051799999999999,0.46482,0.4292599999999999,0.8000999999999999,0.46482,0.7493,0.68326,0.2971799999999999,0.46482
2017-03-08,0.0,13.78,2.11,0.5308599999999999,0.8051799999999999,0.46482,0.4292599999999999,0.8000999999999999,0.46482,0.7493,0.68326,0.2971799999999999,0.46482
2017-03-09,0.0,15.92,2.58,0.5308599999999999,0.8051799999999999,0.46482,0.4292599999999999,0.8000999999999999,0.46482,0.7493,0.68326,0.2920999999999999,0.46482
2017-03-10,0.0,15.51,4.45,0.5308599999999999,0.8051799999999999,0.46482,0.4292599999999999,0.8000999999999999,0.45974,0.7493,0.68326,0.2819399999999999,0.46482
2017-03-11,0.0,15.16,2.45,0.5308599999999999,0.80264,0.46482,0.42164,0.8000999999999999,0.4546599999999999,0.7493,0.68326,0.26924,0.4572
2017-03-12,0.0,14.57,4.35,0.5308599999999999,0.8000999999999999,0.46482,0.4165599999999999,0.8000999999999999,0.45212,0.7493,0.68326,0.26416,0.45212
2017-03-13,0.0,17.55,2.61,0.5308599999999999,0.8000999999999999,0.46482,0.4114799999999999,0.8000999999999999,0.4445,0.7493,0.68326,0.25908,0.44958
2017-03-14,0.0,20.98,3.27,0.5257799999999999,0.8000999999999999,0.46482,0.40132,0.8000999999999999,0.43688,0.7493,0.67818,0.2413,0.44704
2017-03-15,0.0,22.54,4.84,0.51562,0.7975599999999999,0.46482,0.3937,0.8000999999999999,0.42672,0.7493,0.66802,0.21844,0.43942
2017-03-16,0.0,20.23,6.53,0.5003799999999999,0.79248,0.46482,0.381,0.7874,0.41402,0.7493,0.65024,0.19812,0.42672
2017-03-17,0.0,21.46,4.66,0.4826,0.7874,0.46482,0.37084,0.77216,0.40132,0.7493,0.6273799999999999,0.1727199999999999,0.41402
2017-03-18,0.0,24.08,6.88,0.4673599999999999,0.7848599999999999,0.46482,0.3606799999999999,0.75692,0.38608,0.7493,0.61214,0.1523999999999999,0.4064
2017-03-19,0.0,20.15,7.13,0.44704,0.78232,0.46482,0.35052,0.73914,0.3682999999999999,0.7493,0.57658,0.1219199999999999,0.39624
2017-03-20,0.0,20.27,6.85,0.4317999999999999,0.77724,0.46482,0.33782,0.7239,0.35052,0.7493,0.55118,0.09906,0.38354
2017-03-21,2.24,22.14,9.99,0.42164,0.77724,0.45974,0.32766,0.70866,0.3352799999999999,0.74422,0.52324,0.07874,0.37084
2017-03-22,15.27,15.71,7.8,0.4064,0.76962,0.44704,0.30988,0.6985,0.31496,0.74676,0.47752,0.05334,0.3581399999999999
2017-03-23,24.22,8.17,1.79,0.3987799999999999,0.76708,0.44704,0.2920999999999999,0.69342,0.2971799999999999,0.75184,0.44958,0.0380999999999999,0.3479799999999999
2017-03-24,0.0,13.85,0.21,0.40132,0.7746999999999999,0.4546599999999999,0.30226,0.7365999999999999,0.3175,0.7594599999999999,0.4749799999999999,0.04826,0.36322
2017-03-25,6.07,9.85,1.75,0.40132,0.76708,0.4546599999999999,0.2971799999999999,0.7365999999999999,0.31496,0.75692,0.47752,0.0304799999999999,0.36322
2017-03-26,0.0,10.79,0.8,0.40386,0.77216,0.4572,0.29972,0.7365999999999999,0.32512,0.76454,0.4876799999999999,0.0254,0.36322
2017-03-27,8.72,8.75,1.46,0.40386,0.76962,0.4572,0.29972,0.74168,0.32512,0.76454,0.48514,0.01016,0.3606799999999999
2017-03-28,0.0,11.98,1.63,0.4165599999999999,0.8128,0.48514,0.32004,0.74676,0.33782,0.78232,0.5054599999999999,0.00254,0.36322
2017-03-29,0.0,12.66,0.36,0.4165599999999999,0.81788,0.4826,0.32258,0.74676,0.33782,0.78232,0.5054599999999999,0.0,0.3682999999999999
2017-03-30,5.24,10.5,2.99,0.4165599999999999,0.81788,0.4800599999999999,0.32004,0.74676,0.33274,0.78232,0.5054599999999999,0.0,0.3581399999999999
2017-03-31,1.07,12.48,4.14,0.43942,0.8483599999999999,0.4927599999999999,0.33782,0.74422,0.3352799999999999,0.80264,0.51308,0.0,0.35306
2017-04-01,0.0,15.46,5.16,0.43942,0.8509,0.5003799999999999,0.34036,0.76454,0.33782,0.81026,0.51308,0.0,0.3581399999999999
2017-04-02,3.86,10.49,3.46,0.43942,0.8483599999999999,0.5003799999999999,0.33274,0.76454,0.3352799999999999,0.81026,0.5054599999999999,0.0,0.35052
2017-04-03,0.0,9.62,-1.09,0.4419599999999999,0.85344,0.5054599999999999,0.33782,0.76962,0.3429,0.80772,0.51054,0.0,0.3555999999999999
2017-04-04,0.0,9.36,-2.13,0.44704,0.8509,0.50292,0.33782,0.77216,0.34036,0.80772,0.51054,0.0,0.35052
2017-04-05,0.0,14.64,-1.6,0.44704,0.8483599999999999,0.49784,0.33782,0.77216,0.33782,0.80772,0.51054,0.0,0.3479799999999999
2017-04-06,0.0,22.89,2.22,0.44704,0.8483599999999999,0.4952999999999999,0.33782,0.76962,0.3352799999999999,0.80772,0.51054,0.0,0.34036
2017-04-07,14.98,19.87,9.13,0.43688,0.84074,0.47752,0.32004,0.76454,0.31496,0.80772,0.48514,0.0,0.3175
2017-04-08,25.18,15.25,0.8,0.4317999999999999,0.83566,0.45974,0.30226,0.7594599999999999,0.29972,0.8051799999999999,0.43942,0.0,0.2971799999999999
2017-04-09,6.13,8.55,-0.57,0.43688,0.86614,0.4876799999999999,0.30988,0.7848599999999999,0.32766,0.8229599999999999,0.4546599999999999,0.0,0.3047999999999999
2017-04-10,0.0,14.07,-0.99,0.43688,0.86868,0.4952999999999999,0.31242,0.7975599999999999,0.3352799999999999,0.82804,0.46482,0.0,0.30734
2017-04-11,0.0,15.61,1.13,0.43434,0.86868,0.4952999999999999,0.31242,0.7975599999999999,0.33274,0.82804,0.46482,0.0,0.30734
2017-04-12,0.0,21.65,4.79,0.41402,0.86868,0.4952999999999999,0.3047999999999999,0.7975599999999999,0.32766,0.82804,0.46482,0.0,0.30734
2017-04-13,0.0,24.75,5.46,0.39116,0.86614,0.4952999999999999,0.2794,0.7797799999999999,0.30988,0.81788,0.43942,0.0,0.28956
2017-04-14,0.0,14.64,4.03,0.3606799999999999,0.8635999999999999,0.4927599999999999,0.2438399999999999,0.74422,0.27432,0.81026,0.37592,0.0,0.26924
2017-04-15,0.0,13.19,0.18,0.3606799999999999,0.8458199999999999,0.4876799999999999,0.23876,0.7239,0.26924,0.8000999999999999,0.37338,0.0,0.26416
2017-04-16,0.0,19.93,1.93,0.35306,0.8331199999999999,0.4876799999999999,0.22352,0.71374,0.25146,0.79248,0.3555999999999999,0.0,0.254
2017-04-17,0.0,19.47,8.07,0.32004,0.83058,0.4749799999999999,0.19304,0.69342,0.2158999999999999,0.7746999999999999,0.3047999999999999,0.0,0.22606
2017-04-18,18.98,15.48,6.53,0.3047999999999999,0.8128,0.4572,0.1727199999999999,0.66294,0.18542,0.75184,0.24892,0.0,0.20066
2017-04-19,2.21,14.74,4.8,0.3047999999999999,0.81534,0.45212,0.16002,0.6578599999999999,0.1777999999999999,0.7365999999999999,0.22606,0.0,0.1905
2017-04-20,5.39,10.95,3.48,0.30988,0.7975599999999999,0.4546599999999999,0.15748,0.65532,0.17018,0.7365999999999999,0.2057399999999999,0.0,0.18288
2017-04-21,0.0,11.57,2.0,0.30988,0.81026,0.46482,0.16256,0.6705599999999999,0.16256,0.7493,0.20066,0.0,0.1727199999999999
2017-04-22,0.0,16.33,1.43,0.30988,0.8128,0.46482,0.16256,0.6705599999999999,0.17018,0.7493,0.2057399999999999,0.0,0.17526
2017-04-23,0.0,18.05,4.53,0.30988,0.8128,0.44958,0.14478,0.66548,0.15494,0.7543799999999999,0.17526,0.0,0.1523999999999999
2017-04-24,12.55,11.35,4.35,0.2920999999999999,0.81534,0.43434,0.127,0.64262,0.12954,0.7543799999999999,0.127,0.0,0.12954
2017-04-25,4.29,10.39,2.55,0.2971799999999999,0.8255,0.44958,0.13462,0.6578599999999999,0.1473199999999999,0.76708,0.13208,0.0,0.12954
2017-04-26,9.44,11.97,3.44,0.3047999999999999,0.8382,0.4572,0.1422399999999999,0.66294,0.1676399999999999,0.7797799999999999,0.14986,0.0,0.12954
2017-04-27,3.49,9.45,2.22,0.32258,0.8458199999999999,0.4546599999999999,0.1473199999999999,0.67564,0.17526,0.7874,0.1651,0.00508,0.13462
2017-04-28,2.26,6.48,-0.47,0.32258,0.8610599999999999,0.45974,0.16256,0.6883400000000001,0.18288,0.8051799999999999,0.1727199999999999,0.0,0.13716
2017-04-29,0.0,12.21,0.46,0.32766,0.8763,0.4699,0.1727199999999999,0.70358,0.19304,0.81026,0.18288,0.00254,0.1397
2017-04-30,0.0,15.06,1.14,0.32766,0.8763,0.4622799999999999,0.1651,0.70358,0.1905,0.81026,0.1803399999999999,0.0,0.1397
2017-05-01,0.0,15.63,5.53,0.3302,0.8763,0.4546599999999999,0.1676399999999999,0.70358,0.18288,0.81026,0.1676399999999999,0.0,0.127
2017-05-02,0.0,16.79,6.46,0.31496,0.87376,0.43942,0.1523999999999999,0.6908799999999999,0.1676399999999999,0.81026,0.14478,0.0,0.10668
2017-05-03,0.0,18.78,4.04,0.30226,0.8763,0.4241799999999999,0.1473199999999999,0.68326,0.1523999999999999,0.79502,0.11938,0.0,0.0888999999999999
2017-05-04,0.0,23.56,5.66,0.2844799999999999,0.8763,0.42164,0.12446,0.65532,0.12446,0.7797799999999999,0.0711199999999999,0.0,0.0635
2017-05-05,0.0,29.05,8.49,0.25146,0.8763,0.4064,0.07874,0.6070599999999999,0.08128,0.74676,0.04064,0.0,0.0355599999999999
2017-05-06,0.0,28.36,13.36,0.2057399999999999,0.8559800000000001,0.37846,0.02286,0.5588,0.03302,0.69342,0.02032,0.0,0.01016
2017-05-07,0.0,24.98,11.15,0.17526,0.8382,0.35306,0.0,0.52832,0.0177799999999999,0.67564,0.0127,0.0,0.0
2017-05-08,0.0,20.83,10.66,0.14478,0.80772,0.32512,0.0,0.48514,0.0076199999999999,0.6273799999999999,0.0,0.0,0.0
2017-05-09,0.0,22.96,9.08,0.127,0.79502,0.30734,0.0,0.4673599999999999,0.0,0.62992,0.0076199999999999,0.0,0.0
2017-05-10,0.0,23.71,9.26,0.09906,0.7797799999999999,0.2717799999999999,0.0,0.43434,0.0,0.59182,0.00508,0.0,0.0
2017-05-11,0.0,26.49,8.9,0.0635,0.75692,0.23622,0.0,0.40894,0.0,0.57404,0.00254,0.0,0.0
2017-05-12,0.0,28.46,7.97,0.0304799999999999,0.72644,0.1905,0.0,0.37338,0.0,0.52832,0.0,0.0,0.0
2017-05-13,0.0,16.89,3.84,0.0,0.67818,0.1422399999999999,0.0,0.33274,0.0,0.4800599999999999,0.0,0.0,0.0
2017-05-14,0.0,19.14,2.0,0.0,0.6604,0.1041399999999999,0.0,0.32512,0.0,0.46482,0.0,0.0,0.0
2017-05-15,0.0,19.34,3.88,0.0,0.62992,0.0635,0.0,0.28956,0.0,0.44704,0.0,0.0,0.0
2017-05-16,12.22,17.01,7.8,0.0,0.5969,0.0431799999999999,0.0,0.26162,0.0,0.43434,0.0,0.0,0.0
2017-05-17,7.27,9.72,0.39,0.0,0.58674,0.03302,0.0,0.24892,0.0,0.42164,0.0076199999999999,0.0,0.0
2017-05-18,0.0,9.21,-1.45,0.0,0.59944,0.0380999999999999,0.0,0.26162,0.0076199999999999,0.42672,0.0152399999999999,0.0,0.00508
2017-05-19,0.0,14.03,3.32,0.0,0.6095999999999999,0.0431799999999999,0.0,0.2717799999999999,0.00254,0.4292599999999999,0.0152399999999999,0.0,0.0076199999999999
2017-05-20,0.0,19.13,4.11,0.0,0.6095999999999999,0.04064,0.0,0.2717799999999999,0.0,0.4292599999999999,0.0076199999999999,0.0,0.00254
2017-05-21,7.45,18.43,6.64,0.0,0.60198,0.0304799999999999,0.0,0.26162,0.0,0.42164,0.00508,0.0,0.0
2017-05-22,0.0,22.09,6.77,0.0,0.59944,0.02032,0.0,0.2438399999999999,0.0,0.40894,0.0,0.0,0.0
2017-05-23,0.0,25.27,9.22,0.0,0.57658,0.0,0.0,0.19558,0.0,0.37846,0.0,0.0,0.0
2017-05-24,1.3,28.18,10.07,0.0,0.5334,0.0,0.0,0.14478,0.0,0.33782,0.0,0.0,0.0
2017-05-25,0.0,20.41,8.91,0.0,0.4876799999999999,0.0,0.0,0.07874,0.0,0.30988,0.0,0.0,0.0
2017-05-26,0.0,18.66,7.16,0.0,0.46482,0.0,0.0,0.0304799999999999,0.0,0.2794,0.0,0.0,0.0
2017-05-27,0.0,20.39,4.89,0.0,0.46482,0.0,0.0,0.0076199999999999,0.0,0.25908,0.0,0.0,0.0
2017-05-28,0.0,23.83,6.82,0.0,0.43688,0.0,0.0,0.0,0.0,0.2336799999999999,0.0,0.0,0.0
2017-05-29,0.0,26.82,10.05,0.0,0.3987799999999999,0.0,0.0,0.0,0.0,0.2082799999999999,0.0,0.0,0.0
2017-05-30,0.0,29.07,11.45,0.0,0.3581399999999999,0.0,0.0,0.0,0.0,0.17018,0.0,0.0,0.0
2017-05-31,0.0,31.02,12.61,0.0,0.31496,0.0,0.0,0.0,0.0,0.12954,0.0,0.0,0.0
2017-06-01,0.0,27.62,13.9,0.0,0.2717799999999999,0.0,0.0,0.0,0.0,0.0888999999999999,0.0,0.0,0.0
2017-06-02,0.0,25.23,10.77,0.0,0.23876,0.0,0.0,0.0,0.0,0.05588,0.0,0.0,0.0
2017-06-03,0.0,30.7,11.05,0.0,0.19304,0.0,0.0,0.0,0.0,0.01016,0.0,0.0,0.0
2017-06-04,0.0,33.31,13.29,0.0,0.1473199999999999,0.0,0.0,0.0,0.0,0.0,0.0,0.0,0.0
2017-06-05,0.0,30.1,14.23,0.0,0.0,0.0,0.0,0.0,0.0,0.0,0.0,0.0,0.0
2017-06-06,0.0,32.14,13.92,0.0,0.0,0.0,0.0,0.0,0.0,0.0,0.0,0.0,0.0
2017-06-07,0.0,33.61,17.18,0.0,0.0,0.0,0.0,0.0,0.0,0.0,0.0,0.0,0.0
2017-06-08,0.0,32.56,15.73,0.0,0.0,0.0,0.0,0.0,0.0,0.0,0.0,0.0,0.0
2017-06-09,0.0,29.32,11.45,0.0,0.0,0.0,0.0,0.0,0.0,0.0,0.0,0.0,0.0
2017-06-10,0.0,26.59,9.39,0.0,0.0,0.0,0.0,0.0,0.0,0.0,0.0,0.0,0.0
2017-06-11,0.0,29.82,11.38,0.0,0.0,0.0,0.0,0.0,0.0,0.0,0.0,0.0,0.0
2017-06-12,12.64,22.47,10.22,0.0,0.0,0.0,0.0,0.0,0.0,0.0,0.0,0.0,0.0
2017-06-13,17.09,18.21,7.23,0.0,0.0,0.0,0.0,0.0,0.0,0.0,0.0,0.0,0.0
2017-06-14,0.0,24.08,8.67,0.0,0.0,0.0,0.0,0.01016,0.0,0.0,0.0,0.0,0.0
2017-06-15,0.0,28.64,10.83,0.0,0.0,0.0,0.0,0.0,0.0,0.0,0.0,0.0,0.0
2017-06-16,0.0,30.58,12.52,0.0,0.0,0.0,0.0,0.0,0.0,0.0,0.0,0.0,0.0
2017-06-17,0.0,25.33,13.99,0.0,0.0,0.0,0.0,0.0,0.0,0.0,0.0,0.0,0.0
2017-06-18,0.0,28.39,11.27,0.0,0.0,0.0,0.0,0.0,0.0,0.0,0.0,0.0,0.0
2017-06-19,0.0,31.51,14.22,0.0,0.0,0.0,0.0,0.0,0.0,0.0,0.0,0.0,0.0
2017-06-20,0.0,35.49,17.26,0.0,0.0,0.0,0.0,0.0,0.0,0.0,0.0,0.0,0.0
2017-06-21,0.0,35.02,16.53,0.0,0.0,0.0,0.0,0.0,0.0,0.0,0.0,0.0,0.0
2017-06-22,0.0,29.59,13.85,0.0,0.0,0.0,0.0,0.0,0.0,0.0,0.0,0.0,0.0
2017-06-23,0.0,28.97,10.42,0.0,0.0,0.0,0.0,0.0,0.0,0.0,0.0,0.0,0.0
2017-06-24,0.0,30.46,12.13,0.0,0.0,0.0,0.0,0.0,0.0,0.0,0.0,0.0,0.0
2017-06-25,0.0,32.84,13.4,0.0,0.0,0.0,0.0,0.0,0.0,0.0,0.0,0.0,0.0
2017-06-26,0.0,34.91,16.33,0.0,0.0,0.0,0.0,0.0,0.0,0.0,0.0,0.0,0.0
2017-06-27,0.0,32.42,17.14,0.0,0.0,0.0,0.0,0.0,0.0,0.0,0.0,0.0,0.0
2017-06-28,0.0,30.99,13.77,0.0,0.0,0.0,0.0,0.0,0.0,0.0,0.0,0.0,0.0
2017-06-29,0.0,28.97,13.29,0.0,0.0,0.0,0.0,0.0,0.0,0.0,0.0,0.0,0.0
2017-06-30,0.0,28.79,12.17,0.0,0.0,0.0,0.0,0.0,0.0,0.0,0.0,0.0,0.0
2017-07-01,0.0,32.83,12.59,0.0,0.0,0.0,0.0,0.0,0.0,0.0,0.0,0.0,0.0
2017-07-02,0.0,35.07,15.29,0.0,0.0,0.0,0.0,0.0,0.0,0.0,0.0,0.0,0.0
2017-07-03,0.0,34.44,17.56,0.0,0.0,0.0,0.0,0.0,0.0,0.0,0.0,0.0,0.0
2017-07-04,0.0,36.58,17.41,0.0,0.0,0.0,0.0,0.0,0.0,0.0,0.0,0.0,0.0
2017-07-05,0.0,38.19,18.31,0.0,0.0,0.0,0.0,0.0,0.0,0.0,0.0,0.0,0.0
2017-07-06,0.0,37.02,18.1,0.0,0.0,0.0,0.0,0.0,0.0,0.0,0.0,0.0,0.0
2017-07-07,0.0,36.81,19.22,0.0,0.0,0.0,0.0,0.0,0.0,0.0,0.0,0.0,0.0
2017-07-08,0.0,37.08,20.16,0.0,0.0,0.0,0.0,0.0,0.0,0.0,0.0,0.0,0.0
2017-07-09,0.0,35.91,19.85,0.0,0.0,0.0,0.0,0.0,0.0,0.0,0.0,0.0,0.0
2017-07-10,0.0,34.28,21.03,0.0,0.0,0.0,0.0,0.0,0.0,0.0,0.0,0.0,0.0
2017-07-11,0.0,33.28,18.13,0.0,0.0,0.0,0.0,0.0,0.0,0.0,0.0,0.0,0.0
2017-07-12,0.0,33.7,16.42,0.0,0.0,0.0,0.0,0.0,0.0,0.0,0.0,0.0,0.0
2017-07-13,0.0,34.9,16.37,0.0,0.0,0.0,0.0,0.0,0.0,0.0,0.0,0.0,0.0
2017-07-14,0.0,35.64,17.79,0.0,0.0,0.0,0.0,0.0,0.0,0.0,0.0,0.0,0.0
2017-07-15,0.0,36.24,17.63,0.0,0.0,0.0,0.0,0.0,0.0,0.0,0.0,0.0,0.0
2017-07-16,0.0,35.63,20.0,0.0,0.0,0.0,0.0,0.0,0.0,0.0,0.0,0.0,0.0
2017-07-17,0.0,34.83,20.26,0.0,0.0,0.0,0.0,0.0,0.0,0.0,0.0,0.0,0.0
2017-07-18,0.0,35.28,17.41,0.0,0.0,0.0,0.0,0.0,0.0,0.0,0.0,0.0,0.0
2017-07-19,0.0,33.32,19.98,0.0,0.0,0.0,0.0,0.0,0.0,0.0,0.0,0.0,0.0
2017-07-20,0.0,33.45,18.84,0.0,0.0,0.0,0.0,0.0,0.0,0.0,0.0,0.0,0.0
2017-07-21,0.0,34.26,20.18,0.0,0.0,0.0,0.0,0.0,0.0,0.0,0.0,0.0,0.0
2017-07-22,0.0,35.1,17.22,0.0,0.0,0.0,0.0,0.0,0.0,0.0,0.0,0.0,0.0
2017-07-23,0.0,35.87,16.85,0.0,0.0,0.0,0.0,0.0,0.0,0.0,0.0,0.0,0.0
2017-07-24,1.38,34.04,17.87,0.0,0.0,0.0,0.0,0.0,0.0,0.0,0.0,0.0,0.0
2017-07-25,6.29,30.61,16.75,0.0,0.0,0.0,0.0,0.0,0.0,0.0,0.0,0.0,0.0
2017-07-26,4.44,29.34,16.21,0.0,0.0,0.0,0.0,0.0,0.0,0.0,0.0,0.0,0.0
2017-07-27,0.0,30.34,15.3,0.0,0.0,0.0,0.0,0.0,0.0,0.0,0.0,0.0,0.0
2017-07-28,0.0,30.36,16.07,0.0,0.0,0.0,0.0,0.0,0.0,0.0,0.0,0.0,0.0
2017-07-29,0.0,32.99,15.53,0.0,0.0,0.0,0.0,0.0,0.0,0.0,0.0,0.0,0.0
2017-07-30,0.0,34.39,17.4,0.0,0.0,0.0,0.0,0.0,0.0,0.0,0.0,0.0,0.0
2017-07-31,0.0,34.94,17.47,0.0,0.0,0.0,0.0,0.0,0.0,0.0,0.0,0.0,0.0
2017-08-01,0.0,35.15,18.59,0.0,0.0,0.0,0.0,0.0,0.0,0.0,0.0,0.0,0.0
2017-08-02,0.0,34.71,16.83,0.0,0.0,0.0,0.0,0.0,0.0,0.0,0.0,0.0,0.0
2017-08-03,0.0,34.02,17.69,0.0,0.0,0.0,0.0,0.0,0.0,0.0,0.0,0.0,0.0
2017-08-04,0.0,34.4,18.0,0.0,0.0,0.0,0.0,0.0,0.0,0.0,0.0,0.0,0.0
2017-08-05,0.0,32.92,18.08,0.0,0.0,0.0,0.0,0.0,0.0,0.0,0.0,0.0,0.0
2017-08-06,0.0,31.54,15.65,0.0,0.0,0.0,0.0,0.0,0.0,0.0,0.0,0.0,0.0
2017-08-07,0.0,29.47,16.22,0.0,0.0,0.0,0.0,0.0,0.0,0.0,0.0,0.0,0.0
2017-08-08,0.62,28.83,16.11,0.0,0.0,0.0,0.0,0.0,0.0,0.0,0.0,0.0,0.0
2017-08-09,1.05,30.27,16.05,0.0,0.0,0.0,0.0,0.0,0.0,0.0,0.0,0.0,0.0
2017-08-10,0.0,29.9,15.91,0.0,0.0,0.0,0.0,0.0,0.0,0.0,0.0,0.0,0.0
2017-08-11,0.0,32.67,16.26,0.0,0.0,0.0,0.0,0.0,0.0,0.0,0.0,0.0,0.0
2017-08-12,0.46,33.42,17.17,0.0,0.0,0.0,0.0,0.0,0.0,0.0,0.0,0.0,0.0
2017-08-13,0.0,32.68,18.43,0.0,0.0,0.0,0.0,0.0,0.0,0.0,0.0,0.0,0.0
2017-08-14,0.0,28.28,15.12,0.0,0.0,0.0,0.0,0.0,0.0,0.0,0.0,0.0,0.0
2017-08-15,0.0,27.26,12.82,0.0,0.0,0.0,0.0,0.0,0.0,0.0,0.0,0.0,0.0
2017-08-16,0.0,30.14,12.37,0.0,0.0,0.0,0.0,0.0,0.0,0.0,0.0,0.0,0.0
2017-08-17,0.0,30.91,14.53,0.0,0.0,0.0,0.0,0.0,0.0,0.0,0.0,0.0,0.0
2017-08-18,0.0,31.71,14.67,0.0,0.0,0.0,0.0,0.0,0.0,0.0,0.0,0.0,0.0
2017-08-19,0.0,33.49,14.47,0.0,0.0,0.0,0.0,0.0,0.0,0.0,0.0,0.0,0.0
2017-08-20,0.0,32.92,15.88,0.0,0.0,0.0,0.0,0.0,0.0,0.0,0.0,0.0,0.0
2017-08-21,0.0,32.43,15.86,0.0,0.0,0.0,0.0,0.0,0.0,0.0,0.0,0.0,0.0
2017-08-22,0.0,31.96,15.38,0.0,0.0,0.0,0.0,0.0,0.0,0.0,0.0,0.0,0.0
2017-08-23,0.0,30.89,16.27,0.0,0.0,0.0,0.0,0.0,0.0,0.0,0.0,0.0,0.0
2017-08-24,0.0,30.6,15.47,0.0,0.0,0.0,0.0,0.0,0.0,0.0,0.0,0.0,0.0
2017-08-25,0.0,33.24,16.16,0.0,0.0,0.0,0.0,0.0,0.0,0.0,0.0,0.0,0.0
2017-08-26,0.0,34.38,16.83,0.0,0.0,0.0,0.0,0.0,0.0,0.0,0.0,0.0,0.0
2017-08-27,0.0,35.0,15.68,0.0,0.0,0.0,0.0,0.0,0.0,0.0,0.0,0.0,0.0
2017-08-28,0.0,35.29,15.87,0.0,0.0,0.0,0.0,0.0,0.0,0.0,0.0,0.0,0.0
2017-08-29,0.0,35.02,16.5,0.0,0.0,0.0,0.0,0.0,0.0,0.0,0.0,0.0,0.0
2017-08-30,0.0,32.14,18.2,0.0,0.0,0.0,0.0,0.0,0.0,0.0,0.0,0.0,0.0
2017-08-31,0.0,30.27,18.11,0.0,0.0,0.0,0.0,0.0,0.0,0.0,0.0,0.0,0.0
2017-09-01,0.0,31.32,15.24,0.0,0.0,0.0,0.0,0.0,0.0,0.0,0.0,0.0,0.0
2017-09-02,0.0,32.8,14.43,0.0,0.0,0.0,0.0,0.0,0.0,0.0,0.0,0.0,0.0
2017-09-03,0.0,34.23,15.8,0.0,0.0,0.0,0.0,0.0,0.0,0.0,0.0,0.0,0.0
2017-09-04,0.0,35.01,15.79,0.0,0.0,0.0,0.0,0.0,0.0,0.0,0.0,0.0,0.0
2017-09-05,0.0,31.95,16.71,0.0,0.0,0.0,0.0,0.0,0.0,0.0,0.0,0.0,0.0
2017-09-06,0.0,31.96,15.76,0.0,0.0,0.0,0.0,0.0,0.0,0.0,0.0,0.0,0.0
2017-09-07,0.0,31.01,14.62,0.0,0.0,0.0,0.0,0.0,0.0,0.0,0.0,0.0,0.0
2017-09-08,0.0,31.11,15.46,0.0,0.0,0.0,0.0,0.0,0.0,0.0,0.0,0.0,0.0
2017-09-09,0.0,27.07,14.69,0.0,0.0,0.0,0.0,0.0,0.0,0.0,0.0,0.0,0.0
2017-09-10,0.0,28.72,14.94,0.0,0.0,0.0,0.0,0.0,0.0,0.0,0.0,0.0,0.0
2017-09-11,0.0,30.89,14.73,0.0,0.0,0.0,0.0,0.0,0.0,0.0,0.0,0.0,0.0
2017-09-12,0.0,30.14,14.75,0.0,0.0,0.0,0.0,0.0,0.0,0.0,0.0,0.0,0.0
2017-09-13,0.0,28.79,14.97,0.0,0.0,0.0,0.0,0.0,0.0,0.0,0.0,0.0,0.0
2017-09-14,10.13,23.88,13.4,0.0,0.0,0.0,0.0,0.0,0.0,0.0,0.0,0.0,0.0
2017-09-15,11.15,18.96,10.46,0.0,0.0,0.0,0.0,0.0,0.0,0.0,0.0,0.0,0.0
2017-09-16,0.0,19.11,5.75,0.0,0.00508,0.00254,0.0,0.0,0.0,0.0,0.0,0.0,0.0
2017-09-17,0.0,22.99,6.11,0.0,0.0,0.0,0.0,0.0,0.0,0.0,0.0,0.0,0.0
2017-09-18,5.28,26.95,9.81,0.0,0.0,0.0,0.0,0.0,0.0,0.0,0.0,0.0,0.0
2017-09-19,3.23,17.55,6.38,0.0,0.0,0.0,0.0,0.0,0.0,0.0,0.0,0.0,0.0
2017-09-20,0.0,22.29,4.42,0.0,0.01016,0.0,0.0,0.0,0.0,0.0,0.0,0.0254,0.0
2017-09-21,8.04,14.12,3.59,0.0,0.0,0.0,0.0,0.0,0.0,0.0,0.0,0.0,0.0
2017-09-22,4.03,10.3,3.44,0.0,0.01016,0.0,0.0,0.0,0.01016,0.0,0.0076199999999999,0.0,0.0
2017-09-23,12.32,12.84,1.81,0.0,0.0152399999999999,0.0,0.0,0.0,0.0,0.0,0.00254,0.0,0.0
2017-09-24,7.81,10.23,4.08,0.0,0.02794,0.0127,0.0,0.00254,0.0127,0.0076199999999999,0.0177799999999999,0.00254,0.0
2017-09-25,0.0,15.43,3.07,0.0254,0.0431799999999999,0.0304799999999999,0.0177799999999999,0.00508,0.02794,0.02032,0.02794,0.00508,0.0
2017-09-26,0.0,18.71,3.09,0.0152399999999999,0.0355599999999999,0.02794,0.0127,0.0,0.0254,0.0152399999999999,0.02032,0.00254,0.0
2017-09-27,0.0,21.41,5.77,0.00508,0.03302,0.0254,0.0076199999999999,0.0,0.0177799999999999,0.0127,0.0152399999999999,0.0,0.0
2017-09-28,0.0,21.07,8.29,0.0,0.02794,0.02032,0.0,0.0,0.0076199999999999,0.01016,0.01016,0.0,0.0
2017-09-29,0.0,21.14,8.24,0.0,0.02286,0.02032,0.0,0.0,0.00254,0.00254,0.00254,0.0,0.0
2017-09-30,4.93,17.91,7.74,0.0,0.0076199999999999,0.0127,0.0,0.0,0.0,0.0,0.0,0.0,0.0
2017-10-01,0.0,14.33,4.6,0.0,0.0,0.0,0.0,0.0,0.0,0.0,0.0,0.0,0.0
2017-10-02,0.0,11.51,1.06,0.0,0.00508,0.00508,0.0,0.0,0.0,0.0,0.0,0.0,0.0
2017-10-03,0.0,16.44,0.3,0.0,0.0076199999999999,0.00254,0.00254,0.0,0.00254,0.0,0.0,0.0,0.0
2017-10-04,0.0,16.65,4.9,0.0,0.0076199999999999,0.00254,0.0,0.0,0.0,0.00254,0.00254,0.0,0.0
2017-10-05,0.0,16.62,3.36,0.0,0.00508,0.0,0.0,0.0,0.0,0.0,0.00254,0.0,0.0
2017-10-06,0.0,15.12,2.77,0.0,0.0,0.0,0.0,0.0,0.0,0.0,0.0,0.0,0.0
2017-10-07,0.0,21.74,3.28,0.0,0.0,0.0,0.0,0.0,0.0,0.0,0.0,0.0,0.0
2017-10-08,0.0,13.67,3.21,0.0,0.0,0.0,0.0,0.0,0.0,0.0,0.0,0.0,0.0
2017-10-09,0.0,12.94,0.25,0.0,0.0,0.0,0.0,0.0,0.0,0.0,0.0,0.0,0.0
2017-10-10,0.0,17.77,0.47,0.0,0.0,0.0,0.0,0.0,0.0,0.0,0.0,0.0,0.0
2017-10-11,0.0,21.85,3.12,0.0,0.0,0.0,0.0,0.0,0.0,0.0,0.0,0.0,0.0
2017-10-12,0.0,13.76,2.38,0.0,0.0,0.0,0.0,0.0,0.0,0.0,0.0,0.0,0.0
2017-10-13,0.0,16.08,-1.22,0.0,0.0,0.0,0.0,0.0,0.0,0.0,0.0,0.0,0.0
2017-10-14,0.0,10.62,-0.82,0.0,0.0,0.0,0.0,0.0,0.0,0.0,0.0,0.0,0.0
2017-10-15,0.0,13.14,-2.95,0.0,0.00508,0.00508,0.0,0.00254,0.0076199999999999,0.0,0.0,0.0,0.0
2017-10-16,0.0,17.68,0.26,0.0,0.00254,0.00254,0.0,0.0,0.00508,0.00508,0.0,0.0,0.0
2017-10-17,0.0,21.43,2.72,0.0,0.0,0.0,0.0,0.0,0.00254,0.00254,0.0,0.0,0.0
2017-10-18,0.0,21.56,3.87,0.0,0.0,0.0,0.0,0.0,0.0,0.0,0.0,0.0,0.0
2017-10-19,0.0,23.33,5.05,0.0,0.0,0.0,0.0,0.0,0.0,0.0,0.0,0.0,0.0
2017-10-20,1.28,19.72,1.3,0.0,0.0,0.0,0.0,0.0,0.0,0.0,0.0,0.0,0.0
2017-10-21,0.0,12.79,0.14,0.0,0.00508,0.00508,0.0,0.0,0.0,0.0,0.00254,0.0,0.0
2017-10-22,0.0,18.09,3.33,0.0,0.00254,0.00254,0.0,0.0,0.0,0.0,0.0,0.0,0.0
2017-10-23,0.0,17.19,5.35,0.0,0.0,0.0,0.0,0.0,0.0,0.0,0.0,0.0,0.0
2017-10-24,0.0,17.05,2.34,0.0,0.0,0.0,0.0,0.0,0.0,0.0,0.0,0.0,0.0
2017-10-25,0.0,18.84,2.88,0.0,0.0,0.0,0.0,0.0,0.0,0.0,0.0,0.0,0.0
2017-10-26,0.0,18.42,3.16,0.0,0.0,0.0,0.0,0.0,0.0,0.0,0.0,0.0,0.0
2017-10-27,0.0,16.46,0.99,0.0,0.0,0.0,0.0,0.0,0.0,0.0,0.0,0.0,0.0
2017-10-28,0.0,17.67,2.18,0.0,0.0,0.0,0.0,0.0,0.0,0.0,0.0,0.0,0.0
2017-10-29,0.0,19.92,3.26,0.0,0.0,0.0,0.0,0.0,0.0,0.0,0.0,0.0,0.0
2017-10-30,0.0,13.34,3.06,0.0,0.0,0.0,0.0,0.0,0.0,0.0,0.0,0.0,0.0
2017-10-31,0.0,11.2,-0.55,0.0,0.0,0.0,0.0,0.0,0.0,0.0,0.0,0.0,0.0
2017-11-01,0.0,17.27,2.09,0.0,0.0,0.0,0.0,0.0,0.0,0.0,0.0,0.0,0.0
2017-11-02,0.0,18.26,6.25,0.0,0.0,0.0,0.0,0.0,0.0,0.0,0.0,0.0,0.0
2017-11-03,2.08,15.12,7.4,0.0,0.0,0.0,0.0,0.0,0.0,0.0,0.0,0.0,0.0
2017-11-04,3.46,11.14,5.44,0.0,0.0,0.0,0.0,0.00254,0.0,0.0,0.0,0.0,0.0
2017-11-05,1.32,9.0,2.87,0.00508,0.00508,0.00508,0.0,0.0254,0.00254,0.0076199999999999,0.00508,0.0,0.00254
2017-11-06,0.0,8.98,0.44,0.0076199999999999,0.0127,0.01016,0.0,0.0355599999999999,0.00508,0.0127,0.00508,0.0,0.01016
2017-11-07,0.0,6.74,-1.57,0.0127,0.0177799999999999,0.0127,0.0076199999999999,0.0355599999999999,0.01016,0.0127,0.0127,0.0,0.01016
2017-11-08,0.0,8.1,-5.08,0.0127,0.0177799999999999,0.0127,0.0076199999999999,0.0355599999999999,0.01016,0.0127,0.0127,0.0,0.01016
2017-11-09,0.0,14.79,-0.57,0.0127,0.0177799999999999,0.0127,0.0076199999999999,0.0355599999999999,0.01016,0.0127,0.0127,0.0,0.01016
2017-11-10,0.0,12.01,1.48,0.0152399999999999,0.0177799999999999,0.0152399999999999,0.0076199999999999,0.03302,0.01016,0.0177799999999999,0.01016,0.0,0.01016
2017-11-11,0.0,11.61,-0.14,0.0127,0.0177799999999999,0.0152399999999999,0.00508,0.03302,0.01016,0.0177799999999999,0.01016,0.0,0.01016
2017-11-12,0.0,13.11,-0.87,0.0127,0.0177799999999999,0.0152399999999999,0.00508,0.0304799999999999,0.01016,0.0177799999999999,0.0076199999999999,0.0,0.01016
2017-11-13,0.0,16.04,1.14,0.0127,0.0177799999999999,0.0152399999999999,0.00254,0.0304799999999999,0.00508,0.0177799999999999,0.00508,0.0,0.01016
2017-11-14,0.0,13.25,1.36,0.0127,0.0177799999999999,0.0152399999999999,0.0,0.0304799999999999,0.00254,0.0152399999999999,0.00254,0.0,0.01016
2017-11-15,0.0,15.08,0.8,0.0127,0.0177799999999999,0.0152399999999999,0.0,0.0254,0.0,0.0152399999999999,0.0,0.0,0.01016
2017-11-16,24.63,15.64,5.43,0.0127,0.0177799999999999,0.0152399999999999,0.0,0.0254,0.0,0.0152399999999999,0.0,0.0,0.01016
2017-11-17,20.77,7.94,-0.78,0.0177799999999999,0.04572,0.0380999999999999,0.0,0.04572,0.00254,0.02794,0.0076199999999999,0.0,0.0177799999999999
2017-11-18,0.0,4.13,-4.28,0.0355599999999999,0.09144,0.06858,0.0177799999999999,0.08128,0.03302,0.0711199999999999,0.02794,0.02286,0.04064
2017-11-19,0.0,5.67,-4.23,0.0355599999999999,0.09144,0.06858,0.0177799999999999,0.08128,0.03302,0.0711199999999999,0.02794,0.02286,0.04064
2017-11-20,0.0,8.86,-2.26,0.0355599999999999,0.09144,0.0635,0.0177799999999999,0.08128,0.03302,0.0711199999999999,0.02794,0.02286,0.04064
2017-11-21,0.0,15.17,2.93,0.0355599999999999,0.09144,0.0609599999999999,0.0177799999999999,0.08128,0.03302,0.0711199999999999,0.0304799999999999,0.02286,0.04064
2017-11-22,0.0,17.11,4.74,0.0355599999999999,0.09144,0.0609599999999999,0.0177799999999999,0.08128,0.0304799999999999,0.0711199999999999,0.0254,0.02032,0.04064
2017-11-23,0.0,16.73,5.41,0.03302,0.09144,0.05588,0.0177799999999999,0.0761999999999999,0.02794,0.0711199999999999,0.02032,0.0177799999999999,0.0355599999999999
2017-11-24,0.0,15.22,4.91,0.03302,0.09144,0.05334,0.0152399999999999,0.0711199999999999,0.02794,0.06858,0.0127,0.0152399999999999,0.0355599999999999
2017-11-25,0.0,13.7,1.48,0.02794,0.09144,0.0508,0.01016,0.0711199999999999,0.02032,0.06604,0.01016,0.0127,0.03302
2017-11-26,0.0,16.92,4.04,0.0254,0.09144,0.04826,0.01016,0.0711199999999999,0.0127,0.0635,0.0076199999999999,0.0076199999999999,0.03302
2017-11-27,2.89,15.56,1.6,0.0254,0.0888999999999999,0.0431799999999999,0.0076199999999999,0.06604,0.0076199999999999,0.0609599999999999,0.00254,0.00508,0.0304799999999999
2017-11-28,0.0,8.37,-3.04,0.0254,0.09398,0.04826,0.00508,0.0711199999999999,0.0127,0.06604,0.00508,0.01016,0.03302
2017-11-29,0.0,8.35,-2.7,0.0254,0.09398,0.04826,0.00508,0.0711199999999999,0.0127,0.06604,0.00508,0.01016,0.03302
2017-11-30,0.0,8.06,-3.81,0.0254,0.09398,0.04826,0.00508,0.0711199999999999,0.0127,0.06604,0.00508,0.01016,0.03302
2017-12-01,0.0,9.04,-1.35,0.0254,0.09398,0.04826,0.00508,0.0711199999999999,0.0127,0.06604,0.00508,0.01016,0.03302
2017-12-02,0.0,10.51,-2.09,0.0254,0.09398,0.04826,0.00508,0.0711199999999999,0.0127,0.06604,0.00254,0.01016,0.03302
2017-12-03,5.05,14.91,-1.65,0.0254,0.09398,0.04826,0.00254,0.0711199999999999,0.0127,0.06604,0.0,0.01016,0.03302
2017-12-04,0.0,1.44,-6.33,0.0355599999999999,0.10668,0.0635,0.0127,0.0838199999999999,0.04826,0.07874,0.04064,0.0152399999999999,0.04064
2017-12-05,0.0,1.01,-9.98,0.0355599999999999,0.10668,0.0635,0.0127,0.0838199999999999,0.04826,0.07874,0.04064,0.0152399999999999,0.04064
2017-12-06,0.0,0.12,-10.85,0.0355599999999999,0.10668,0.0635,0.0127,0.0838199999999999,0.04826,0.07874,0.04064,0.0152399999999999,0.04064
2017-12-07,0.0,0.86,-9.95,0.0355599999999999,0.10668,0.0635,0.0127,0.0838199999999999,0.04826,0.07874,0.04064,0.0152399999999999,0.04064
2017-12-08,0.0,2.76,-8.44,0.0355599999999999,0.10668,0.0635,0.0127,0.0838199999999999,0.04826,0.07874,0.04064,0.0152399999999999,0.04064
2017-12-09,0.0,3.28,-6.66,0.0355599999999999,0.10668,0.0635,0.0127,0.0838199999999999,0.04826,0.07874,0.04064,0.0152399999999999,0.04064
2017-12-10,0.0,3.35,-7.16,0.0355599999999999,0.10668,0.0635,0.0127,0.0838199999999999,0.04826,0.07874,0.04064,0.0152399999999999,0.04064
2017-12-11,0.0,2.17,-6.3,0.0355599999999999,0.10668,0.0635,0.0127,0.0838199999999999,0.04826,0.07874,0.04064,0.0152399999999999,0.04064
2017-12-12,0.0,0.99,-6.22,0.0355599999999999,0.10668,0.0635,0.0127,0.0838199999999999,0.04826,0.07874,0.04064,0.0152399999999999,0.04064
2017-12-13,0.0,0.23,-7.53,0.0355599999999999,0.10668,0.0635,0.0127,0.0838199999999999,0.04826,0.07874,0.04064,0.0152399999999999,0.04064
2017-12-14,0.0,3.14,-7.72,0.0431799999999999,0.1168399999999999,0.0736599999999999,0.0177799999999999,0.0888999999999999,0.05588,0.0838199999999999,0.04572,0.0177799999999999,0.04572
2017-12-15,0.0,4.39,-6.98,0.0431799999999999,0.1168399999999999,0.0736599999999999,0.0177799999999999,0.0888999999999999,0.05588,0.0838199999999999,0.04572,0.0177799999999999,0.04572
2017-12-16,1.97,1.51,-4.15,0.0431799999999999,0.1168399999999999,0.0736599999999999,0.0177799999999999,0.0888999999999999,0.05588,0.0838199999999999,0.04572,0.0177799999999999,0.04572
2017-12-17,0.0,1.84,-7.25,0.0431799999999999,0.11938,0.0761999999999999,0.0177799999999999,0.0888999999999999,0.05588,0.0838199999999999,0.04572,0.0177799999999999,0.04572
2017-12-18,0.0,3.57,-6.15,0.0431799999999999,0.11938,0.0761999999999999,0.0177799999999999,0.0888999999999999,0.05588,0.0838199999999999,0.04572,0.0177799999999999,0.04572
2017-12-19,0.0,7.77,-5.29,0.0431799999999999,0.11938,0.0761999999999999,0.0177799999999999,0.0888999999999999,0.05588,0.0838199999999999,0.04572,0.0177799999999999,0.04572
2017-12-20,1.86,9.26,-5.18,0.0431799999999999,0.11938,0.0761999999999999,0.0177799999999999,0.0888999999999999,0.05588,0.0838199999999999,0.04572,0.0177799999999999,0.04572
2017-12-21,0.0,2.14,-7.39,0.04572,0.12446,0.07874,0.02032,0.09144,0.0635,0.0863599999999999,0.0508,0.02032,0.04826
2017-12-22,5.61,1.62,-9.72,0.04572,0.12446,0.07874,0.02032,0.09144,0.0635,0.0863599999999999,0.0508,0.02032,0.04826
2017-12-23,6.32,2.64,-7.03,0.04572,0.127,0.07874,0.02032,0.09144,0.06604,0.09398,0.05588,0.02032,0.05334
2017-12-24,9.24,-1.53,-12.45,0.05588,0.1422399999999999,0.0888999999999999,0.0304799999999999,0.13208,0.0888999999999999,0.10668,0.0888999999999999,0.04064,0.0736599999999999
2017-12-25,0.0,2.88,-5.6,0.06858,0.1523999999999999,0.09398,0.0355599999999999,0.1422399999999999,0.1016,0.1168399999999999,0.0888999999999999,0.04572,0.08128
2017-12-26,0.0,3.57,-5.66,0.06858,0.16002,0.09906,0.04064,0.1473199999999999,0.10922,0.1219199999999999,0.10668,0.04826,0.0863599999999999
2017-12-27,0.0,5.49,-5.06,0.06858,0.16002,0.09906,0.04064,0.1473199999999999,0.10922,0.1219199999999999,0.10668,0.04826,0.0863599999999999
2017-12-28,0.0,6.58,-4.61,0.06858,0.16002,0.09906,0.04064,0.1473199999999999,0.10922,0.1219199999999999,0.10668,0.04826,0.0863599999999999
2017-12-29,0.0,9.56,-2.04,0.06858,0.16002,0.09906,0.04064,0.1473199999999999,0.10922,0.1219199999999999,0.1041399999999999,0.04826,0.0863599999999999
2017-12-30,0.0,9.39,-2.69,0.06858,0.16002,0.09906,0.04064,0.1473199999999999,0.10922,0.1219199999999999,0.1041399999999999,0.04826,0.0863599999999999
2017-12-31,0.0,4.08,-6.42,0.06858,0.16002,0.09906,0.04064,0.1473199999999999,0.10922,0.1219199999999999,0.1016,0.04826,0.0863599999999999
2018-01-01,0.0,4.59,-6.58,0.06858,0.16002,0.09906,0.04064,0.1473199999999999,0.10922,0.1219199999999999,0.1016,0.04826,0.0863599999999999
2018-01-02,0.0,3.1,-7.63,0.06858,0.16002,0.09906,0.04064,0.1473199999999999,0.10922,0.1219199999999999,0.1016,0.04826,0.0863599999999999
2018-01-03,0.0,2.84,-7.24,0.06858,0.16002,0.09906,0.04064,0.1473199999999999,0.10922,0.1219199999999999,0.1016,0.04826,0.0863599999999999
2018-01-04,0.0,4.78,-6.48,0.06858,0.16002,0.09906,0.04064,0.1473199999999999,0.10922,0.1219199999999999,0.1016,0.04826,0.0863599999999999
2018-01-05,0.0,5.76,-4.61,0.06858,0.16002,0.09906,0.04064,0.1473199999999999,0.10922,0.1219199999999999,0.1016,0.04826,0.0863599999999999
2018-01-06,7.59,3.49,-3.1,0.06858,0.16002,0.09906,0.04064,0.1473199999999999,0.10922,0.1219199999999999,0.1016,0.04826,0.0863599999999999
2018-01-07,0.0,5.14,-2.04,0.06858,0.1676399999999999,0.1016,0.04572,0.15748,0.1219199999999999,0.13208,0.11176,0.05588,0.09144
2018-01-08,5.36,4.94,-3.29,0.06858,0.1676399999999999,0.1016,0.04572,0.15748,0.1219199999999999,0.13208,0.11176,0.05588,0.09144
2018-01-09,7.19,8.26,0.54,0.06858,0.1676399999999999,0.1016,0.04572,0.16002,0.1219199999999999,0.13462,0.1143,0.05588,0.09144
2018-01-10,2.79,6.75,0.59,0.0761999999999999,0.17526,0.1016,0.05334,0.1676399999999999,0.127,0.15494,0.10668,0.0584199999999999,0.09652
2018-01-11,0.0,6.92,-2.2,0.07874,0.18288,0.10668,0.0584199999999999,0.17526,0.13462,0.1676399999999999,0.10922,0.0609599999999999,0.09906
2018-01-12,0.0,8.98,0.4,0.0838199999999999,0.18542,0.10922,0.0635,0.18542,0.13716,0.1727199999999999,0.10922,0.06858,0.10922
2018-01-13,0.0,8.73,-0.78,0.0838199999999999,0.18542,0.10922,0.0635,0.18542,0.13716,0.1727199999999999,0.10922,0.06858,0.10922
2018-01-14,0.0,7.14,-3.56,0.0838199999999999,0.18542,0.10922,0.0635,0.18542,0.13716,0.1727199999999999,0.10922,0.06858,0.10922
2018-01-15,0.0,6.82,-3.86,0.0838199999999999,0.18542,0.10922,0.0635,0.18542,0.13716,0.1727199999999999,0.10922,0.06858,0.10922
2018-01-16,0.0,7.74,-3.01,0.0838199999999999,0.18542,0.10922,0.0635,0.18542,0.13716,0.1727199999999999,0.10922,0.06858,0.10922
2018-01-17,0.0,9.3,-2.39,0.0838199999999999,0.18542,0.10922,0.0635,0.18542,0.13716,0.1727199999999999,0.10922,0.06858,0.10922
2018-01-18,0.0,10.81,-0.63,0.0838199999999999,0.18542,0.10922,0.0635,0.18542,0.13716,0.1727199999999999,0.10922,0.06858,0.10922
2018-01-19,6.41,10.47,-1.69,0.0838199999999999,0.18542,0.10922,0.0635,0.18542,0.13716,0.1727199999999999,0.10922,0.06858,0.10922
2018-01-20,2.87,1.89,-3.3,0.0838199999999999,0.19558,0.1168399999999999,0.06858,0.19558,0.1473199999999999,0.18542,0.1168399999999999,0.0711199999999999,0.1143
2018-01-21,0.0,1.87,-6.73,0.0888999999999999,0.21336,0.127,0.07874,0.2057399999999999,0.1651,0.2032,0.12954,0.0761999999999999,0.1219199999999999
2018-01-22,0.0,0.28,-9.0,0.0888999999999999,0.21336,0.127,0.07874,0.2057399999999999,0.1651,0.2032,0.12954,0.07874,0.1219199999999999
2018-01-23,0.0,4.21,-6.82,0.0888999999999999,0.21844,0.127,0.07874,0.2082799999999999,0.1651,0.2032,0.13462,0.07874,0.1219199999999999
2018-01-24,0.0,6.45,-5.48,0.0888999999999999,0.21844,0.127,0.07874,0.2082799999999999,0.1651,0.2032,0.13462,0.07874,0.1219199999999999
2018-01-25,1.95,7.42,-3.89,0.0888999999999999,0.21844,0.127,0.07874,0.2082799999999999,0.1651,0.2032,0.13716,0.08128,0.1219199999999999
2018-01-26,0.0,3.87,-5.08,0.09398,0.22606,0.12954,0.0863599999999999,0.21336,0.17018,0.21336,0.13716,0.08128,0.127
2018-01-27,0.0,4.31,-4.94,0.09398,0.2286,0.12954,0.0863599999999999,0.2158999999999999,0.1727199999999999,0.2158999999999999,0.13716,0.08128,0.127
2018-01-28,0.0,9.52,-0.32,0.09398,0.2286,0.13208,0.0888999999999999,0.2158999999999999,0.1727199999999999,0.2158999999999999,0.13716,0.0838199999999999,0.12954
2018-01-29,0.0,10.66,-1.46,0.09398,0.2286,0.13208,0.0888999999999999,0.2158999999999999,0.1727199999999999,0.2158999999999999,0.13716,0.0838199999999999,0.12954
2018-01-30,0.0,12.12,0.86,0.09652,0.2286,0.13208,0.0888999999999999,0.2158999999999999,0.1727199999999999,0.2158999999999999,0.13716,0.0838199999999999,0.12954
2018-01-31,0.0,9.13,1.86,0.09652,0.2286,0.13208,0.09144,0.2158999999999999,0.1727199999999999,0.2158999999999999,0.13716,0.0838199999999999,0.12954
2018-02-01,0.0,9.87,1.29,0.09652,0.2286,0.13208,0.09144,0.2158999999999999,0.1727199999999999,0.2158999999999999,0.13716,0.08128,0.12954
2018-02-02,0.0,11.58,3.26,0.09652,0.2286,0.13208,0.09144,0.2158999999999999,0.1727199999999999,0.2158999999999999,0.13462,0.07874,0.12954
2018-02-03,0.0,12.48,4.01,0.09652,0.2286,0.13208,0.09144,0.2158999999999999,0.1727199999999999,0.2158999999999999,0.13462,0.07874,0.12954
2018-02-04,0.0,11.22,3.89,0.09652,0.2311399999999999,0.13208,0.09144,0.2158999999999999,0.1727199999999999,0.2158999999999999,0.13208,0.0711199999999999,0.12954
2018-02-05,0.0,10.87,4.41,0.09652,0.2311399999999999,0.13208,0.09144,0.2158999999999999,0.1727199999999999,0.21844,0.13208,0.06604,0.12954
2018-02-06,0.0,8.66,-0.88,0.09906,0.2413,0.13716,0.09144,0.2209799999999999,0.1727199999999999,0.22352,0.13462,0.0584199999999999,0.13462
2018-02-07,0.0,10.69,-1.89,0.09906,0.2413,0.13716,0.0888999999999999,0.2209799999999999,0.17526,0.22606,0.13462,0.05334,0.13462
2018-02-08,0.0,12.66,0.03,0.09906,0.2413,0.13716,0.0863599999999999,0.2209799999999999,0.17526,0.22606,0.13462,0.05334,0.13462
2018-02-09,0.0,14.23,3.02,0.09906,0.2413,0.13716,0.0888999999999999,0.2209799999999999,0.17526,0.22606,0.13462,0.0508,0.13462
2018-02-10,0.0,8.6,-1.98,0.1016,0.23876,0.13716,0.0888999999999999,0.2209799999999999,0.17526,0.22606,0.13462,0.0508,0.13462
2018-02-11,0.0,6.3,-6.71,0.1016,0.23876,0.13716,0.0863599999999999,0.2209799999999999,0.1777999999999999,0.22606,0.13462,0.04826,0.13462
2018-02-12,0.0,8.04,-2.64,0.1016,0.23876,0.13716,0.0838199999999999,0.2209799999999999,0.1777999999999999,0.22606,0.13462,0.04826,0.13462
2018-02-13,0.0,6.73,-4.73,0.1016,0.23876,0.13716,0.0838199999999999,0.2209799999999999,0.1803399999999999,0.2286,0.13462,0.04572,0.13462
2018-02-14,0.0,8.72,-2.53,0.1016,0.23876,0.13716,0.0838199999999999,0.2209799999999999,0.1803399999999999,0.2311399999999999,0.13462,0.0431799999999999,0.13462
2018-02-15,0.0,3.87,-3.3,0.10668,0.2438399999999999,0.1397,0.0888999999999999,0.22606,0.18288,0.23622,0.14478,0.04064,0.13462
2018-02-16,0.0,4.78,-7.24,0.10668,0.24892,0.1422399999999999,0.09144,0.23622,0.1905,0.2413,0.15748,0.04064,0.13716
2018-02-17,0.0,12.39,-2.23,0.10668,0.24892,0.1422399999999999,0.09144,0.23622,0.1905,0.2413,0.15748,0.0431799999999999,0.14478
2018-02-18,5.1,10.61,-1.29,0.10668,0.24892,0.1422399999999999,0.09144,0.23622,0.1905,0.2463799999999999,0.15748,0.0431799999999999,0.14478
2018-02-19,5.85,-1.66,-6.27,0.1143,0.26416,0.16002,0.10922,0.254,0.21082,0.2667,0.1777999999999999,0.04572,0.15494
2018-02-20,1.42,-2.76,-10.73,0.1168399999999999,0.27432,0.1676399999999999,0.1168399999999999,0.26416,0.2209799999999999,0.2717799999999999,0.19558,0.04826,0.15748
2018-02-21,0.0,-0.69,-13.77,0.1168399999999999,0.27432,0.1676399999999999,0.1168399999999999,0.2667,0.22352,0.2717799999999999,0.19558,0.04826,0.15748
2018-02-22,3.26,-0.81,-11.25,0.1168399999999999,0.27432,0.1676399999999999,0.1168399999999999,0.2667,0.22606,0.2717799999999999,0.19558,0.04826,0.15748
2018-02-23,5.96,-2.23,-10.09,0.1168399999999999,0.27686,0.17018,0.1168399999999999,0.26924,0.22606,0.2819399999999999,0.20066,0.0508,0.15748
2018-02-24,1.25,-1.49,-11.09,0.1168399999999999,0.27686,0.17018,0.1219199999999999,0.27432,0.2286,0.2844799999999999,0.2057399999999999,0.0508,0.16256
2018-02-25,0.0,0.93,-7.76,0.11938,0.27686,0.1727199999999999,0.1219199999999999,0.27686,0.2286,0.28956,0.2082799999999999,0.05334,0.1651
2018-02-26,0.0,4.66,-4.36,0.11938,0.2794,0.1727199999999999,0.1219199999999999,0.2794,0.2336799999999999,0.2920999999999999,0.21336,0.05334,0.1676399999999999
2018-02-27,0.0,3.34,-3.62,0.11938,0.2819399999999999,0.1727199999999999,0.1219199999999999,0.2844799999999999,0.2336799999999999,0.2946399999999999,0.2158999999999999,0.05588,0.17018
2018-02-28,0.0,3.57,-5.1,0.11938,0.2819399999999999,0.1727199999999999,0.1219199999999999,0.2844799999999999,0.2336799999999999,0.2946399999999999,0.2158999999999999,0.05588,0.17018
2018-03-01,1.27,6.67,-3.52,0.11938,0.2819399999999999,0.1727199999999999,0.1219199999999999,0.2844799999999999,0.2336799999999999,0.2946399999999999,0.2158999999999999,0.05588,0.17018
2018-03-02,0.0,9.37,-1.04,0.11938,0.2819399999999999,0.1727199999999999,0.12446,0.28956,0.23622,0.29972,0.2209799999999999,0.0584199999999999,0.17526
2018-03-03,9.34,7.03,-1.89,0.11938,0.2819399999999999,0.1727199999999999,0.127,0.28956,0.23622,0.29972,0.2209799999999999,0.05588,0.17526
2018-03-04,5.92,2.8,-3.31,0.11938,0.2819399999999999,0.1727199999999999,0.127,0.28956,0.2413,0.3047999999999999,0.2209799999999999,0.05334,0.17526
2018-03-05,0.0,2.69,-5.33,0.13462,0.2946399999999999,0.18288,0.1397,0.30734,0.2667,0.3175,0.2336799999999999,0.0584199999999999,0.18288
2018-03-06,0.0,6.41,-6.95,0.13462,0.2946399999999999,0.18288,0.1397,0.30734,0.2667,0.3175,0.2336799999999999,0.0584199999999999,0.18288
2018-03-07,0.0,8.57,-6.63,0.13462,0.2946399999999999,0.18288,0.1397,0.30734,0.2667,0.3175,0.2336799999999999,0.0584199999999999,0.18288
2018-03-08,0.0,12.6,-3.59,0.13462,0.2946399999999999,0.18288,0.1397,0.30734,0.2667,0.3175,0.2336799999999999,0.05588,0.18288
2018-03-09,0.0,13.75,0.27,0.13462,0.2946399999999999,0.18288,0.1397,0.30734,0.2667,0.3175,0.2311399999999999,0.04826,0.18288
2018-03-10,0.0,13.3,2.11,0.13462,0.2946399999999999,0.18288,0.1397,0.30734,0.26416,0.3175,0.22606,0.04064,0.18288
2018-03-11,0.0,15.95,0.61,0.13462,0.2946399999999999,0.18288,0.1397,0.30734,0.26162,0.3175,0.22352,0.03302,0.18288
2018-03-12,0.0,16.71,1.68,0.13208,0.2946399999999999,0.18288,0.1397,0.30734,0.25908,0.3175,0.2209799999999999,0.0254,0.18288
2018-03-13,0.0,18.1,0.91,0.12954,0.2946399999999999,0.18288,0.1397,0.3047999999999999,0.25654,0.3175,0.21844,0.02032,0.18288
2018-03-14,16.34,16.18,1.32,0.12954,0.2971799999999999,0.18288,0.1397,0.29972,0.25654,0.3175,0.21082,0.01016,0.18288
2018-03-15,7.16,7.68,0.31,0.13462,0.30734,0.1905,0.1473199999999999,0.30988,0.2717799999999999,0.34036,0.2209799999999999,0.0127,0.18542
2018-03-16,0.0,10.97,-1.77,0.1397,0.31496,0.19558,0.15748,0.32004,0.2819399999999999,0.3454399999999999,0.2336799999999999,0.01016,0.19304
2018-03-17,4.72,7.21,-0.76,0.1397,0.3175,0.19558,0.15748,0.32512,0.2844799999999999,0.35052,0.23622,0.0076199999999999,0.19304
2018-03-18,1.73,6.22,-2.39,0.1523999999999999,0.33782,0.2158999999999999,0.1676399999999999,0.34036,0.29972,0.36576,0.2463799999999999,0.00254,0.20066
2018-03-19,0.0,7.49,-3.16,0.1523999999999999,0.3429,0.22606,0.17526,0.3479799999999999,0.30734,0.3682999999999999,0.25146,0.0,0.2032
2018-03-20,0.0,12.43,-1.49,0.15748,0.3429,0.2286,0.17526,0.3479799999999999,0.30734,0.3682999999999999,0.25146,0.0,0.2032
2018-03-21,0.0,15.09,1.53,0.15748,0.3429,0.2286,0.1777999999999999,0.3479799999999999,0.30734,0.3682999999999999,0.25146,0.0,0.2032
2018-03-22,17.5,15.37,6.14,0.1523999999999999,0.3454399999999999,0.2286,0.1777999999999999,0.3479799999999999,0.29972,0.3682999999999999,0.2463799999999999,0.0,0.20066
2018-03-23,10.45,12.51,2.77,0.15494,0.3555999999999999,0.23622,0.18542,0.3555999999999999,0.30226,0.4114799999999999,0.2158999999999999,0.0,0.19558
2018-03-24,0.0,11.66,1.5,0.1651,0.3606799999999999,0.2413,0.18542,0.3682999999999999,0.3175,0.4191,0.21844,0.0,0.20066
2018-03-25,11.17,4.65,-1.03,0.1651,0.3606799999999999,0.2413,0.18542,0.3682999999999999,0.32512,0.4191,0.2158999999999999,0.0,0.19812
2018-03-26,1.91,6.22,-3.76,0.17018,0.3682999999999999,0.25146,0.18542,0.3682999999999999,0.3302,0.4191,0.2158999999999999,0.0,0.20066
2018-03-27,0.0,9.7,-3.94,0.17018,0.37592,0.25908,0.19304,0.3682999999999999,0.3302,0.4191,0.21844,0.0,0.20066
2018-03-28,0.0,12.26,0.93,0.1777999999999999,0.37592,0.25908,0.19304,0.37084,0.3302,0.42164,0.2209799999999999,0.0,0.20066
2018-03-29,0.0,12.18,0.53,0.1777999999999999,0.37592,0.25908,0.19812,0.37338,0.3302,0.4241799999999999,0.22352,0.0,0.20066
2018-03-30,0.0,17.1,1.82,0.1727199999999999,0.37592,0.25908,0.19812,0.37084,0.32512,0.4241799999999999,0.21844,0.0,0.19558
2018-03-31,0.0,18.33,5.25,0.1676399999999999,0.37592,0.25908,0.19812,0.36322,0.31242,0.4191,0.2082799999999999,0.0,0.19304
2018-04-01,0.0,17.05,3.2,0.16002,0.37592,0.254,0.18542,0.3429,0.2946399999999999,0.41402,0.18796,0.0,0.1803399999999999
2018-04-02,1.83,13.54,-0.06,0.15494,0.37592,0.2463799999999999,0.17526,0.32766,0.28702,0.4114799999999999,0.1727199999999999,0.0,0.17018
2018-04-03,0.0,10.14,-5.1,0.15494,0.381,0.2438399999999999,0.17018,0.34036,0.2920999999999999,0.4165599999999999,0.1777999999999999,0.0,0.17018
2018-04-04,0.0,14.2,0.57,0.15494,0.381,0.2438399999999999,0.1651,0.34036,0.2920999999999999,0.4165599999999999,0.1777999999999999,0.0,0.17018
2018-04-05,2.87,16.83,3.85,0.1523999999999999,0.381,0.2438399999999999,0.16256,0.3352799999999999,0.28702,0.4241799999999999,0.1676399999999999,0.0,0.1651
2018-04-06,9.09,12.62,5.76,0.14478,0.381,0.2438399999999999,0.15748,0.3302,0.26924,0.4165599999999999,0.1523999999999999,0.0,0.1523999999999999
2018-04-07,7.23,13.02,7.5,0.14478,0.381,0.2438399999999999,0.15494,0.33782,0.25908,0.42164,0.1422399999999999,0.0,0.1422399999999999
2018-04-08,1.07,12.49,4.54,0.1397,0.38354,0.25146,0.14478,0.3429,0.24892,0.41402,0.11938,0.0,0.13208
2018-04-09,0.0,13.74,2.42,0.1397,0.38608,0.25908,0.1422399999999999,0.3479799999999999,0.2438399999999999,0.4191,0.1219199999999999,0.0,0.12446
2018-04-10,0.0,19.56,2.67,0.13716,0.38354,0.26162,0.13462,0.3454399999999999,0.2413,0.4191,0.11176,0.0,0.1219199999999999
2018-04-11,0.0,19.35,6.44,0.1219199999999999,0.381,0.25908,0.12446,0.3302,0.22352,0.4191,0.09144,0.0,0.10668
2018-04-12,12.4,13.14,1.74,0.09906,0.37338,0.24892,0.1016,0.30734,0.19558,0.4064,0.06604,0.0,0.0863599999999999
2018-04-13,0.0,8.65,-0.38,0.10668,0.38862,0.26416,0.1041399999999999,0.32258,0.21844,0.41402,0.07874,0.0,0.09652
2018-04-14,0.0,13.29,0.32,0.11176,0.38862,0.26416,0.10668,0.32766,0.21844,0.42164,0.07874,0.0,0.09652
2018-04-15,0.0,19.68,3.8,0.11176,0.38862,0.2667,0.1041399999999999,0.32512,0.21336,0.42164,0.0736599999999999,0.0,0.09144
2018-04-16,1.29,22.42,4.02,0.1041399999999999,0.38862,0.2667,0.09652,0.32512,0.21336,0.42164,0.0635,0.0,0.0838199999999999
2018-04-17,0.0,9.4,0.26,0.0863599999999999,0.38354,0.25654,0.08128,0.3047999999999999,0.1905,0.4191,0.0380999999999999,0.0,0.0635
2018-04-18,0.0,13.75,-1.2,0.0888999999999999,0.39116,0.26416,0.08128,0.31242,0.20066,0.4241799999999999,0.0431799999999999,0.0,0.0609599999999999
2018-04-19,0.0,19.64,4.53,0.0863599999999999,0.39116,0.26924,0.0736599999999999,0.29972,0.20066,0.4241799999999999,0.0380999999999999,0.0,0.0609599999999999
2018-04-20,0.0,17.75,5.63,0.0736599999999999,0.39116,0.2667,0.0635,0.2794,0.1803399999999999,0.4241799999999999,0.02794,0.0,0.04572
2018-04-21,0.0,19.06,3.24,0.0711199999999999,0.39116,0.25908,0.0508,0.2794,0.17018,0.42164,0.02032,0.0,0.0304799999999999
2018-04-22,1.76,22.98,4.83,0.04572,0.37846,0.2438399999999999,0.0177799999999999,0.23876,0.13716,0.40894,0.0076199999999999,0.0,0.01016
2018-04-23,0.0,19.87,6.84,0.02286,0.3555999999999999,0.22606,0.0,0.19558,0.09906,0.381,0.0,0.0,0.0
2018-04-24,0.0,19.05,3.78,0.01016,0.3429,0.21336,0.0,0.1905,0.0635,0.37338,0.0,0.0,0.0
2018-04-25,0.0,21.61,4.77,0.0,0.32766,0.2032,0.0,0.17526,0.0304799999999999,0.3606799999999999,0.0,0.0,0.0
2018-04-26,0.0,24.01,6.55,0.0,0.31242,0.18542,0.0,0.1422399999999999,0.0177799999999999,0.3429,0.0,0.0,0.0
2018-04-27,0.0,27.94,7.58,0.0,0.2794,0.16002,0.0,0.10668,0.0076199999999999,0.32004,0.0,0.0,0.0
2018-04-28,0.0,28.01,10.5,0.0,0.254,0.13716,0.0,0.0635,0.0,0.2946399999999999,0.0,0.0,0.0
2018-04-29,6.32,19.3,6.03,0.0,0.2311399999999999,0.10668,0.0,0.02032,0.0,0.26924,0.0,0.0,0.0
2018-04-30,11.3,14.03,2.72,0.0,0.2158999999999999,0.0863599999999999,0.0,0.00254,0.0,0.25654,0.0,0.0,0.0
2018-05-01,0.0,15.52,2.16,0.0,0.22606,0.09652,0.0,0.0127,0.0152399999999999,0.26162,0.0,0.0,0.0
2018-05-02,1.91,14.08,3.38,0.0,0.22606,0.09144,0.0,0.00508,0.00254,0.26162,0.0,0.0,0.0
2018-05-03,0.0,18.46,3.56,0.0,0.22352,0.0838199999999999,0.0,0.0,0.00508,0.2819399999999999,0.0,0.0,0.0
2018-05-04,0.0,23.0,5.12,0.0,0.21844,0.06604,0.0,0.0,0.00254,0.2794,0.0,0.0,0.0
2018-05-05,0.0,24.74,8.54,0.0,0.19304,0.0380999999999999,0.0,0.0,0.0,0.2667,0.0,0.0,0.0
2018-05-06,0.0,27.62,11.23,0.0,0.1676399999999999,0.0254,0.0,0.0,0.0,0.25146,0.0,0.0,0.0
2018-05-07,0.0,26.21,11.12,0.0,0.13716,0.0127,0.0,0.0,0.0,0.21844,0.0,0.0,0.0
2018-05-08,0.0,26.22,9.11,0.0,0.10668,0.01016,0.0,0.0,0.0,0.1803399999999999,0.0,0.0,0.0
2018-05-09,0.0,28.2,11.28,0.0,0.0711199999999999,0.00508,0.0,0.0,0.0,0.14986,0.0,0.0,0.0
2018-05-10,1.93,23.67,12.75,0.0,0.03302,0.0,0.0,0.0,0.0,0.1168399999999999,0.0,0.0,0.0
2018-05-11,9.13,15.26,8.35,0.0,0.01016,0.0,0.0,0.0,0.0,0.1041399999999999,0.0,0.0,0.0
2018-05-12,7.05,11.17,5.61,0.0,0.0127,0.0,0.0,0.0,0.0,0.09906,0.0,0.0,0.0
2018-05-13,0.0,19.22,3.81,0.0,0.0127,0.0,0.0,0.0,0.0,0.09652,0.0,0.0,0.0
2018-05-14,1.38,20.54,5.58,0.0,0.0,0.0,0.0,0.0,0.0,0.07874,0.0,0.0,0.0
2018-05-15,0.0,22.63,6.41,0.0,0.0,0.0,0.0,0.0,0.0,0.0711199999999999,0.0,0.0,0.0
2018-05-16,0.0,25.47,8.64,0.0,0.0,0.0,0.0,0.0,0.0,0.0431799999999999,0.0,0.0,0.0
2018-05-17,0.0,25.22,9.29,0.0,0.0,0.0,0.0,0.0,0.0,0.00508,0.0,0.0,0.0
2018-05-18,0.0,21.9,9.51,0.0,0.0,0.0,0.0,0.0,0.0,0.0,0.0,0.0,0.0
2018-05-19,0.0,23.02,9.66,0.0,0.0,0.0,0.0,0.0,0.0,0.0,0.0,0.0,0.0
2018-05-20,0.0,25.68,11.38,0.0,0.0,0.0,0.0,0.0,0.0,0.0,0.0,0.0,0.0
2018-05-21,0.0,25.02,9.67,0.0,0.0,0.0,0.0,0.0,0.0,0.0,0.0,0.0,0.0
2018-05-22,2.79,20.91,10.46,0.0,0.0,0.0,0.0,0.0,0.0,0.0,0.0,0.0,0.0
2018-05-23,0.0,23.37,8.86,0.0,0.0,0.0,0.0,0.0,0.0,0.0,0.0,0.0,0.0
2018-05-24,0.0,27.52,10.65,0.0,0.0,0.0,0.0,0.0,0.0,0.0,0.0,0.0,0.0
2018-05-25,0.0,29.73,11.32,0.0,0.0,0.0,0.0,0.0,0.0,0.0,0.0,0.0,0.0
2018-05-26,0.0,27.36,11.98,0.0,0.0,0.0,0.0,0.0,0.0,0.0,0.0,0.0,0.0
2018-05-27,1.53,20.01,10.24,0.0,0.0,0.0,0.0,0.0,0.0,0.0,0.0,0.0,0.0
2018-05-28,1.1,19.65,8.69,0.0,0.0,0.0,0.0,0.0,0.0,0.0,0.0,0.0,0.0
2018-05-29,0.0,24.26,10.56,0.0,0.0,0.0,0.0,0.0,0.0,0.0,0.0,0.0,0.0
2018-05-30,2.59,28.28,10.78,0.0,0.0,0.0,0.0,0.0,0.0,0.0,0.0,0.0,0.0
2018-05-31,1.57,28.03,11.35,0.0,0.0,0.0,0.0,0.0,0.0,0.0,0.0,0.0,0.0
2018-06-01,0.0,20.98,9.27,0.0,0.0,0.0,0.0,0.0,0.0,0.0,0.0,0.0,0.0
2018-06-02,0.0,24.8,7.65,0.0,0.0,0.0,0.0,0.0,0.0,0.0,0.0,0.0,0.0
2018-06-03,0.0,28.5,9.96,0.0,0.0,0.0,0.0,0.0,0.0,0.0,0.0,0.0,0.0
2018-06-04,0.0,33.16,12.35,0.0,0.0,0.0,0.0,0.0,0.0,0.0,0.0,0.0,0.0
2018-06-05,0.0,31.88,13.49,0.0,0.0,0.0,0.0,0.0,0.0,0.0,0.0,0.0,0.0
2018-06-06,0.0,31.64,12.75,0.0,0.0,0.0,0.0,0.0,0.0,0.0,0.0,0.0,0.0
2018-06-07,0.0,31.65,14.52,0.0,0.0,0.0,0.0,0.0,0.0,0.0,0.0,0.0,0.0
2018-06-08,0.0,30.71,12.56,0.0,0.0,0.0,0.0,0.0,0.0,0.0,0.0,0.0,0.0
2018-06-09,0.0,31.82,13.59,0.0,0.0,0.0,0.0,0.0,0.0,0.0,0.0,0.0,0.0
2018-06-10,0.0,22.99,9.87,0.0,0.0,0.0,0.0,0.0,0.0,0.0,0.0,0.0,0.0
2018-06-11,0.0,25.87,7.02,0.0,0.0,0.0,0.0,0.0,0.0,0.0,0.0,0.0,0.0
2018-06-12,0.0,27.21,7.14,0.0,0.0,0.0,0.0,0.0,0.0,0.0,0.0,0.0,0.0
2018-06-13,0.0,33.11,10.59,0.0,0.0,0.0,0.0,0.0,0.0,0.0,0.0,0.0,0.0
2018-06-14,0.0,32.05,13.72,0.0,0.0,0.0,0.0,0.0,0.0,0.0,0.0,0.0,0.0
2018-06-15,0.0,29.09,13.06,0.0,0.0,0.0,0.0,0.0,0.0,0.0,0.0,0.0,0.0
2018-06-16,0.0,27.0,12.81,0.0,0.0,0.0,0.0,0.0,0.0,0.0,0.0,0.0,0.0
2018-06-17,1.73,30.65,15.31,0.0,0.0,0.0,0.0,0.0,0.0,0.0,0.0,0.0,0.0
2018-06-18,0.0,25.33,12.49,0.0,0.0,0.0,0.0,0.0,0.0,0.0,0.0,0.0,0.0
2018-06-19,0.0,24.44,11.63,0.0,0.0,0.0,0.0,0.0,0.0,0.0,0.0,0.0,0.0
2018-06-20,0.0,27.72,10.81,0.0,0.0,0.0,0.0,0.0,0.0,0.0,0.0,0.0,0.0
2018-06-21,0.0,31.67,12.37,0.0,0.0,0.0,0.0,0.0,0.0,0.0,0.0,0.0,0.0
2018-06-22,0.0,28.34,13.08,0.0,0.0,0.0,0.0,0.0,0.0,0.0,0.0,0.0,0.0
2018-06-23,0.0,28.8,13.07,0.0,0.0,0.0,0.0,0.0,0.0,0.0,0.0,0.0,0.0
2018-06-24,0.0,26.72,11.95,0.0,0.0,0.0,0.0,0.0,0.0,0.0,0.0,0.0,0.0
2018-06-25,0.0,32.05,12.37,0.0,0.0,0.0,0.0,0.0,0.0,0.0,0.0,0.0,0.0
2018-06-26,0.0,33.7,14.75,0.0,0.0,0.0,0.0,0.0,0.0,0.0,0.0,0.0,0.0
2018-06-27,0.0,35.19,13.84,0.0,0.0,0.0,0.0,0.0,0.0,0.0,0.0,0.0,0.0
2018-06-28,0.0,34.68,16.87,0.0,0.0,0.0,0.0,0.0,0.0,0.0,0.0,0.0,0.0
2018-06-29,0.0,26.72,13.35,0.0,0.0,0.0,0.0,0.0,0.0,0.0,0.0,0.0,0.0
2018-06-30,0.0,25.61,11.95,0.0,0.0,0.0,0.0,0.0,0.0,0.0,0.0,0.0,0.0
2018-07-01,0.0,29.02,12.0,0.0,0.0,0.0,0.0,0.0,0.0,0.0,0.0,0.0,0.0
2018-07-02,0.0,32.31,13.15,0.0,0.0,0.0,0.0,0.0,0.0,0.0,0.0,0.0,0.0
2018-07-03,0.0,29.41,14.95,0.0,0.0,0.0,0.0,0.0,0.0,0.0,0.0,0.0,0.0
2018-07-04,0.0,34.15,12.11,0.0,0.0,0.0,0.0,0.0,0.0,0.0,0.0,0.0,0.0
2018-07-05,0.0,35.93,16.32,0.0,0.0,0.0,0.0,0.0,0.0,0.0,0.0,0.0,0.0
2018-07-06,0.0,37.41,19.01,0.0,0.0,0.0,0.0,0.0,0.0,0.0,0.0,0.0,0.0
2018-07-07,0.0,36.18,20.03,0.0,0.0,0.0,0.0,0.0,0.0,0.0,0.0,0.0,0.0
2018-07-08,0.0,36.47,18.83,0.0,0.0,0.0,0.0,0.0,0.0,0.0,0.0,0.0,0.0
2018-07-09,0.0,36.71,19.71,0.0,0.0,0.0,0.0,0.0,0.0,0.0,0.0,0.0,0.0
2018-07-10,0.0,35.94,21.26,0.0,0.0,0.0,0.0,0.0,0.0,0.0,0.0,0.0,0.0
2018-07-11,0.0,33.81,19.98,0.0,0.0,0.0,0.0,0.0,0.0,0.0,0.0,0.0,0.0
2018-07-12,0.0,34.24,19.22,0.0,0.0,0.0,0.0,0.0,0.0,0.0,0.0,0.0,0.0
2018-07-13,0.0,35.16,18.92,0.0,0.0,0.0,0.0,0.0,0.0,0.0,0.0,0.0,0.0
2018-07-14,0.0,32.7,18.91,0.0,0.0,0.0,0.0,0.0,0.0,0.0,0.0,0.0,0.0
2018-07-15,0.0,35.18,17.12,0.0,0.0,0.0,0.0,0.0,0.0,0.0,0.0,0.0,0.0
2018-07-16,0.47,35.23,19.39,0.0,0.0,0.0,0.0,0.0,0.0,0.0,0.0,0.0,0.0
2018-07-17,0.0,34.12,18.45,0.0,0.0,0.0,0.0,0.0,0.0,0.0,0.0,0.0,0.0
2018-07-18,0.0,35.21,17.47,0.0,0.0,0.0,0.0,0.0,0.0,0.0,0.0,0.0,0.0
2018-07-19,0.0,35.61,17.53,0.0,0.0,0.0,0.0,0.0,0.0,0.0,0.0,0.0,0.0
2018-07-20,0.0,33.98,18.63,0.0,0.0,0.0,0.0,0.0,0.0,0.0,0.0,0.0,0.0
2018-07-21,0.0,33.7,19.8,0.0,0.0,0.0,0.0,0.0,0.0,0.0,0.0,0.0,0.0
2018-07-22,0.0,29.43,20.44,0.0,0.0,0.0,0.0,0.0,0.0,0.0,0.0,0.0,0.0
2018-07-23,0.0,34.31,17.01,0.0,0.0,0.0,0.0,0.0,0.0,0.0,0.0,0.0,0.0
2018-07-24,0.0,36.13,17.74,0.0,0.0,0.0,0.0,0.0,0.0,0.0,0.0,0.0,0.0
2018-07-25,0.0,35.09,20.53,0.0,0.0,0.0,0.0,0.0,0.0,0.0,0.0,0.0,0.0
2018-07-26,0.0,35.31,18.41,0.0,0.0,0.0,0.0,0.0,0.0,0.0,0.0,0.0,0.0
2018-07-27,0.0,35.74,19.17,0.0,0.0,0.0,0.0,0.0,0.0,0.0,0.0,0.0,0.0
2018-07-28,0.0,35.61,17.96,0.0,0.0,0.0,0.0,0.0,0.0,0.0,0.0,0.0,0.0
2018-07-29,0.0,33.55,16.74,0.0,0.0,0.0,0.0,0.0,0.0,0.0,0.0,0.0,0.0
2018-07-30,0.0,34.62,16.6,0.0,0.0,0.0,0.0,0.0,0.0,0.0,0.0,0.0,0.0
2018-07-31,0.0,35.67,16.72,0.0,0.0,0.0,0.0,0.0,0.0,0.0,0.0,0.0,0.0
2018-08-01,0.0,34.92,19.79,0.0,0.0,0.0,0.0,0.0,0.0,0.0,0.0,0.0,0.0
2018-08-02,1.28,32.03,20.5,0.0,0.0,0.0,0.0,0.0,0.0,0.0,0.0,0.0,0.0
2018-08-03,0.0,32.71,17.87,0.0,0.0,0.0,0.0,0.0,0.0,0.0,0.0,0.0,0.0
2018-08-04,0.0,31.47,14.87,0.0,0.0,0.0,0.0,0.0,0.0,0.0,0.0,0.0,0.0
2018-08-05,0.0,30.96,15.68,0.0,0.0,0.0,0.0,0.0,0.0,0.0,0.0,0.0,0.0
2018-08-06,0.0,31.79,13.74,0.0,0.0,0.0,0.0,0.0,0.0,0.0,0.0,0.0,0.0
2018-08-07,0.0,32.7,14.17,0.0,0.0,0.0,0.0,0.0,0.0,0.0,0.0,0.0,0.0
2018-08-08,0.0,34.3,14.56,0.0,0.0,0.0,0.0,0.0,0.0,0.0,0.0,0.0,0.0
2018-08-09,0.0,35.77,15.78,0.0,0.0,0.0,0.0,0.0,0.0,0.0,0.0,0.0,0.0
2018-08-10,0.0,36.22,18.4,0.0,0.0,0.0,0.0,0.0,0.0,0.0,0.0,0.0,0.0
2018-08-11,0.0,35.72,17.57,0.0,0.0,0.0,0.0,0.0,0.0,0.0,0.0,0.0,0.0
2018-08-12,0.0,34.54,18.77,0.0,0.0,0.0,0.0,0.0,0.0,0.0,0.0,0.0,0.0
2018-08-13,0.0,34.11,19.68,0.0,0.0,0.0,0.0,0.0,0.0,0.0,0.0,0.0,0.0
2018-08-14,0.0,34.11,18.32,0.0,0.0,0.0,0.0,0.0,0.0,0.0,0.0,0.0,0.0
2018-08-15,0.0,33.14,16.64,0.0,0.0,0.0,0.0,0.0,0.0,0.0,0.0,0.0,0.0
2018-08-16,0.0,32.54,18.5,0.0,0.0,0.0,0.0,0.0,0.0,0.0,0.0,0.0,0.0
2018-08-17,0.0,33.32,17.3,0.0,0.0,0.0,0.0,0.0,0.0,0.0,0.0,0.0,0.0
2018-08-18,0.0,29.32,15.07,0.0,0.0,0.0,0.0,0.0,0.0,0.0,0.0,0.0,0.0
2018-08-19,0.0,30.19,13.07,0.0,0.0,0.0,0.0,0.0,0.0,0.0,0.0,0.0,0.0
2018-08-20,0.0,32.44,14.91,0.0,0.0,0.0,0.0,0.0,0.0,0.0,0.0,0.0,0.0
2018-08-21,0.0,30.25,16.57,0.0,0.0,0.0,0.0,0.0,0.0,0.0,0.0,0.0,0.0
2018-08-22,6.05,28.58,16.1,0.0,0.0,0.0,0.0,0.0,0.0,0.0,0.0,0.0,0.0
2018-08-23,0.0,28.83,13.3,0.0,0.0,0.0,0.0,0.0,0.0,0.0,0.0,0.0,0.0
2018-08-24,0.0,31.27,13.17,0.0,0.0,0.0,0.0,0.0,0.0,0.0,0.0,0.0,0.0
2018-08-25,0.0,30.36,13.11,0.0,0.0,0.0,0.0,0.0,0.0,0.0,0.0,0.0,0.0
2018-08-26,0.0,28.2,13.66,0.0,0.0,0.0,0.0,0.0,0.0,0.0,0.0,0.0,0.0
2018-08-27,0.0,24.32,13.11,0.0,0.0,0.0,0.0,0.0,0.0,0.0,0.0,0.0,0.0
2018-08-28,0.0,24.41,8.82,0.0,0.0,0.0,0.0,0.0,0.0,0.0,0.0,0.0,0.0
2018-08-29,0.0,29.57,9.59,0.0,0.0,0.0,0.0,0.0,0.0,0.0,0.0,0.0,0.0
2018-08-30,0.0,32.08,14.06,0.0,0.0,0.0,0.0,0.0,0.0,0.0,0.0,0.0,0.0
2018-08-31,0.0,29.54,14.64,0.0,0.0,0.0,0.0,0.0,0.0,0.0,0.0,0.0,0.0
2018-09-01,0.0,28.62,11.31,0.0,0.0,0.0,0.0,0.0,0.0,0.0,0.0,0.0,0.0
2018-09-02,0.0,29.79,11.1,0.0,0.0,0.0,0.0,0.0,0.0,0.0,0.0,0.0,0.0
2018-09-03,0.0,30.52,11.89,0.0,0.0,0.0,0.0,0.0,0.0,0.0,0.0,0.0,0.0
2018-09-04,0.0,30.7,12.39,0.0,0.0,0.0,0.0,0.0,0.0,0.0,0.0,0.0,0.0
2018-09-05,0.0,31.12,12.68,0.0,0.0,0.0,0.0,0.0,0.0,0.0,0.0,0.0,0.0
2018-09-06,0.0,31.15,13.99,0.0,0.0,0.0,0.0,0.0,0.0,0.0,0.0,0.0,0.0
2018-09-07,0.0,31.41,14.6,0.0,0.0,0.0,0.0,0.0,0.0,0.0,0.0,0.0,0.0
2018-09-08,0.0,31.55,14.81,0.0,0.0,0.0,0.0,0.0,0.0,0.0,0.0,0.0,0.0
2018-09-09,0.0,30.22,12.38,0.0,0.0,0.0,0.0,0.0,0.0,0.0,0.0,0.0,0.0
2018-09-10,0.0,30.93,12.81,0.0,0.0,0.0,0.0,0.0,0.0,0.0,0.0,0.0,0.0
2018-09-11,0.0,30.77,12.2,0.0,0.0,0.0,0.0,0.0,0.0,0.0,0.0,0.0,0.0
2018-09-12,0.0,28.21,12.28,0.0,0.0,0.0,0.0,0.0,0.0,0.0,0.0,0.0,0.0
2018-09-13,0.0,26.07,10.67,0.0,0.0,0.0,0.0,0.0,0.0,0.0,0.0,0.0,0.0
2018-09-14,0.0,29.63,10.14,0.0,0.0,0.0,0.0,0.0,0.0,0.0,0.0,0.0,0.0
2018-09-15,0.0,32.43,12.87,0.0,0.0,0.0,0.0,0.0,0.0,0.0,0.0,0.0,0.0
2018-09-16,0.0,29.86,12.13,0.0,0.0,0.0,0.0,0.0,0.0,0.0,0.0,0.0,0.0
2018-09-17,0.0,29.33,10.84,0.0,0.0,0.0,0.0,0.0,0.0,0.0,0.0,0.0,0.0
2018-09-18,0.0,28.88,12.13,0.0,0.0,0.0,0.0,0.0,0.0,0.0,0.0,0.0,0.0
2018-09-19,0.0,27.75,8.75,0.0,0.0,0.0,0.0,0.0,0.0,0.0,0.0,0.0,0.0
2018-09-20,0.0,22.54,7.52,0.0,0.0,0.0,0.0,0.0,0.0,0.0,0.0,0.0,0.0
2018-09-21,0.0,27.24,6.86,0.0,0.0,0.0,0.0,0.0,0.0,0.0,0.0,0.0,0.0
2018-09-22,0.0,29.64,10.39,0.0,0.0,0.0,0.0,0.0,0.0,0.0,0.0,0.0,0.0
2018-09-23,0.0,26.61,10.87,0.0,0.0,0.0,0.0,0.0,0.0,0.0,0.0,0.0,0.0
2018-09-24,0.0,21.62,7.28,0.0,0.0,0.0,0.0,0.0,0.0,0.0,0.0,0.0,0.0
2018-09-25,0.0,20.91,4.16,0.0,0.0,0.0,0.0,0.0,0.0,0.0,0.0,0.0,0.0
2018-09-26,0.0,21.39,4.97,0.0,0.0,0.0,0.0,0.0,0.0,0.0,0.0,0.0,0.0
2018-09-27,0.0,24.76,6.42,0.0,0.0,0.0,0.0,0.0,0.0,0.0,0.0,0.0,0.0
2018-09-28,0.0,29.24,8.9,0.0,0.0,0.0,0.0,0.0,0.0,0.0,0.0,0.0,0.0
2018-09-29,0.0,29.21,11.86,0.0,0.0,0.0,0.0,0.0,0.0,0.0,0.0,0.0,0.0
2018-09-30,0.0,25.75,14.18,0.0,0.0,0.0,0.0,0.0,0.0,0.0,0.0,0.0,0.0
2018-10-01,0.0,26.12,8.03,0.0,0.0,0.0,0.0,0.0,0.0,0.0,0.0,0.0,0.0
2018-10-02,13.29,24.96,9.6,0.0,0.0,0.0,0.0,0.0,0.0,0.0,0.0,0.0,0.0
2018-10-03,4.39,24.23,12.36,0.0,0.0,0.0,0.0,0.0,0.0,0.0,0.0,0.0,0.0
2018-10-04,22.65,17.16,9.8,0.0,0.0,0.0,0.0,0.0,0.0,0.0,0.0,0.0,0.0
2018-10-05,0.0,13.83,6.02,0.0,0.0,0.0,0.0,0.0,0.0,0.0,0.0,0.0,0.0
2018-10-06,0.0,14.61,4.88,0.0,0.0,0.0,0.0,0.0,0.0,0.0,0.0,0.0,0.0
2018-10-07,0.0,14.17,6.71,0.0,0.0,0.0,0.0,0.0,0.0,0.0,0.0,0.0,0.0
2018-10-08,0.0,14.51,6.33,0.0,0.0,0.0,0.0,0.0,0.0,0.02032,0.0,0.0,0.0
2018-10-09,21.93,12.87,2.72,0.0,0.0,0.0,0.0,0.0,0.0,0.02286,0.0,0.0,0.0
2018-10-10,9.49,8.09,1.6,0.00508,0.0127,0.0076199999999999,0.0,0.0177799999999999,0.0177799999999999,0.0431799999999999,0.0127,0.01016,0.0177799999999999
2018-10-11,0.0,12.37,1.96,0.0127,0.02286,0.0127,0.01016,0.02286,0.04064,0.04826,0.0380999999999999,0.00508,0.02286
2018-10-12,0.0,13.69,1.8,0.0076199999999999,0.02032,0.01016,0.0076199999999999,0.02032,0.0380999999999999,0.04572,0.0355599999999999,0.00254,0.0177799999999999
2018-10-13,0.0,15.03,1.39,0.00254,0.0177799999999999,0.01016,0.00508,0.01016,0.0355599999999999,0.04064,0.0355599999999999,0.0,0.0152399999999999
2018-10-14,0.0,9.26,-0.95,0.0,0.0177799999999999,0.0076199999999999,0.0,0.01016,0.02794,0.0380999999999999,0.03302,0.0,0.0127
2018-10-15,0.0,10.27,-3.5,0.0,0.02286,0.0076199999999999,0.0,0.00254,0.0254,0.0380999999999999,0.03302,0.0,0.0127
2018-10-16,0.0,14.69,-1.31,0.0,0.02286,0.0076199999999999,0.0,0.0,0.0254,0.0380999999999999,0.03302,0.0,0.0127
2018-10-17,0.0,18.24,3.22,0.0,0.02286,0.0076199999999999,0.0,0.0,0.0254,0.0355599999999999,0.03302,0.0,0.0127
2018-10-18,0.0,15.98,4.74,0.0,0.02286,0.0127,0.0,0.0,0.0177799999999999,0.0355599999999999,0.03302,0.0,0.01016
2018-10-19,0.0,17.78,3.07,0.0,0.02032,0.0127,0.0,0.0,0.0127,0.0355599999999999,0.02794,0.0,0.0076199999999999
2018-10-20,0.0,20.33,4.1,0.0,0.0177799999999999,0.01016,0.0,0.0,0.01016,0.0355599999999999,0.02286,0.0,0.0076199999999999
2018-10-21,0.0,21.24,5.85,0.0,0.0127,0.01016,0.0,0.0,0.00508,0.0355599999999999,0.0177799999999999,0.0,0.00254
2018-10-22,4.67,19.21,6.72,0.0,0.0,0.0076199999999999,0.0,0.0,0.0,0.03302,0.0076199999999999,0.0,0.0
2018-10-23,0.64,17.83,7.66,0.0,0.0,0.00508,0.0,0.0,0.0,0.03302,0.0,0.0,0.0
2018-10-24,0.47,18.91,4.24,0.0,0.0,0.0076199999999999,0.0,0.0,0.0,0.0304799999999999,0.0,0.0,0.0
2018-10-25,0.0,15.27,5.42,0.0,0.0,0.00508,0.0,0.0,0.0,0.02286,0.0,0.0,0.0
2018-10-26,0.0,17.88,4.58,0.0,0.0,0.00508,0.0,0.0,0.0,0.02286,0.0,0.0,0.0
2018-10-27,0.0,20.54,5.01,0.0,0.0,0.00508,0.0,0.0,0.0,0.02286,0.0,0.0,0.0
2018-10-28,0.0,21.54,6.5,0.0,0.0,0.00508,0.0,0.0,0.0,0.0177799999999999,0.0,0.0,0.0
2018-10-29,0.0,16.41,5.93,0.0,0.0,0.00508,0.0,0.0,0.0,0.0127,0.0,0.0,0.0
2018-10-30,0.0,11.24,-0.43,0.0,0.0,0.00508,0.0,0.0,0.0,0.0127,0.0,0.0,0.0
2018-10-31,0.0,7.96,-2.38,0.0,0.0,0.00508,0.0,0.0,0.0,0.0127,0.0,0.0,0.0
2018-11-01,1.66,9.49,2.27,0.0,0.00508,0.00508,0.0,0.00254,0.0,0.0127,0.00254,0.0,0.00254
2018-11-02,0.0,16.03,5.34,0.0,0.0127,0.00508,0.0,0.00508,0.0,0.0152399999999999,0.00508,0.00254,0.00508
2018-11-03,0.0,11.65,1.62,0.0,0.0127,0.00508,0.0,0.00508,0.00254,0.02032,0.00254,0.0,0.00508
2018-11-04,0.57,9.67,0.93,0.0,0.0127,0.00508,0.0,0.00508,0.00254,0.02032,0.00254,0.0,0.00254
2018-11-05,0.0,10.98,0.94,0.0,0.0152399999999999,0.00508,0.0,0.01016,0.00508,0.02032,0.00508,0.0,0.0076199999999999
2018-11-06,0.0,8.97,-0.76,0.0,0.0152399999999999,0.00508,0.0,0.01016,0.00508,0.02032,0.00508,0.00508,0.0076199999999999
2018-11-07,0.0,8.57,-0.89,0.0,0.0152399999999999,0.0076199999999999,0.0,0.01016,0.00508,0.03302,0.00508,0.00508,0.0076199999999999
2018-11-08,0.0,6.79,-5.12,0.0,0.0152399999999999,0.0076199999999999,0.0,0.01016,0.00508,0.03302,0.00508,0.00508,0.0076199999999999
2018-11-09,0.0,7.1,-6.18,0.0,0.0152399999999999,0.0076199999999999,0.0,0.01016,0.0076199999999999,0.03302,0.00508,0.00508,0.0076199999999999
2018-11-10,0.0,8.46,-4.55,0.0,0.0152399999999999,0.0076199999999999,0.0,0.01016,0.0076199999999999,0.03302,0.00508,0.00508,0.01016
2018-11-11,0.0,5.86,-4.08,0.0,0.0152399999999999,0.0076199999999999,0.0,0.01016,0.0076199999999999,0.03302,0.00508,0.00508,0.01016
2018-11-12,0.0,4.93,-6.45,0.0,0.0152399999999999,0.0076199999999999,0.0,0.01016,0.01016,0.03302,0.00508,0.00508,0.01016
2018-11-13,0.0,6.23,-6.74,0.0,0.0152399999999999,0.0076199999999999,0.0,0.01016,0.01016,0.03302,0.00508,0.00508,0.01016
2018-11-14,0.0,10.03,-3.83,0.0,0.0177799999999999,0.0076199999999999,0.0,0.01016,0.01016,0.03302,0.0076199999999999,0.00508,0.01016
2018-11-15,0.0,10.35,-2.91,0.0,0.0177799999999999,0.0076199999999999,0.0,0.01016,0.01016,0.0355599999999999,0.0076199999999999,0.00508,0.01016
2018-11-16,0.0,11.86,-2.36,0.0,0.0177799999999999,0.0076199999999999,0.0,0.0076199999999999,0.0076199999999999,0.0355599999999999,0.0076199999999999,0.00508,0.0127
2018-11-17,0.46,7.68,-3.18,0.0,0.0177799999999999,0.0076199999999999,0.0,0.00508,0.0076199999999999,0.0355599999999999,0.0076199999999999,0.00508,0.0127
2018-11-18,0.0,6.17,-6.39,0.0,0.02032,0.0076199999999999,0.00254,0.00508,0.01016,0.0355599999999999,0.0076199999999999,0.00508,0.0127
2018-11-19,0.0,6.38,-6.81,0.0,0.02032,0.0076199999999999,0.00254,0.00508,0.01016,0.0355599999999999,0.0076199999999999,0.00508,0.0127
2018-11-20,0.0,7.57,-5.47,0.0,0.02032,0.0076199999999999,0.00254,0.00508,0.0076199999999999,0.0355599999999999,0.0076199999999999,0.00508,0.0127
2018-11-21,0.0,8.89,-4.74,0.0,0.02032,0.0076199999999999,0.00254,0.00508,0.0076199999999999,0.0355599999999999,0.0076199999999999,0.00508,0.0127
2018-11-22,2.58,7.87,-1.68,0.0,0.02286,0.0076199999999999,0.00508,0.00254,0.0076199999999999,0.0355599999999999,0.01016,0.00508,0.0127
2018-11-23,16.06,8.51,0.92,0.0127,0.0304799999999999,0.02032,0.0127,0.0076199999999999,0.0152399999999999,0.04826,0.02032,0.01016,0.02032
2018-11-24,13.48,5.9,-1.05,0.02794,0.04826,0.0254,0.0254,0.03302,0.02286,0.08128,0.04064,0.02032,0.0380999999999999
2018-11-25,0.0,4.22,-4.89,0.04572,0.0736599999999999,0.04572,0.0431799999999999,0.0635,0.0431799999999999,0.09652,0.06858,0.0304799999999999,0.0609599999999999
2018-11-26,0.0,3.76,-6.42,0.04572,0.0736599999999999,0.04572,0.0431799999999999,0.0635,0.0431799999999999,0.09652,0.06858,0.0304799999999999,0.0609599999999999
2018-11-27,0.0,5.37,-4.36,0.04572,0.0736599999999999,0.04572,0.04572,0.0635,0.0431799999999999,0.09652,0.06858,0.0304799999999999,0.0609599999999999
2018-11-28,11.79,4.97,-0.64,0.0508,0.0736599999999999,0.0508,0.04826,0.0635,0.0431799999999999,0.09652,0.06858,0.0304799999999999,0.0609599999999999
2018-11-29,15.32,4.03,-0.37,0.0584199999999999,0.0838199999999999,0.05588,0.05334,0.07874,0.04826,0.1016,0.07874,0.0380999999999999,0.06858
2018-11-30,17.14,4.66,0.04,0.06604,0.09906,0.0609599999999999,0.0635,0.0888999999999999,0.0584199999999999,0.12954,0.09652,0.04572,0.08128
2018-12-01,0.0,3.31,-1.83,0.0761999999999999,0.1143,0.0761999999999999,0.0761999999999999,0.11176,0.0761999999999999,0.1422399999999999,0.11938,0.05588,0.09144
2018-12-02,6.31,0.33,-2.94,0.0761999999999999,0.1143,0.0761999999999999,0.0761999999999999,0.1143,0.0761999999999999,0.1422399999999999,0.11938,0.0584199999999999,0.09398
2018-12-03,2.39,-0.47,-6.03,0.0761999999999999,0.11938,0.08128,0.0761999999999999,0.12446,0.0838199999999999,0.16002,0.13208,0.0609599999999999,0.09652
2018-12-04,0.79,-2.13,-10.54,0.0761999999999999,0.11938,0.08128,0.07874,0.12446,0.09144,0.16002,0.13716,0.0609599999999999,0.09906
2018-12-05,0.0,-1.66,-9.38,0.0761999999999999,0.12446,0.08128,0.07874,0.12446,0.09144,0.16002,0.13716,0.0609599999999999,0.09906
2018-12-06,0.0,0.44,-5.81,0.08128,0.12446,0.0838199999999999,0.0863599999999999,0.12446,0.09144,0.16002,0.13716,0.0609599999999999,0.09906
2018-12-07,0.0,1.56,-4.97,0.08128,0.12446,0.0838199999999999,0.0863599999999999,0.12446,0.09144,0.16002,0.13716,0.0609599999999999,0.09906
2018-12-08,0.0,3.16,-3.43,0.08128,0.12446,0.0838199999999999,0.0863599999999999,0.12446,0.09144,0.16002,0.13716,0.0609599999999999,0.09906
2018-12-09,0.0,2.18,-3.9,0.08128,0.12446,0.0838199999999999,0.0863599999999999,0.12446,0.09144,0.16002,0.13716,0.0609599999999999,0.09906
2018-12-10,0.0,1.23,-4.78,0.08128,0.12446,0.0838199999999999,0.0863599999999999,0.12446,0.09144,0.16002,0.13716,0.0609599999999999,0.09906
2018-12-11,0.0,-0.48,-4.49,0.08128,0.12446,0.0838199999999999,0.0863599999999999,0.12446,0.09144,0.16002,0.13716,0.0609599999999999,0.09906
2018-12-12,4.19,0.95,-5.15,0.08128,0.12446,0.0838199999999999,0.0863599999999999,0.12446,0.09144,0.16002,0.13716,0.0635,0.09906
2018-12-13,0.0,1.06,-8.37,0.0838199999999999,0.12954,0.0863599999999999,0.0888999999999999,0.1397,0.11176,0.1676399999999999,0.14986,0.0635,0.11176
2018-12-14,0.0,3.08,-7.9,0.0838199999999999,0.12954,0.0863599999999999,0.0888999999999999,0.1397,0.11176,0.1676399999999999,0.14986,0.0635,0.11176
2018-12-15,0.0,5.33,-4.73,0.0888999999999999,0.12954,0.0888999999999999,0.09144,0.1397,0.11176,0.1676399999999999,0.14986,0.06604,0.11176
2018-12-16,0.0,6.63,-3.05,0.0888999999999999,0.13208,0.0888999999999999,0.09144,0.1397,0.11176,0.1676399999999999,0.14986,0.06604,0.11176
2018-12-17,0.0,6.78,-2.45,0.0888999999999999,0.13208,0.0888999999999999,0.09144,0.1397,0.11176,0.1676399999999999,0.14986,0.06604,0.11176
2018-12-18,0.0,7.77,-0.8,0.0888999999999999,0.13208,0.0888999999999999,0.09144,0.1397,0.11176,0.1676399999999999,0.14986,0.06604,0.11176
2018-12-19,0.0,7.63,0.64,0.0888999999999999,0.13208,0.0888999999999999,0.09144,0.1397,0.11176,0.1676399999999999,0.14986,0.06604,0.11176
2018-12-20,0.0,7.3,-2.95,0.09144,0.13208,0.09398,0.09398,0.14478,0.11176,0.1676399999999999,0.14986,0.06858,0.11176
2018-12-21,4.2,7.11,-2.3,0.09398,0.13208,0.09398,0.09398,0.14478,0.11176,0.1676399999999999,0.14986,0.06858,0.11176
2018-12-22,0.0,3.42,-5.33,0.09906,0.1422399999999999,0.09906,0.09906,0.16256,0.11938,0.17018,0.15748,0.0711199999999999,0.12446
2018-12-23,5.61,1.55,-5.79,0.09906,0.14478,0.09906,0.09906,0.16256,0.11938,0.17018,0.15748,0.0711199999999999,0.12446
2018-12-24,3.1,4.58,-3.44,0.09906,0.14478,0.09906,0.1016,0.16256,0.1219199999999999,0.17526,0.16002,0.0736599999999999,0.12446
2018-12-25,5.95,3.26,-2.21,0.1041399999999999,0.1523999999999999,0.1016,0.10668,0.1651,0.127,0.1777999999999999,0.1651,0.0761999999999999,0.127
2018-12-26,2.63,2.03,-5.63,0.1041399999999999,0.15494,0.1041399999999999,0.10922,0.1727199999999999,0.1397,0.18288,0.17018,0.08128,0.13208
2018-12-27,1.71,-2.74,-8.4,0.1041399999999999,0.16002,0.11176,0.10922,0.1727199999999999,0.1422399999999999,0.18288,0.17018,0.08128,0.13208
2018-12-28,0.0,-1.02,-9.98,0.1041399999999999,0.1651,0.1143,0.1143,0.1777999999999999,0.1473199999999999,0.18542,0.17526,0.0838199999999999,0.13462
2018-12-29,0.0,-3.4,-12.66,0.1041399999999999,0.1651,0.1143,0.1143,0.1777999999999999,0.1473199999999999,0.18542,0.17526,0.0838199999999999,0.13462
2018-12-30,3.25,0.7,-7.77,0.10668,0.1676399999999999,0.1143,0.1143,0.1777999999999999,0.1473199999999999,0.18542,0.1777999999999999,0.0838199999999999,0.13462
2018-12-31,0.0,-2.89,-10.23,0.10668,0.17526,0.11938,0.1143,0.1803399999999999,0.15748,0.18796,0.18288,0.0863599999999999,0.13716
2019-01-01,0.0,-5.48,-15.14,0.10668,0.17526,0.11938,0.1143,0.1803399999999999,0.15748,0.18796,0.18288,0.0863599999999999,0.13716
2019-01-02,0.0,-4.15,-15.17,0.10668,0.17526,0.11938,0.1143,0.1803399999999999,0.15748,0.18796,0.18288,0.0863599999999999,0.13716
2019-01-03,0.0,-2.26,-13.37,0.10922,0.17526,0.11938,0.1168399999999999,0.1803399999999999,0.15748,0.1905,0.18542,0.0863599999999999,0.13716
2019-01-04,0.0,0.39,-9.82,0.11176,0.17526,0.1219199999999999,0.11938,0.1803399999999999,0.15748,0.1905,0.18796,0.0863599999999999,0.1397
2019-01-05,9.41,2.44,-8.69,0.11176,0.17526,0.1219199999999999,0.1219199999999999,0.1803399999999999,0.15748,0.19304,0.18796,0.0888999999999999,0.1422399999999999
2019-01-06,15.03,3.96,-4.16,0.11176,0.17526,0.1219199999999999,0.1219199999999999,0.18288,0.16002,0.19558,0.1905,0.09144,0.14478
2019-01-07,0.0,3.76,-2.3,0.12446,0.19558,0.1397,0.12954,0.19558,0.1777999999999999,0.2082799999999999,0.21336,0.1016,0.15748
2019-01-08,0.0,4.35,-3.76,0.13716,0.21336,0.1523999999999999,0.1422399999999999,0.2209799999999999,0.1905,0.22352,0.24892,0.1168399999999999,0.17018
2019-01-09,0.0,7.33,-2.65,0.13716,0.21336,0.1523999999999999,0.1422399999999999,0.2209799999999999,0.1905,0.22352,0.24892,0.1168399999999999,0.1727199999999999
2019-01-10,0.96,2.32,-4.4,0.13716,0.21336,0.1523999999999999,0.1422399999999999,0.2209799999999999,0.1905,0.22352,0.24892,0.1168399999999999,0.1727199999999999
2019-01-11,0.0,3.06,-3.57,0.13716,0.2158999999999999,0.15748,0.1422399999999999,0.2209799999999999,0.19304,0.22352,0.24892,0.1168399999999999,0.1727199999999999
2019-01-12,0.0,0.39,-7.36,0.13716,0.2158999999999999,0.15748,0.1422399999999999,0.2209799999999999,0.19304,0.22352,0.24892,0.1168399999999999,0.1727199999999999
2019-01-13,0.0,-1.11,-9.65,0.13716,0.2158999999999999,0.15748,0.1422399999999999,0.2209799999999999,0.19304,0.22352,0.24892,0.1168399999999999,0.1727199999999999
2019-01-14,0.0,-2.1,-11.18,0.13716,0.2158999999999999,0.15748,0.1422399999999999,0.2209799999999999,0.19304,0.22352,0.24892,0.1168399999999999,0.1727199999999999
2019-01-15,4.58,0.26,-10.44,0.13716,0.21844,0.15748,0.1422399999999999,0.2209799999999999,0.19304,0.22352,0.24892,0.1168399999999999,0.1727199999999999
2019-01-16,5.44,4.94,-4.59,0.13716,0.21844,0.15748,0.1473199999999999,0.22352,0.19304,0.2286,0.25146,0.1168399999999999,0.17526
2019-01-17,23.54,6.53,-1.69,0.14478,0.22606,0.16002,0.1523999999999999,0.2286,0.19812,0.23622,0.26162,0.11938,0.1803399999999999
2019-01-18,2.26,3.48,-1.6,0.1803399999999999,0.2667,0.18542,0.1803399999999999,0.25654,0.2413,0.2717799999999999,0.3175,0.14478,0.2057399999999999
2019-01-19,0.0,3.01,-4.17,0.18796,0.2717799999999999,0.19304,0.18796,0.2667,0.254,0.27686,0.3302,0.1473199999999999,0.21082
2019-01-20,9.56,6.19,-0.89,0.19304,0.27686,0.19812,0.1905,0.26924,0.25654,0.2794,0.3352799999999999,0.1473199999999999,0.21082
2019-01-21,8.8,4.62,-4.19,0.19304,0.27686,0.19812,0.1905,0.26924,0.25654,0.2794,0.3352799999999999,0.1473199999999999,0.21082
2019-01-22,0.0,0.23,-9.95,0.2032,0.2971799999999999,0.21082,0.2032,0.27432,0.2844799999999999,0.3047999999999999,0.3581399999999999,0.15748,0.21844
2019-01-23,0.0,-0.05,-9.78,0.2032,0.29972,0.21082,0.2032,0.27432,0.2844799999999999,0.3047999999999999,0.3581399999999999,0.15748,0.21844
2019-01-24,0.0,3.9,-4.57,0.2057399999999999,0.29972,0.21082,0.2057399999999999,0.2794,0.28702,0.31242,0.36322,0.15748,0.2209799999999999
2019-01-25,0.0,4.25,-4.85,0.21082,0.29972,0.21082,0.2057399999999999,0.2794,0.28702,0.31242,0.36322,0.15748,0.2209799999999999
2019-01-26,0.0,4.11,-6.32,0.21082,0.29972,0.21082,0.2057399999999999,0.2794,0.28702,0.31242,0.36322,0.15748,0.2209799999999999
2019-01-27,0.0,4.91,-5.32,0.21082,0.29972,0.21082,0.2057399999999999,0.2794,0.28702,0.31242,0.36322,0.15748,0.2209799999999999
2019-01-28,0.0,5.34,-6.83,0.21082,0.29972,0.21082,0.2057399999999999,0.2794,0.28702,0.31242,0.36322,0.15748,0.2209799999999999
2019-01-29,0.0,3.73,-7.29,0.2082799999999999,0.29972,0.21082,0.2057399999999999,0.2794,0.28702,0.31242,0.36322,0.15748,0.2209799999999999
2019-01-30,0.0,3.14,-8.74,0.2082799999999999,0.29972,0.21082,0.2057399999999999,0.2794,0.28702,0.31242,0.36322,0.15748,0.2209799999999999
2019-01-31,0.0,5.13,-6.94,0.2082799999999999,0.29972,0.21082,0.2057399999999999,0.2794,0.28702,0.31242,0.36322,0.15748,0.2209799999999999
2019-02-01,0.0,7.74,-5.06,0.2082799999999999,0.29972,0.21082,0.2057399999999999,0.2794,0.28702,0.31242,0.36322,0.15748,0.2209799999999999
2019-02-02,6.42,9.57,-0.86,0.21082,0.29972,0.21082,0.2082799999999999,0.2794,0.28702,0.31496,0.36322,0.15748,0.2209799999999999
2019-02-03,4.72,7.63,0.0,0.21336,0.30226,0.21844,0.21082,0.28702,0.28702,0.32512,0.36322,0.15748,0.22606
2019-02-04,2.89,7.75,2.46,0.2413,0.34036,0.23876,0.2336799999999999,0.32512,0.28956,0.37084,0.37592,0.1727199999999999,0.24892
2019-02-05,8.18,4.53,-1.55,0.24892,0.3555999999999999,0.2438399999999999,0.23876,0.3479799999999999,0.2920999999999999,0.4064,0.381,0.1777999999999999,0.26924
2019-02-06,2.78,-2.33,-5.85,0.254,0.37084,0.25146,0.24892,0.36322,0.30988,0.43434,0.40386,0.18542,0.2794
2019-02-07,0.0,-3.73,-8.91,0.25654,0.38354,0.26924,0.25146,0.37338,0.3175,0.44958,0.4292599999999999,0.18542,0.2819399999999999
2019-02-08,0.0,-1.49,-14.02,0.26416,0.38862,0.26924,0.25146,0.37846,0.32512,0.44958,0.43688,0.18542,0.2844799999999999
2019-02-09,0.0,-0.42,-10.47,0.26416,0.38862,0.26924,0.254,0.37846,0.32512,0.44958,0.43688,0.18542,0.2844799999999999
2019-02-10,5.5,4.41,-8.56,0.26416,0.38862,0.26924,0.25654,0.37846,0.32766,0.45974,0.4445,0.18796,0.2920999999999999
2019-02-11,0.0,0.71,-10.1,0.26416,0.4064,0.28702,0.26924,0.3987799999999999,0.3429,0.47752,0.4572,0.19558,0.2971799999999999
2019-02-12,0.0,3.67,-10.16,0.26924,0.4064,0.28702,0.26924,0.3987799999999999,0.3429,0.47752,0.4572,0.19558,0.2971799999999999
2019-02-13,26.59,5.98,-3.87,0.2717799999999999,0.4064,0.28956,0.2717799999999999,0.3987799999999999,0.3429,0.47752,0.4572,0.19558,0.2971799999999999
2019-02-14,7.65,9.09,-0.44,0.2920999999999999,0.43434,0.2920999999999999,0.2920999999999999,0.4292599999999999,0.37846,0.5003799999999999,0.50292,0.22352,0.32512
2019-02-15,5.52,10.37,-1.1,0.3047999999999999,0.45212,0.30734,0.3047999999999999,0.45212,0.381,0.52832,0.53594,0.2336799999999999,0.3454399999999999
2019-02-16,3.08,3.68,-4.94,0.31242,0.4699,0.32258,0.32004,0.4699,0.3937,0.53848,0.54102,0.2336799999999999,0.35306
2019-02-17,0.0,3.25,-6.9,0.31242,0.4699,0.32258,0.32004,0.47752,0.3937,0.54102,0.54102,0.23622,0.35306
2019-02-18,0.0,0.53,-7.73,0.31242,0.4699,0.32258,0.32004,0.47752,0.39624,0.5461,0.54102,0.23622,0.35306
2019-02-19,5.28,-2.45,-8.37,0.31242,0.4699,0.32258,0.32004,0.47752,0.39624,0.54864,0.54102,0.23622,0.35306
2019-02-20,2.7,-0.63,-8.31,0.31242,0.47244,0.3302,0.32258,0.48514,0.3987799999999999,0.55372,0.54864,0.23876,0.3555999999999999
2019-02-21,0.0,-0.58,-9.44,0.31242,0.47244,0.3302,0.32258,0.4876799999999999,0.40386,0.55626,0.55372,0.23876,0.3555999999999999
2019-02-22,0.0,0.22,-9.37,0.3175,0.47244,0.3302,0.32258,0.49022,0.4064,0.56642,0.5613400000000001,0.2413,0.3555999999999999
2019-02-23,0.0,1.57,-11.04,0.3175,0.4749799999999999,0.3302,0.32512,0.4927599999999999,0.4064,0.5689599999999999,0.5613400000000001,0.2413,0.3555999999999999
2019-02-24,1.4,6.76,-6.07,0.32004,0.47752,0.33782,0.32512,0.4927599999999999,0.4064,0.5689599999999999,0.5638799999999999,0.2413,0.3555999999999999
2019-02-25,0.0,10.87,-0.82,0.32004,0.47752,0.33782,0.32766,0.4952999999999999,0.4064,0.5715,0.5638799999999999,0.2413,0.3581399999999999
2019-02-26,0.0,12.83,4.7,0.32004,0.47752,0.34036,0.32766,0.49784,0.4064,0.57912,0.56642,0.2413,0.3606799999999999
2019-02-27,1.25,10.66,3.39,0.32004,0.47752,0.34036,0.32766,0.5003799999999999,0.4064,0.57912,0.56642,0.2413,0.3606799999999999
2019-02-28,1.27,11.16,2.2,0.32004,0.47752,0.34036,0.32766,0.50292,0.4114799999999999,0.5841999999999999,0.5689599999999999,0.2413,0.3606799999999999
2019-03-01,2.39,8.73,-1.61,0.32258,0.48514,0.3479799999999999,0.3352799999999999,0.51562,0.41402,0.59182,0.57658,0.2438399999999999,0.3682999999999999
2019-03-02,2.94,4.55,-1.37,0.32512,0.4952999999999999,0.3555999999999999,0.34036,0.5257799999999999,0.4165599999999999,0.59182,0.57658,0.2463799999999999,0.37084
2019-03-03,0.0,5.64,-3.12,0.3352799999999999,0.5003799999999999,0.36322,0.35052,0.5334,0.4292599999999999,0.60452,0.58674,0.2463799999999999,0.37846
2019-03-04,0.0,5.8,-5.08,0.34036,0.5003799999999999,0.37338,0.3555999999999999,0.5334,0.4317999999999999,0.61468,0.58674,0.2463799999999999,0.37846
2019-03-05,1.78,9.46,-1.85,0.34036,0.5003799999999999,0.37338,0.3555999999999999,0.5334,0.4317999999999999,0.61468,0.58674,0.2463799999999999,0.37846
2019-03-06,14.81,9.49,2.4,0.3479799999999999,0.51054,0.381,0.3606799999999999,0.53848,0.43434,0.6248400000000001,0.59182,0.2463799999999999,0.381
2019-03-07,10.9,9.61,1.93,0.36576,0.5257799999999999,0.38862,0.37084,0.55118,0.4445,0.6476999999999999,0.6248400000000001,0.254,0.39624
2019-03-08,15.92,5.73,-0.46,0.37846,0.53848,0.39624,0.37846,0.5689599999999999,0.45974,0.66294,0.65532,0.26162,0.4114799999999999
2019-03-09,1.64,4.49,-4.3,0.38862,0.55372,0.40894,0.39624,0.58166,0.4749799999999999,0.68072,0.6730999999999999,0.2717799999999999,0.4191
2019-03-10,3.4,5.62,-3.29,0.39116,0.55626,0.40894,0.3987799999999999,0.5841999999999999,0.4749799999999999,0.6858,0.6730999999999999,0.27432,0.42164
2019-03-11,0.0,8.28,-3.6,0.39116,0.5613400000000001,0.41402,0.40386,0.5892799999999999,0.47752,0.69342,0.67818,0.27686,0.42672
2019-03-12,0.71,9.24,-3.45,0.39624,0.5613400000000001,0.41402,0.40386,0.59182,0.47752,0.6959599999999999,0.67818,0.2794,0.42672
2019-03-13,3.14,4.06,-3.18,0.39624,0.56642,0.4241799999999999,0.4064,0.5943599999999999,0.4876799999999999,0.70358,0.6858,0.2794,0.4292599999999999
2019-03-14,0.0,5.78,-3.45,0.40132,0.59182,0.4317999999999999,0.4241799999999999,0.6095999999999999,0.508,0.71374,0.6959599999999999,0.2844799999999999,0.4317999999999999
2019-03-15,0.0,7.27,-5.29,0.4064,0.5969,0.43942,0.4241799999999999,0.6095999999999999,0.508,0.71374,0.6959599999999999,0.2844799999999999,0.4317999999999999
2019-03-16,0.0,9.96,-4.18,0.4064,0.5969,0.43942,0.4241799999999999,0.6095999999999999,0.508,0.71374,0.6959599999999999,0.2844799999999999,0.4317999999999999
2019-03-17,0.0,12.36,-2.64,0.4064,0.5969,0.43942,0.4241799999999999,0.6095999999999999,0.508,0.71374,0.6959599999999999,0.2844799999999999,0.4317999999999999
2019-03-18,0.0,13.14,-1.3,0.4064,0.5969,0.43942,0.4241799999999999,0.6095999999999999,0.508,0.71374,0.6959599999999999,0.2844799999999999,0.4317999999999999
2019-03-19,0.0,13.49,-1.48,0.4064,0.5969,0.43942,0.4241799999999999,0.6095999999999999,0.508,0.71374,0.6959599999999999,0.2844799999999999,0.4317999999999999
2019-03-20,0.0,13.7,0.79,0.40386,0.5969,0.43942,0.4241799999999999,0.6095999999999999,0.508,0.71374,0.6959599999999999,0.2794,0.4317999999999999
2019-03-21,7.58,11.01,2.39,0.40132,0.5969,0.43942,0.4241799999999999,0.6095999999999999,0.508,0.71374,0.6959599999999999,0.2667,0.4317999999999999
2019-03-22,8.52,7.04,2.7,0.40132,0.5969,0.43942,0.42672,0.6095999999999999,0.51054,0.72898,0.70104,0.26416,0.4317999999999999
2019-03-23,8.88,11.07,2.94,0.4064,0.59944,0.43942,0.4317999999999999,0.61976,0.51054,0.7340599999999999,0.70866,0.26416,0.43434
2019-03-24,14.54,8.28,1.57,0.4064,0.60198,0.43942,0.4317999999999999,0.6223,0.51308,0.74168,0.71374,0.25654,0.43434
2019-03-25,0.0,14.16,0.09,0.41402,0.6095999999999999,0.44958,0.4419599999999999,0.635,0.52324,0.75184,0.72898,0.25654,0.44958
2019-03-26,0.0,17.28,2.56,0.41402,0.6095999999999999,0.4546599999999999,0.4419599999999999,0.635,0.52324,0.75184,0.72898,0.25654,0.44958
2019-03-27,0.0,18.75,5.13,0.4064,0.6095999999999999,0.4546599999999999,0.43942,0.62992,0.51308,0.75184,0.72644,0.2311399999999999,0.44704
2019-03-28,25.8,14.37,2.72,0.40132,0.6095999999999999,0.4546599999999999,0.43688,0.6223,0.508,0.75184,0.7162799999999999,0.21844,0.43688
2019-03-29,9.17,7.37,0.22,0.40132,0.61468,0.4572,0.43688,0.635,0.52324,0.75692,0.72898,0.21336,0.44704
2019-03-30,0.0,10.36,0.39,0.4165599999999999,0.635,0.47752,0.45212,0.65532,0.54864,0.76708,0.74676,0.21844,0.4572
2019-03-31,0.0,11.28,-1.33,0.4165599999999999,0.635,0.4826,0.44958,0.65532,0.54864,0.76708,0.74676,0.2158999999999999,0.4572
2019-04-01,0.0,13.37,1.02,0.4165599999999999,0.635,0.4876799999999999,0.4445,0.65532,0.54864,0.76708,0.74676,0.21336,0.4572
2019-04-02,10.78,12.0,4.41,0.42164,0.635,0.4876799999999999,0.4419599999999999,0.65024,0.53848,0.76708,0.74676,0.19304,0.4572
2019-04-03,5.31,12.04,5.12,0.4292599999999999,0.64516,0.4876799999999999,0.43942,0.6578599999999999,0.53594,0.77724,0.75184,0.18542,0.4546599999999999
2019-04-04,0.0,17.75,4.88,0.42672,0.6476999999999999,0.4876799999999999,0.43688,0.6705599999999999,0.5334,0.78232,0.7365999999999999,0.17018,0.4419599999999999
2019-04-05,2.39,17.02,6.81,0.42672,0.64516,0.4876799999999999,0.42672,0.66548,0.52324,0.78232,0.71374,0.1473199999999999,0.4292599999999999
2019-04-06,2.26,13.33,4.92,0.4114799999999999,0.64008,0.4876799999999999,0.4165599999999999,0.6527799999999999,0.51054,0.77724,0.70104,0.12954,0.4165599999999999
2019-04-07,0.0,17.11,3.09,0.4064,0.63754,0.4876799999999999,0.4114799999999999,0.6476999999999999,0.51054,0.7797799999999999,0.67818,0.1168399999999999,0.40894
2019-04-08,0.0,19.95,4.85,0.40386,0.63754,0.4876799999999999,0.40386,0.64262,0.5054599999999999,0.7797799999999999,0.6705599999999999,0.10668,0.40132
2019-04-09,13.64,15.45,3.93,0.38608,0.63754,0.49022,0.39624,0.6223,0.50292,0.77216,0.6527799999999999,0.0736599999999999,0.381
2019-04-10,2.25,7.0,0.85,0.38862,0.66294,0.51054,0.40894,0.6248400000000001,0.51562,0.78232,0.6476999999999999,0.0635,0.37846
2019-04-11,3.55,8.18,1.7,0.40894,0.70358,0.53848,0.44958,0.63754,0.5334,0.79248,0.65532,0.06604,0.38354
2019-04-12,5.54,8.43,-0.02,0.41402,0.70866,0.5435599999999999,0.45974,0.64262,0.5308599999999999,0.79248,0.6578599999999999,0.04064,0.38354
2019-04-13,0.97,11.56,0.64,0.41402,0.71374,0.5461,0.46482,0.64008,0.54102,0.7975599999999999,0.6730999999999999,0.04064,0.38862
2019-04-14,6.8,13.75,2.94,0.41402,0.71374,0.5461,0.46482,0.6476999999999999,0.5461,0.8000999999999999,0.67564,0.02794,0.38862
2019-04-15,18.2,11.04,4.54,0.4165599999999999,0.71882,0.54102,0.4673599999999999,0.6604,0.53848,0.80264,0.6858,0.0152399999999999,0.37592
2019-04-16,16.58,9.72,3.77,0.41402,0.7340599999999999,0.52324,0.47244,0.66548,0.53594,0.81534,0.66548,0.0076199999999999,0.3581399999999999
2019-04-17,0.0,13.34,0.98,0.4114799999999999,0.74422,0.5334,0.4749799999999999,0.6730999999999999,0.55118,0.83566,0.6527799999999999,0.00508,0.3555999999999999
2019-04-18,0.0,17.54,2.87,0.40132,0.74168,0.5334,0.47244,0.66548,0.54102,0.8331199999999999,0.63754,0.0,0.3429
2019-04-19,0.0,24.0,4.74,0.3937,0.73914,0.52832,0.4622799999999999,0.6476999999999999,0.52832,0.82804,0.6095999999999999,0.0,0.32766
2019-04-20,6.12,23.53,7.3,0.36576,0.72898,0.51308,0.4419599999999999,0.6223,0.5054599999999999,0.8128,0.58166,0.0,0.30734
2019-04-21,8.32,16.35,7.25,0.3429,0.71882,0.508,0.42672,0.59182,0.4800599999999999,0.8051799999999999,0.55372,0.0,0.2794
2019-04-22,0.0,16.83,7.51,0.33274,0.71374,0.5003799999999999,0.4191,0.5841999999999999,0.45974,0.80264,0.5257799999999999,0.0,0.26416
2019-04-23,0.0,19.99,4.99,0.31496,0.70612,0.4952999999999999,0.40386,0.58166,0.4419599999999999,0.8000999999999999,0.508,0.0,0.25654
2019-04-24,0.0,21.29,7.28,0.2946399999999999,0.6908799999999999,0.4876799999999999,0.38354,0.55372,0.4064,0.79502,0.47244,0.0,0.2336799999999999
2019-04-25,0.0,21.31,7.31,0.27432,0.67818,0.47752,0.3606799999999999,0.5308599999999999,0.37338,0.7874,0.4317999999999999,0.0,0.21082
2019-04-26,1.07,22.39,8.41,0.24892,0.66294,0.4699,0.34036,0.4952999999999999,0.34036,0.76708,0.3937,0.0,0.18288
2019-04-27,0.0,18.77,3.86,0.2413,0.6527799999999999,0.45974,0.32258,0.4952999999999999,0.32004,0.7594599999999999,0.3606799999999999,0.0,0.1676399999999999
2019-04-28,0.0,14.63,5.84,0.2209799999999999,0.6324599999999999,0.44958,0.3047999999999999,0.4699,0.2920999999999999,0.7365999999999999,0.31242,0.0,0.1473199999999999
2019-04-29,0.0,14.28,2.23,0.21082,0.61468,0.4419599999999999,0.2946399999999999,0.45974,0.2819399999999999,0.7239,0.2844799999999999,0.0,0.13462
2019-04-30,3.73,12.43,1.51,0.1905,0.61468,0.43434,0.27686,0.43942,0.25146,0.7111999999999999,0.25654,0.0,0.1219199999999999
2019-05-01,5.31,11.11,0.66,0.20066,0.6223,0.43688,0.2794,0.4419599999999999,0.25146,0.7213599999999999,0.25908,0.0,0.1168399999999999
2019-05-02,0.0,16.66,0.78,0.2082799999999999,0.6248400000000001,0.4419599999999999,0.2819399999999999,0.44704,0.25654,0.72644,0.26162,0.0,0.11176
2019-05-03,0.0,18.53,3.77,0.2082799999999999,0.6248400000000001,0.43434,0.27432,0.44704,0.2413,0.72644,0.2463799999999999,0.0,0.09652
2019-05-04,0.0,21.55,5.36,0.2082799999999999,0.61214,0.42164,0.25146,0.43434,0.21844,0.71882,0.2082799999999999,0.0,0.0761999999999999
2019-05-05,0.0,23.23,7.35,0.17018,0.59182,0.4114799999999999,0.2286,0.40132,0.18796,0.70358,0.16002,0.0,0.04826
2019-05-06,0.0,22.54,7.12,0.1473199999999999,0.57404,0.39116,0.2057399999999999,0.36322,0.15494,0.68326,0.10668,0.0,0.02032
2019-05-07,11.31,16.05,7.32,0.13208,0.55626,0.381,0.19304,0.3302,0.12446,0.66802,0.0736599999999999,0.0,0.0076199999999999
2019-05-08,4.02,16.29,6.99,0.13208,0.5613400000000001,0.37592,0.18288,0.32258,0.10922,0.66548,0.0609599999999999,0.0,0.0
2019-05-09,0.0,14.67,5.65,0.127,0.5588,0.37084,0.16256,0.3175,0.0888999999999999,0.6705599999999999,0.0431799999999999,0.0,0.0
2019-05-10,0.0,18.1,5.13,0.12446,0.5638799999999999,0.37846,0.16002,0.32512,0.0635,0.6730999999999999,0.03302,0.0,0.0
2019-05-11,0.0,21.64,5.16,0.11176,0.55626,0.37084,0.13716,0.31242,0.0380999999999999,0.6730999999999999,0.0152399999999999,0.0,0.0
2019-05-12,0.0,23.88,6.76,0.0838199999999999,0.5435599999999999,0.35052,0.1143,0.27686,0.02032,0.6578599999999999,0.0076199999999999,0.0,0.0
2019-05-13,0.0,27.18,8.75,0.04826,0.5257799999999999,0.32258,0.0761999999999999,0.23876,0.0177799999999999,0.6223,0.0,0.0,0.0
2019-05-14,0.0,27.26,10.46,0.01016,0.508,0.29972,0.04572,0.2032,0.0076199999999999,0.58674,0.0,0.0,0.0
2019-05-15,0.0,26.63,13.31,0.0,0.48514,0.27432,0.02032,0.1676399999999999,0.0,0.55372,0.0,0.0,0.0
2019-05-16,17.33,23.28,9.94,0.0,0.4622799999999999,0.2463799999999999,0.0,0.13462,0.0,0.51816,0.0,0.0,0.0
2019-05-17,18.99,13.4,4.49,0.0,0.4419599999999999,0.2209799999999999,0.0,0.1143,0.0,0.508,0.0,0.0,0.0
2019-05-18,4.92,12.81,3.93,0.0,0.4445,0.21844,0.0,0.11938,0.0152399999999999,0.51562,0.0,0.0,0.0
2019-05-19,3.49,15.99,5.72,0.0,0.44704,0.2082799999999999,0.0,0.10668,0.01016,0.508,0.0,0.0,0.0
2019-05-20,8.83,13.55,5.02,0.0,0.44958,0.19304,0.0,0.1016,0.0,0.51562,0.00254,0.0,0.0
2019-05-21,18.68,12.18,4.72,0.0,0.44958,0.1803399999999999,0.0,0.0838199999999999,0.0,0.51562,0.0,0.0,0.0
2019-05-22,4.37,12.43,4.68,0.0,0.4546599999999999,0.18288,0.0,0.07874,0.0076199999999999,0.5257799999999999,0.0,0.0,0.0
2019-05-23,3.09,12.24,5.8,0.0,0.47244,0.19304,0.0,0.0863599999999999,0.0,0.5334,0.0,0.0,0.0
2019-05-24,5.34,15.28,6.04,0.0,0.4952999999999999,0.2057399999999999,0.0127,0.09906,0.00254,0.55118,0.00508,0.0,0.0
2019-05-25,0.96,20.92,6.44,0.0,0.5054599999999999,0.2032,0.0076199999999999,0.1016,0.0,0.5689599999999999,0.0,0.0,0.0
2019-05-26,10.15,23.02,6.55,0.0,0.5054599999999999,0.1905,0.0,0.0838199999999999,0.0,0.5613400000000001,0.0,0.0,0.0
2019-05-27,6.62,17.06,5.92,0.0,0.4927599999999999,0.1727199999999999,0.0,0.05588,0.0,0.55118,0.0,0.0,0.0
2019-05-28,3.99,16.19,6.35,0.0,0.4876799999999999,0.1473199999999999,0.0,0.0380999999999999,0.0,0.5588,0.0,0.0,0.0
2019-05-29,0.0,19.3,7.88,0.0,0.48514,0.127,0.0,0.0254,0.0,0.5588,0.0,0.0,0.0
2019-05-30,1.89,22.99,8.15,0.0,0.4699,0.1016,0.0,0.00508,0.0,0.54864,0.0,0.0,0.0
2019-05-31,1.3,23.4,9.4,0.0,0.4572,0.0711199999999999,0.0,0.0,0.0,0.5461,0.0,0.0,0.0
2019-06-01,3.33,24.3,11.64,0.0,0.4419599999999999,0.04572,0.0,0.0,0.0,0.51562,0.0,0.0,0.0
2019-06-02,0.0,23.4,10.84,0.0,0.42164,0.02032,0.0,0.0,0.0,0.4952999999999999,0.0,0.0,0.0
2019-06-03,0.0,25.06,9.94,0.0,0.40386,0.0,0.0,0.0,0.0,0.4673599999999999,0.0,0.0,0.0
2019-06-04,0.0,26.13,11.14,0.0,0.39116,0.0,0.0,0.0,0.0,0.42672,0.0,0.0,0.0
2019-06-05,0.0,27.22,12.2,0.0,0.33782,0.0,0.0,0.0,0.0,0.40386,0.0,0.0,0.0
2019-06-06,4.95,28.98,13.32,0.0,0.2946399999999999,0.0,0.0,0.0,0.0,0.3581399999999999,0.0,0.0,0.0
2019-06-07,0.0,24.61,10.66,0.0,0.2463799999999999,0.0,0.0,0.0,0.0,0.3352799999999999,0.0,0.0,0.0
2019-06-08,0.0,16.67,5.18,0.0,0.19304,0.0,0.0,0.0,0.0,0.2920999999999999,0.0,0.0,0.0
2019-06-09,0.0,19.89,4.03,0.0,0.19304,0.0,0.0,0.0,0.0,0.26416,0.0,0.0,0.0
2019-06-10,0.0,23.68,6.7,0.0,0.16256,0.0,0.0,0.0,0.0,0.2413,0.0,0.0,0.0
2019-06-11,0.0,25.68,9.11,0.0,0.127,0.0,0.0,0.0,0.0,0.2082799999999999,0.0,0.0,0.0
2019-06-12,0.0,27.85,10.87,0.0,0.0863599999999999,0.0,0.0,0.0,0.0,0.17018,0.0,0.0,0.0
2019-06-13,0.66,28.99,13.5,0.0,0.0431799999999999,0.0,0.0,0.0,0.0,0.13462,0.0,0.0,0.0
2019-06-14,0.0,26.76,13.74,0.0,0.0,0.0,0.0,0.0,0.0,0.09398,0.0,0.0,0.0
2019-06-15,0.0,28.09,13.33,0.0,0.0,0.0,0.0,0.0,0.0,0.06604,0.0,0.0,0.0
2019-06-16,0.0,27.84,13.07,0.0,0.0,0.0,0.0,0.0,0.0,0.03302,0.0,0.0,0.0
2019-06-17,0.0,27.17,13.62,0.0,0.0,0.0,0.0,0.0,0.0,0.01016,0.0,0.0,0.0
2019-06-18,0.0,26.7,12.5,0.0,0.0,0.0,0.0,0.0,0.0,0.0,0.0,0.0,0.0
2019-06-19,0.0,27.7,12.64,0.0,0.0,0.0,0.0,0.0,0.0,0.0,0.0,0.0,0.0
2019-06-20,0.0,25.09,8.94,0.0,0.0,0.0,0.0,0.0,0.0,0.0,0.0,0.0,0.0
2019-06-21,0.0,18.4,4.5,0.0,0.0,0.0,0.0,0.0,0.0,0.0,0.0,0.0,0.0
2019-06-22,0.0,19.6,6.24,0.0,0.0,0.0,0.0,0.0,0.0,0.0,0.0,0.0,0.0
2019-06-23,0.0,24.09,7.89,0.0,0.0,0.0,0.0,0.0,0.0,0.0,0.0,0.0,0.0
2019-06-24,0.0,26.45,10.78,0.0,0.0,0.0,0.0,0.0,0.0,0.0,0.0,0.0,0.0
2019-06-25,0.0,29.49,12.73,0.0,0.0,0.0,0.0,0.0,0.0,0.0,0.0,0.0,0.0
2019-06-26,0.0,30.31,13.79,0.0,0.0,0.0,0.0,0.0,0.0,0.0,0.0,0.0,0.0
2019-06-27,0.0,31.19,17.55,0.0,0.0,0.0,0.0,0.0,0.0,0.0,0.0,0.0,0.0
2019-06-28,0.0,32.37,15.53,0.0,0.0,0.0,0.0,0.0,0.0,0.0,0.0,0.0,0.0
2019-06-29,0.0,31.5,12.99,0.0,0.0,0.0,0.0,0.0,0.0,0.0,0.0,0.0,0.0
2019-06-30,0.0,29.02,16.52,0.0,0.0,0.0,0.0,0.0,0.0,0.0,0.0,0.0,0.0
2019-07-01,0.0,32.14,14.39,0.0,0.0,0.0,0.0,0.0,0.0,0.0,0.0,0.0,0.0
2019-07-02,0.0,33.33,15.61,0.0,0.0,0.0,0.0,0.0,0.0,0.0,0.0,0.0,0.0
2019-07-03,0.0,31.18,14.9,0.0,0.0,0.0,0.0,0.0,0.0,0.0,0.0,0.0,0.0
2019-07-04,4.17,27.34,12.65,0.0,0.0,0.0,0.0,0.0,0.0,0.0,0.0,0.0,0.0
2019-07-05,0.0,28.49,10.97,0.0,0.0,0.0,0.0,0.0,0.0,0.0,0.0,0.0,0.0
2019-07-06,0.0,32.03,12.76,0.0,0.0,0.0,0.0,0.0,0.0,0.0,0.0,0.0,0.0
2019-07-07,0.0,32.65,15.05,0.0,0.0,0.0,0.0,0.0,0.0,0.0,0.0,0.0,0.0
2019-07-08,0.0,30.02,14.47,0.0,0.0,0.0,0.0,0.0,0.0,0.0,0.0,0.0,0.0
2019-07-09,0.0,30.41,12.83,0.0,0.0,0.0,0.0,0.0,0.0,0.0,0.0,0.0,0.0
2019-07-10,0.0,34.73,13.88,0.0,0.0,0.0,0.0,0.0,0.0,0.0,0.0,0.0,0.0
2019-07-11,0.0,36.19,16.55,0.0,0.0,0.0,0.0,0.0,0.0,0.0,0.0,0.0,0.0
2019-07-12,0.0,36.41,17.05,0.0,0.0,0.0,0.0,0.0,0.0,0.0,0.0,0.0,0.0
2019-07-13,5.26,33.66,17.32,0.0,0.0,0.0,0.0,0.0,0.0,0.0,0.0,0.0,0.0
2019-07-14,0.0,35.81,16.58,0.0,0.0,0.0,0.0,0.0,0.0,0.0,0.0,0.0,0.0
2019-07-15,0.0,35.22,17.52,0.0,0.0,0.0,0.0,0.0,0.0,0.0,0.0,0.0,0.0
2019-07-16,0.0,34.83,15.94,0.0,0.0,0.0,0.0,0.0,0.0,0.0,0.0,0.0,0.0
2019-07-17,0.0,32.61,15.7,0.0,0.0,0.0,0.0,0.0,0.0,0.0,0.0,0.0,0.0
2019-07-18,0.0,34.4,17.0,0.0,0.0,0.0,0.0,0.0,0.0,0.0,0.0,0.0,0.0
2019-07-19,0.0,34.01,17.28,0.0,0.0,0.0,0.0,0.0,0.0,0.0,0.0,0.0,0.0
2019-07-20,0.0,33.77,16.19,0.0,0.0,0.0,0.0,0.0,0.0,0.0,0.0,0.0,0.0
2019-07-21,0.0,35.73,17.04,0.0,0.0,0.0,0.0,0.0,0.0,0.0,0.0,0.0,0.0
2019-07-22,0.0,37.43,18.97,0.0,0.0,0.0,0.0,0.0,0.0,0.0,0.0,0.0,0.0
2019-07-23,0.0,36.72,19.96,0.0,0.0,0.0,0.0,0.0,0.0,0.0,0.0,0.0,0.0
2019-07-24,0.0,33.03,20.45,0.0,0.0,0.0,0.0,0.0,0.0,0.0,0.0,0.0,0.0
2019-07-25,0.0,33.32,17.79,0.0,0.0,0.0,0.0,0.0,0.0,0.0,0.0,0.0,0.0
2019-07-26,2.88,30.52,19.35,0.0,0.0,0.0,0.0,0.0,0.0,0.0,0.0,0.0,0.0
2019-07-27,3.13,29.71,18.21,0.0,0.0,0.0,0.0,0.0,0.0,0.0,0.0,0.0,0.0
2019-07-28,0.0,33.55,17.12,0.0,0.0,0.0,0.0,0.0,0.0,0.0,0.0,0.0,0.0
2019-07-29,0.0,34.19,18.59,0.0,0.0,0.0,0.0,0.0,0.0,0.0,0.0,0.0,0.0
2019-07-30,0.0,35.92,17.52,0.0,0.0,0.0,0.0,0.0,0.0,0.0,0.0,0.0,0.0
2019-07-31,0.0,31.62,17.42,0.0,0.0,0.0,0.0,0.0,0.0,0.0,0.0,0.0,0.0
2019-08-01,0.0,31.3,14.98,0.0,0.0,0.0,0.0,0.0,0.0,0.0,0.0,0.0,0.0
2019-08-02,0.0,34.63,17.13,0.0,0.0,0.0,0.0,0.0,0.0,0.0,0.0,0.0,0.0
2019-08-03,0.0,34.5,18.7,0.0,0.0,0.0,0.0,0.0,0.0,0.0,0.0,0.0,0.0
2019-08-04,0.0,34.89,17.27,0.0,0.0,0.0,0.0,0.0,0.0,0.0,0.0,0.0,0.0
2019-08-05,0.0,35.72,19.53,0.0,0.0,0.0,0.0,0.0,0.0,0.0,0.0,0.0,0.0
2019-08-06,0.0,36.51,18.89,0.0,0.0,0.0,0.0,0.0,0.0,0.0,0.0,0.0,0.0
2019-08-07,0.0,30.52,18.63,0.0,0.0,0.0,0.0,0.0,0.0,0.0,0.0,0.0,0.0
2019-08-08,14.34,24.65,15.25,0.0,0.0,0.0,0.0,0.0,0.0,0.0,0.0,0.0,0.0
2019-08-09,0.0,29.94,14.03,0.0,0.0,0.0,0.0,0.0,0.0,0.0,0.0,0.0,0.0
2019-08-10,0.0,32.67,16.21,0.0,0.0,0.0,0.0,0.0,0.0,0.0,0.0,0.0,0.0
2019-08-11,0.0,29.51,16.39,0.0,0.0,0.0,0.0,0.0,0.0,0.0,0.0,0.0,0.0
2019-08-12,0.0,28.19,12.49,0.0,0.0,0.0,0.0,0.0,0.0,0.0,0.0,0.0,0.0
2019-08-13,0.0,31.9,12.93,0.0,0.0,0.0,0.0,0.0,0.0,0.0,0.0,0.0,0.0
2019-08-14,0.0,32.93,14.56,0.0,0.0,0.0,0.0,0.0,0.0,0.0,0.0,0.0,0.0
2019-08-15,0.0,33.52,14.98,0.0,0.0,0.0,0.0,0.0,0.0,0.0,0.0,0.0,0.0
2019-08-16,0.0,31.01,15.53,0.0,0.0,0.0,0.0,0.0,0.0,0.0,0.0,0.0,0.0
2019-08-17,0.0,30.41,13.86,0.0,0.0,0.0,0.0,0.0,0.0,0.0,0.0,0.0,0.0
2019-08-18,0.0,33.0,14.22,0.0,0.0,0.0,0.0,0.0,0.0,0.0,0.0,0.0,0.0
2019-08-19,0.0,34.02,16.24,0.0,0.0,0.0,0.0,0.0,0.0,0.0,0.0,0.0,0.0
2019-08-20,0.0,33.99,15.75,0.0,0.0,0.0,0.0,0.0,0.0,0.0,0.0,0.0,0.0
2019-08-21,0.0,34.78,15.08,0.0,0.0,0.0,0.0,0.0,0.0,0.0,0.0,0.0,0.0
2019-08-22,0.0,32.02,15.04,0.0,0.0,0.0,0.0,0.0,0.0,0.0,0.0,0.0,0.0
2019-08-23,0.0,29.37,13.12,0.0,0.0,0.0,0.0,0.0,0.0,0.0,0.0,0.0,0.0
2019-08-24,0.0,32.19,13.85,0.0,0.0,0.0,0.0,0.0,0.0,0.0,0.0,0.0,0.0
2019-08-25,0.0,32.12,15.23,0.0,0.0,0.0,0.0,0.0,0.0,0.0,0.0,0.0,0.0
2019-08-26,0.0,27.81,12.9,0.0,0.0,0.0,0.0,0.0,0.0,0.0,0.0,0.0,0.0
2019-08-27,0.0,29.33,10.74,0.0,0.0,0.0,0.0,0.0,0.0,0.0,0.0,0.0,0.0
2019-08-28,0.0,33.15,12.12,0.0,0.0,0.0,0.0,0.0,0.0,0.0,0.0,0.0,0.0
2019-08-29,0.0,33.4,14.76,0.0,0.0,0.0,0.0,0.0,0.0,0.0,0.0,0.0,0.0
2019-08-30,0.0,34.0,17.27,0.0,0.0,0.0,0.0,0.0,0.0,0.0,0.0,0.0,0.0
2019-08-31,0.0,33.76,16.19,0.0,0.0,0.0,0.0,0.0,0.0,0.0,0.0,0.0,0.0
2019-09-01,0.0,35.57,15.95,0.0,0.0,0.0,0.0,0.0,0.0,0.0,0.0,0.0,0.0
2019-09-02,0.0,34.86,15.86,0.0,0.0,0.0,0.0,0.0,0.0,0.0,0.0,0.0,0.0
2019-09-03,0.0,32.94,20.01,0.0,0.0,0.0,0.0,0.0,0.0,0.0,0.0,0.0,0.0
2019-09-04,0.0,34.52,17.18,0.0,0.0,0.0,0.0,0.0,0.0,0.0,0.0,0.0,0.0
2019-09-05,1.82,33.19,18.25,0.0,0.0,0.0,0.0,0.0,0.0,0.0,0.0,0.0,0.0
2019-09-06,0.0,29.37,18.45,0.0,0.0,0.0,0.0,0.0,0.0,0.0,0.0,0.0,0.0
2019-09-07,0.7,28.99,14.62,0.0,0.0,0.0,0.0,0.0,0.0,0.0,0.0,0.0,0.0
2019-09-08,6.08,25.13,13.17,0.0,0.0,0.0,0.0,0.0,0.0,0.0,0.0,0.0,0.0
2019-09-09,0.0,24.92,11.18,0.0,0.0,0.0,0.0,0.0,0.0,0.0,0.0,0.0,0.0
2019-09-10,9.64,23.42,12.16,0.0,0.0,0.0,0.0,0.0,0.0,0.0,0.0,0.0,0.0
2019-09-11,4.59,18.31,9.78,0.0,0.0,0.0,0.0,0.0,0.0,0.0,0.0,0.0,0.0
2019-09-12,0.0,21.71,8.08,0.0,0.0,0.0,0.0,0.0,0.0,0.0,0.0,0.0,0.0
2019-09-13,0.0,25.64,7.91,0.0,0.0,0.0,0.0,0.0,0.0,0.0,0.0,0.0,0.0
2019-09-14,0.0,29.94,9.77,0.0,0.0,0.0,0.0,0.0,0.0,0.0,0.0,0.0,0.0
2019-09-15,0.0,31.8,12.95,0.0,0.0,0.0,0.0,0.0,0.0,0.0,0.0,0.0,0.0
2019-09-16,0.55,28.97,15.98,0.0,0.0,0.0,0.0,0.0,0.0,0.0,0.0,0.0,0.0
2019-09-17,0.0,21.79,9.93,0.0,0.0,0.0,0.0,0.0,0.0,0.0,0.0,0.0,0.0
2019-09-18,0.0,25.74,6.41,0.0,0.0,0.0,0.0,0.0,0.0,0.0,0.0,0.0,0.0
2019-09-19,0.0,23.95,7.68,0.0,0.0,0.0,0.0,0.0,0.0,0.0,0.0,0.0,0.0
2019-09-20,15.78,14.35,6.76,0.0,0.0,0.0,0.0,0.0,0.0,0.0,0.0,0.0,0.0
2019-09-21,0.0,17.26,5.45,0.0,0.0,0.0,0.0,0.0,0.0,0.00508,0.0,0.0,0.0
2019-09-22,0.0,21.98,5.45,0.0,0.0,0.0,0.0,0.0,0.0,0.0,0.0,0.0,0.0
2019-09-23,0.0,25.07,9.08,0.0,0.0,0.0,0.0,0.0,0.0,0.0,0.0,0.0,0.0
2019-09-24,0.0,23.3,8.74,0.0,0.0,0.0,0.0,0.0,0.0,0.0,0.0,0.0,0.0
2019-09-25,0.0,23.6,9.4,0.0,0.0,0.0,0.0,0.0,0.0,0.0,0.0,0.0,0.0
2019-09-26,0.0,25.57,9.18,0.0,0.0,0.0,0.0,0.0,0.0,0.0,0.0,0.0,0.0
2019-09-27,2.93,20.87,10.39,0.0,0.0,0.0,0.0,0.0,0.0,0.0,0.0,0.0,0.0
2019-09-28,8.61,15.88,8.93,0.0,0.0,0.0,0.0,0.0,0.0,0.0,0.0,0.0,0.0
2019-09-29,5.34,8.79,3.31,0.0,0.0,0.0,0.0,0.0,0.0,0.0,0.0,0.0,0.0
2019-09-30,0.0,13.42,0.68,0.0,0.0,0.0,0.0,0.00508,0.00254,0.00508,0.00508,0.0,0.00254
2019-10-01,0.0,14.51,1.25,0.0,0.0,0.0,0.0,0.0,0.0,0.0,0.00508,0.0,0.0
2019-10-02,0.0,13.49,2.7,0.0,0.0,0.0,0.0,0.0,0.0,0.0,0.0,0.0,0.0
2019-10-03,0.0,18.56,1.17,0.0,0.0,0.0,0.0,0.0,0.0,0.0,0.0,0.0,0.0
2019-10-04,0.0,15.69,2.85,0.0,0.0,0.0,0.0,0.0,0.0,0.0,0.0,0.0,0.0
2019-10-05,0.0,14.21,0.75,0.0,0.0,0.0,0.0,0.0,0.0,0.0,0.0,0.0,0.0
2019-10-06,0.0,15.05,0.87,0.0,0.0,0.0,0.0,0.0,0.0,0.0,0.0,0.0,0.0
2019-10-07,0.0,18.5,1.02,0.0,0.0,0.0,0.0,0.0,0.0,0.0,0.0,0.0,0.0
2019-10-08,0.0,22.3,3.5,0.0,0.0,0.0,0.0,0.0,0.0,0.0,0.0,0.0,0.0
2019-10-09,0.0,15.66,1.77,0.0,0.0,0.0,0.0,0.0,0.0,0.0,0.0,0.0,0.0
2019-10-10,0.0,5.26,-4.3,0.0,0.0,0.0,0.0,0.00254,0.00254,0.0,0.0,0.0,0.00254
2019-10-11,0.0,9.5,-5.62,0.0,0.0,0.0,0.0,0.00254,0.00254,0.00508,0.0,0.0,0.00254
2019-10-12,0.0,13.79,-3.48,0.0,0.0,0.0,0.0,0.0,0.0,0.0,0.0,0.0,0.0
2019-10-13,0.0,18.47,-0.97,0.0,0.0,0.0,0.0,0.0,0.0,0.0,0.0,0.0,0.0
2019-10-14,0.0,18.7,1.72,0.0,0.0,0.0,0.0,0.0,0.0,0.0,0.0,0.0,0.0
2019-10-15,0.0,20.09,2.85,0.0,0.0,0.0,0.0,0.0,0.0,0.0,0.0,0.0,0.0
2019-10-16,0.0,24.01,4.88,0.0,0.0,0.0,0.0,0.0,0.0,0.0,0.0,0.0,0.0
2019-10-17,5.67,22.08,4.46,0.0,0.0,0.0,0.0,0.0,0.0,0.0,0.0,0.0,0.0
2019-10-18,0.0,13.23,2.19,0.0,0.0,0.0,0.0,0.00508,0.00254,0.00508,0.0,0.0,0.0
2019-10-19,5.94,11.46,1.03,0.0,0.0,0.0,0.0,0.0,0.0,0.0,0.0,0.0,0.0
2019-10-20,0.0,8.32,1.81,0.02286,0.0254,0.02286,0.01016,0.02286,0.0254,0.0254,0.02286,0.0152399999999999,0.0152399999999999
2019-10-21,0.44,11.68,3.08,0.02286,0.0304799999999999,0.02794,0.01016,0.02794,0.0304799999999999,0.0304799999999999,0.0304799999999999,0.01016,0.0177799999999999
2019-10-22,0.0,14.86,4.66,0.02794,0.03302,0.0304799999999999,0.0127,0.0304799999999999,0.0304799999999999,0.03302,0.0304799999999999,0.00508,0.02032
2019-10-23,0.0,13.5,2.1,0.02286,0.03302,0.0304799999999999,0.0127,0.02794,0.02794,0.03302,0.0304799999999999,0.0,0.0177799999999999
2019-10-24,0.0,10.72,-2.09,0.02032,0.03302,0.0304799999999999,0.0127,0.0254,0.02286,0.0304799999999999,0.0304799999999999,0.0,0.0152399999999999
2019-10-25,0.0,15.19,-1.07,0.02032,0.0355599999999999,0.03302,0.0127,0.02286,0.02032,0.0304799999999999,0.0304799999999999,0.0,0.0152399999999999
2019-10-26,0.0,14.6,0.49,0.02286,0.0355599999999999,0.03302,0.0127,0.02032,0.02032,0.0304799999999999,0.0304799999999999,0.0,0.0152399999999999
2019-10-27,0.6,4.94,-2.82,0.02286,0.0355599999999999,0.03302,0.0127,0.0177799999999999,0.0127,0.0304799999999999,0.0304799999999999,0.0,0.0152399999999999
2019-10-28,1.14,2.35,-7.93,0.02286,0.04064,0.0380999999999999,0.0127,0.02032,0.02032,0.0380999999999999,0.0355599999999999,0.00254,0.02032
2019-10-29,1.79,-0.93,-9.91,0.02794,0.04572,0.04064,0.0127,0.02286,0.02286,0.04064,0.0380999999999999,0.0076199999999999,0.0254
2019-10-30,0.0,-0.68,-13.83,0.02794,0.04826,0.04064,0.0127,0.0355599999999999,0.03302,0.05588,0.04826,0.0076199999999999,0.0304799999999999
2019-10-31,0.0,5.7,-10.23,0.02794,0.0508,0.04572,0.0127,0.0355599999999999,0.03302,0.05588,0.04826,0.0076199999999999,0.0304799999999999
2019-11-01,0.0,8.18,-6.95,0.02794,0.05588,0.04826,0.0127,0.0355599999999999,0.03302,0.05588,0.04826,0.0076199999999999,0.0304799999999999
2019-11-02,0.0,10.47,-5.04,0.02794,0.05588,0.04826,0.0127,0.0355599999999999,0.03302,0.05588,0.04826,0.00254,0.0304799999999999
2019-11-03,0.0,12.78,-2.61,0.02794,0.05588,0.04826,0.0127,0.0355599999999999,0.03302,0.05588,0.04826,0.0,0.0304799999999999
2019-11-04,0.0,13.05,-1.55,0.02794,0.05588,0.04826,0.0177799999999999,0.0355599999999999,0.03302,0.05588,0.04826,0.0,0.0304799999999999
2019-11-05,0.0,15.42,-0.21,0.02794,0.05588,0.04826,0.0177799999999999,0.0355599999999999,0.03302,0.05588,0.04826,0.0,0.0304799999999999
2019-11-06,0.0,16.33,0.95,0.02794,0.05588,0.04826,0.0177799999999999,0.0355599999999999,0.03302,0.05588,0.04826,0.0,0.0304799999999999
2019-11-07,0.0,15.73,0.89,0.02794,0.05588,0.04826,0.0177799999999999,0.0355599999999999,0.02794,0.05334,0.04826,0.0,0.0304799999999999
2019-11-08,0.0,16.48,0.71,0.02794,0.05588,0.04826,0.0177799999999999,0.0304799999999999,0.0254,0.05334,0.04826,0.0,0.0304799999999999
2019-11-09,0.0,16.19,1.41,0.02794,0.05588,0.04826,0.0177799999999999,0.0152399999999999,0.0254,0.0508,0.04572,0.0,0.0304799999999999
2019-11-10,0.0,14.16,0.42,0.02794,0.05588,0.04826,0.0177799999999999,0.00508,0.0254,0.0508,0.04572,0.0,0.0304799999999999
2019-11-11,0.0,12.46,0.56,0.02794,0.05588,0.04826,0.0177799999999999,0.0,0.02286,0.0508,0.04572,0.0,0.0304799999999999
2019-11-12,0.0,13.11,-1.79,0.0355599999999999,0.05588,0.04826,0.0177799999999999,0.0,0.02032,0.0508,0.04572,0.0,0.02794
2019-11-13,0.0,14.57,0.8,0.0355599999999999,0.05588,0.04826,0.0177799999999999,0.0,0.02032,0.0508,0.04572,0.0,0.02794
2019-11-14,0.0,15.38,0.78,0.0355599999999999,0.05588,0.04826,0.0177799999999999,0.0,0.02032,0.0508,0.04572,0.0,0.02794
2019-11-15,0.0,17.43,2.25,0.0355599999999999,0.05588,0.04826,0.0177799999999999,0.0,0.02032,0.0508,0.04572,0.0,0.02794
2019-11-16,0.0,13.3,1.56,0.0355599999999999,0.05588,0.04826,0.0177799999999999,0.0,0.0152399999999999,0.0508,0.04064,0.0,0.02794
2019-11-17,0.0,12.97,-0.69,0.0355599999999999,0.05588,0.04826,0.0177799999999999,0.0,0.0127,0.0508,0.0380999999999999,0.0,0.02794
2019-11-18,0.0,14.36,0.59,0.0355599999999999,0.05588,0.04826,0.0177799999999999,0.0,0.0127,0.0508,0.0380999999999999,0.0,0.02794
2019-11-19,0.0,16.01,2.18,0.0355599999999999,0.0584199999999999,0.04826,0.0177799999999999,0.0,0.0076199999999999,0.0508,0.03302,0.0,0.02794
2019-11-20,1.01,10.68,3.05,0.0355599999999999,0.0584199999999999,0.04826,0.02286,0.0,0.0076199999999999,0.0508,0.0254,0.0,0.02794
2019-11-21,0.0,6.13,1.2,0.0380999999999999,0.0635,0.0584199999999999,0.02794,0.00508,0.0127,0.0635,0.0355599999999999,0.00508,0.03302
2019-11-22,0.0,3.67,-1.48,0.0380999999999999,0.0635,0.0584199999999999,0.02794,0.00508,0.0127,0.06858,0.0380999999999999,0.00508,0.03302
2019-11-23,0.0,8.08,-2.93,0.0380999999999999,0.0635,0.0584199999999999,0.02794,0.00508,0.0127,0.06858,0.0380999999999999,0.00508,0.03302
2019-11-24,0.0,7.48,-3.78,0.0380999999999999,0.0635,0.0584199999999999,0.02794,0.00508,0.0127,0.06858,0.0380999999999999,0.00508,0.03302
2019-11-25,5.78,2.4,-4.61,0.0380999999999999,0.0635,0.0584199999999999,0.02794,0.00508,0.0127,0.06858,0.0380999999999999,0.00508,0.03302
2019-11-26,0.12,-0.26,-9.83,0.0508,0.0838199999999999,0.0736599999999999,0.03302,0.0254,0.02032,0.0736599999999999,0.0431799999999999,0.0127,0.0380999999999999
2019-11-27,16.59,0.79,-6.22,0.0508,0.0838199999999999,0.0761999999999999,0.03302,0.0254,0.02032,0.0736599999999999,0.0431799999999999,0.0127,0.0380999999999999
2019-11-28,10.96,2.56,-1.45,0.05334,0.09906,0.08128,0.0355599999999999,0.05588,0.0254,0.0838199999999999,0.05334,0.0177799999999999,0.04572
2019-11-29,6.55,3.31,-1.5,0.06604,0.1143,0.09398,0.04826,0.0736599999999999,0.04572,0.10922,0.0736599999999999,0.03302,0.0635
2019-11-30,0.0,0.55,-6.01,0.0888999999999999,0.1397,0.1143,0.0711199999999999,0.0888999999999999,0.06604,0.13716,0.1016,0.0431799999999999,0.07874
2019-12-01,0.0,0.4,-10.42,0.0888999999999999,0.1397,0.1143,0.0711199999999999,0.0888999999999999,0.0711199999999999,0.13716,0.1016,0.0431799999999999,0.07874
2019-12-02,0.0,2.53,-5.46,0.0888999999999999,0.14478,0.1219199999999999,0.0736599999999999,0.0888999999999999,0.0711199999999999,0.13716,0.1016,0.0431799999999999,0.07874
2019-12-03,0.0,4.16,-3.28,0.0838199999999999,0.14478,0.1219199999999999,0.0736599999999999,0.0888999999999999,0.0711199999999999,0.13716,0.1016,0.0431799999999999,0.07874
2019-12-04,9.22,2.51,-4.26,0.0838199999999999,0.14478,0.1219199999999999,0.0736599999999999,0.0888999999999999,0.0711199999999999,0.13716,0.1016,0.0431799999999999,0.07874
2019-12-05,7.71,2.51,-1.84,0.0838199999999999,0.1473199999999999,0.12446,0.0736599999999999,0.0888999999999999,0.0761999999999999,0.1473199999999999,0.1041399999999999,0.0431799999999999,0.08128
2019-12-06,0.0,6.64,-1.49,0.08128,0.1473199999999999,0.127,0.0736599999999999,0.09144,0.07874,0.14986,0.10922,0.05334,0.0888999999999999
2019-12-07,5.14,4.32,-3.3,0.08128,0.1473199999999999,0.127,0.0736599999999999,0.09144,0.07874,0.14986,0.10922,0.05334,0.0888999999999999
2019-12-08,6.61,4.68,-2.04,0.08128,0.1473199999999999,0.127,0.0736599999999999,0.09144,0.07874,0.1523999999999999,0.10922,0.05334,0.0888999999999999
2019-12-09,0.0,4.57,-1.1,0.09652,0.15748,0.13716,0.08128,0.1041399999999999,0.09144,0.17018,0.1168399999999999,0.0584199999999999,0.09398
2019-12-10,0.0,5.44,-2.81,0.09652,0.15748,0.1397,0.08128,0.1041399999999999,0.09144,0.17018,0.1168399999999999,0.0584199999999999,0.09398
2019-12-11,0.0,3.11,-4.49,0.09652,0.15748,0.1422399999999999,0.08128,0.1041399999999999,0.09144,0.17018,0.1168399999999999,0.0584199999999999,0.09398
2019-12-12,20.03,4.62,-0.92,0.09652,0.15748,0.14478,0.08128,0.1041399999999999,0.09144,0.17018,0.1168399999999999,0.0584199999999999,0.09398
2019-12-13,6.49,6.04,1.46,0.11938,0.1777999999999999,0.16256,0.09906,0.13462,0.1168399999999999,0.18796,0.1523999999999999,0.0761999999999999,0.11176
2019-12-14,5.06,3.31,-3.36,0.127,0.18542,0.1676399999999999,0.1041399999999999,0.1473199999999999,0.12446,0.2057399999999999,0.1651,0.0838199999999999,0.1143
2019-12-15,0.0,-1.38,-7.68,0.13716,0.2032,0.18288,0.1219199999999999,0.1651,0.14478,0.2158999999999999,0.18796,0.09398,0.12446
2019-12-16,0.0,-0.83,-7.44,0.13716,0.2057399999999999,0.18542,0.1219199999999999,0.1651,0.14478,0.2158999999999999,0.18796,0.09398,0.12446
2019-12-17,0.0,-1.11,-10.8,0.13716,0.2057399999999999,0.18542,0.1219199999999999,0.1651,0.14478,0.2158999999999999,0.18796,0.09398,0.12446
2019-12-18,0.0,-0.11,-9.35,0.13716,0.2057399999999999,0.18796,0.12446,0.1651,0.14478,0.2158999999999999,0.18796,0.09398,0.12446
2019-12-19,0.0,2.19,-8.15,0.13716,0.2057399999999999,0.18796,0.127,0.1651,0.14478,0.2158999999999999,0.18796,0.09398,0.12446
2019-12-20,0.0,4.54,-6.04,0.13716,0.2057399999999999,0.18796,0.127,0.1651,0.14478,0.2158999999999999,0.18796,0.09398,0.12446
2019-12-21,0.0,5.38,-3.2,0.13716,0.2057399999999999,0.18796,0.127,0.1651,0.14478,0.2158999999999999,0.18796,0.09398,0.12446
2019-12-22,0.0,8.4,0.0,0.1422399999999999,0.2057399999999999,0.18796,0.127,0.1651,0.14478,0.2158999999999999,0.18796,0.09398,0.12446
2019-12-23,0.0,8.59,1.69,0.1422399999999999,0.2057399999999999,0.18796,0.127,0.1651,0.14478,0.2158999999999999,0.18796,0.09398,0.12446
2019-12-24,4.89,8.69,0.98,0.1422399999999999,0.2057399999999999,0.18796,0.12954,0.1651,0.14478,0.21844,0.18796,0.09652,0.12446
2019-12-25,2.73,4.07,-0.4,0.14478,0.21082,0.1905,0.13462,0.17018,0.1473199999999999,0.22606,0.19304,0.09906,0.127
2019-12-26,3.17,2.42,-2.95,0.14986,0.2158999999999999,0.19812,0.1397,0.1727199999999999,0.16002,0.2336799999999999,0.20066,0.1016,0.12954
2019-12-27,6.19,-0.2,-7.31,0.14986,0.2158999999999999,0.19812,0.1397,0.1727199999999999,0.16002,0.2336799999999999,0.20066,0.1016,0.12954
2019-12-28,0.0,-1.29,-9.62,0.14986,0.2158999999999999,0.19812,0.1397,0.1727199999999999,0.16002,0.2336799999999999,0.20066,0.1016,0.12954
2019-12-29,1.29,-3.62,-9.67,0.14986,0.2158999999999999,0.19812,0.1397,0.1727199999999999,0.16002,0.2336799999999999,0.20066,0.1016,0.12954
2019-12-30,0.0,0.12,-6.72,0.14986,0.2158999999999999,0.19812,0.1422399999999999,0.17526,0.16256,0.23622,0.20066,0.1016,0.13208
2019-12-31,4.07,-0.85,-7.32,0.14986,0.2158999999999999,0.20066,0.1473199999999999,0.17526,0.16256,0.23622,0.20066,0.1016,0.13208
2020-01-01,6.27,2.79,-3.92,0.14986,0.22352,0.2057399999999999,0.14986,0.17526,0.16256,0.23622,0.2032,0.1016,0.13208
2020-01-02,0.0,3.15,-2.14,0.1676399999999999,0.2311399999999999,0.21336,0.16256,0.19558,0.1803399999999999,0.2463799999999999,0.2158999999999999,0.1143,0.1473199999999999
2020-01-03,0.0,7.51,-1.75,0.1676399999999999,0.2336799999999999,0.21336,0.16256,0.20066,0.18288,0.24892,0.21844,0.1143,0.14986
2020-01-04,0.0,7.08,-3.69,0.1676399999999999,0.2336799999999999,0.21336,0.16256,0.20066,0.18288,0.24892,0.21844,0.1143,0.14986
2020-01-05,1.26,2.24,-5.07,0.1676399999999999,0.2336799999999999,0.21336,0.16256,0.20066,0.18288,0.24892,0.21844,0.1143,0.14986
2020-01-06,0.0,5.4,-3.84,0.1676399999999999,0.2336799999999999,0.21336,0.16256,0.2057399999999999,0.18288,0.254,0.22352,0.1168399999999999,0.14986
2020-01-07,0.0,9.34,-1.42,0.1676399999999999,0.23622,0.21844,0.1651,0.2057399999999999,0.18288,0.254,0.22352,0.1168399999999999,0.14986
2020-01-08,3.12,5.43,-1.1,0.1676399999999999,0.23622,0.21844,0.1651,0.2057399999999999,0.18288,0.254,0.22352,0.1168399999999999,0.14986
2020-01-09,2.66,3.37,-3.07,0.1727199999999999,0.2413,0.2209799999999999,0.1676399999999999,0.21336,0.1905,0.25654,0.2286,0.11938,0.1523999999999999
2020-01-10,0.0,1.11,-7.09,0.1727199999999999,0.2463799999999999,0.22606,0.17018,0.2209799999999999,0.19812,0.26416,0.2336799999999999,0.1219199999999999,0.15494
2020-01-11,10.3,0.8,-6.02,0.1727199999999999,0.24892,0.22606,0.17018,0.2209799999999999,0.19812,0.26416,0.2336799999999999,0.1219199999999999,0.15494
2020-01-12,2.51,1.28,-4.02,0.1905,0.25908,0.2336799999999999,0.1803399999999999,0.2286,0.21082,0.2794,0.2463799999999999,0.127,0.16002
2020-01-13,7.2,3.23,-2.68,0.19558,0.26162,0.23622,0.18542,0.2336799999999999,0.21844,0.28956,0.25146,0.127,0.16256
2020-01-14,1.67,3.78,-4.63,0.2032,0.27686,0.2463799999999999,0.19304,0.24892,0.22606,0.2946399999999999,0.25654,0.13208,0.17018
2020-01-15,0.0,1.77,-7.74,0.2032,0.2794,0.24892,0.19558,0.25654,0.23622,0.2971799999999999,0.26162,0.13462,0.1727199999999999
2020-01-16,0.0,7.53,-5.51,0.2032,0.2819399999999999,0.25146,0.19812,0.25654,0.23622,0.29972,0.26416,0.13462,0.1727199999999999
2020-01-17,4.11,6.59,-6.27,0.2057399999999999,0.2844799999999999,0.25146,0.20066,0.25654,0.23622,0.29972,0.26416,0.13462,0.17526
2020-01-18,0.0,3.16,-7.83,0.21336,0.2971799999999999,0.26162,0.21082,0.2717799999999999,0.25654,0.3175,0.2794,0.1422399999999999,0.18288
2020-01-19,0.0,2.99,-7.14,0.21336,0.29972,0.26416,0.21082,0.2717799999999999,0.25654,0.3175,0.2794,0.1422399999999999,0.18288
2020-01-20,0.0,3.94,-5.66,0.21844,0.29972,0.2667,0.21082,0.2717799999999999,0.25654,0.3175,0.2794,0.1422399999999999,0.18288
2020-01-21,1.98,5.94,-2.9,0.21844,0.30226,0.26924,0.21336,0.2717799999999999,0.25654,0.3175,0.2794,0.1422399999999999,0.18288
2020-01-22,2.67,5.09,-0.76,0.2209799999999999,0.30734,0.2717799999999999,0.21844,0.27432,0.25654,0.32512,0.2819399999999999,0.1422399999999999,0.18542
2020-01-23,0.0,7.42,0.06,0.22606,0.31242,0.27432,0.2209799999999999,0.2794,0.26416,0.3352799999999999,0.2920999999999999,0.1473199999999999,0.18796
2020-01-24,5.95,3.46,-1.13,0.22606,0.31242,0.27432,0.2209799999999999,0.2819399999999999,0.2667,0.33782,0.2920999999999999,0.1473199999999999,0.18796
2020-01-25,0.0,7.32,0.6,0.2286,0.3175,0.27432,0.22606,0.28702,0.2717799999999999,0.3429,0.2946399999999999,0.14986,0.1905
2020-01-26,10.04,6.85,0.14,0.2286,0.3175,0.27432,0.22606,0.28702,0.2717799999999999,0.3429,0.2946399999999999,0.14986,0.1905
2020-01-27,8.54,6.84,0.41,0.23622,0.32258,0.2794,0.2311399999999999,0.2920999999999999,0.2794,0.35052,0.30226,0.1523999999999999,0.19304
2020-01-28,5.58,6.3,-0.9,0.24892,0.3302,0.2819399999999999,0.23876,0.2946399999999999,0.2844799999999999,0.3581399999999999,0.3047999999999999,0.15748,0.19558
2020-01-29,3.46,4.74,-2.24,0.24892,0.3302,0.2819399999999999,0.23876,0.2971799999999999,0.2844799999999999,0.3581399999999999,0.3047999999999999,0.15748,0.19812
2020-01-30,3.0,2.68,-2.96,0.24892,0.3302,0.2819399999999999,0.23876,0.29972,0.28702,0.3606799999999999,0.30734,0.15748,0.19812
2020-01-31,0.0,4.63,-5.88,0.24892,0.3302,0.2819399999999999,0.23876,0.29972,0.28702,0.3606799999999999,0.30734,0.16002,0.19812
2020-02-01,0.0,9.86,-1.79,0.25146,0.33274,0.2844799999999999,0.2413,0.29972,0.28702,0.36322,0.30734,0.16002,0.19812
2020-02-02,10.1,10.14,-2.69,0.25146,0.33274,0.2844799999999999,0.2413,0.29972,0.28702,0.36322,0.30734,0.16002,0.19812
2020-02-03,8.18,-1.47,-8.17,0.25146,0.33274,0.2844799999999999,0.2413,0.29972,0.28702,0.36322,0.30734,0.16002,0.19812
2020-02-04,0.0,-2.51,-12.87,0.25654,0.33782,0.28702,0.2463799999999999,0.30734,0.29972,0.36576,0.31242,0.16256,0.20066
2020-02-05,4.44,-3.04,-11.82,0.25654,0.33782,0.28702,0.2463799999999999,0.30734,0.29972,0.36576,0.31242,0.16256,0.20066
2020-02-06,8.88,3.92,-6.96,0.25908,0.3429,0.2946399999999999,0.2463799999999999,0.30988,0.30226,0.3682999999999999,0.31496,0.1651,0.20066
2020-02-07,1.04,6.3,0.47,0.2819399999999999,0.36576,0.30734,0.2667,0.33782,0.3429,0.39624,0.3479799999999999,0.1676399999999999,0.21844
2020-02-08,0.0,8.81,-1.02,0.30226,0.37846,0.3175,0.2819399999999999,0.3581399999999999,0.381,0.4114799999999999,0.38354,0.1676399999999999,0.2286
2020-02-09,0.0,5.24,-5.53,0.30226,0.37846,0.3175,0.2819399999999999,0.3606799999999999,0.381,0.4114799999999999,0.38354,0.17526,0.2286
2020-02-10,0.0,2.51,-7.77,0.30226,0.37846,0.3175,0.2819399999999999,0.3606799999999999,0.381,0.4114799999999999,0.38354,0.17526,0.2286
2020-02-11,0.0,3.14,-8.29,0.30226,0.37846,0.3175,0.2819399999999999,0.3606799999999999,0.381,0.41402,0.38354,0.17526,0.2286
2020-02-12,0.0,5.69,-5.26,0.30226,0.381,0.32004,0.2819399999999999,0.3606799999999999,0.381,0.4165599999999999,0.38608,0.17526,0.2286
2020-02-13,0.0,6.7,-3.77,0.30226,0.381,0.32004,0.2844799999999999,0.3606799999999999,0.381,0.4165599999999999,0.38608,0.17526,0.2286
2020-02-14,0.0,10.5,-4.8,0.30226,0.381,0.32004,0.2844799999999999,0.3606799999999999,0.381,0.4165599999999999,0.38608,0.17526,0.2286
2020-02-15,0.0,5.01,-4.74,0.3047999999999999,0.381,0.32004,0.2844799999999999,0.3606799999999999,0.381,0.4165599999999999,0.38608,0.17526,0.2286
2020-02-16,11.25,4.55,-1.09,0.3047999999999999,0.381,0.32004,0.2844799999999999,0.36322,0.381,0.4165599999999999,0.38608,0.17526,0.2286
2020-02-17,0.0,3.93,-5.63,0.31242,0.40132,0.33274,0.30226,0.38354,0.39624,0.43688,0.40386,0.1803399999999999,0.2413
2020-02-18,0.0,1.97,-8.84,0.31242,0.40386,0.3352799999999999,0.30226,0.38354,0.39624,0.43688,0.40386,0.1803399999999999,0.2413
2020-02-19,0.0,2.03,-10.53,0.31242,0.40386,0.3352799999999999,0.30226,0.38354,0.39624,0.43688,0.40386,0.1803399999999999,0.2413
2020-02-20,0.0,2.44,-11.19,0.31242,0.40386,0.3352799999999999,0.30226,0.38354,0.39624,0.43688,0.40386,0.1803399999999999,0.2413
2020-02-21,0.0,5.49,-7.86,0.3175,0.40386,0.33782,0.30226,0.38354,0.39624,0.43942,0.40386,0.1803399999999999,0.2413
2020-02-22,0.0,7.71,-4.95,0.3175,0.40386,0.33782,0.30226,0.38354,0.39624,0.43942,0.4064,0.1803399999999999,0.2413
2020-02-23,0.0,9.53,-4.23,0.3175,0.40386,0.33782,0.30226,0.38354,0.39624,0.43942,0.4064,0.1803399999999999,0.2413
2020-02-24,0.0,6.19,-4.07,0.32004,0.40386,0.33782,0.30226,0.38354,0.39624,0.43942,0.4064,0.1803399999999999,0.2413
2020-02-25,0.0,4.33,-7.51,0.32004,0.40386,0.33782,0.30226,0.39116,0.3987799999999999,0.4419599999999999,0.4064,0.18288,0.2413
2020-02-26,0.0,7.02,-7.65,0.32004,0.40386,0.33782,0.30226,0.3937,0.3987799999999999,0.4419599999999999,0.4064,0.18288,0.2413
2020-02-27,0.0,10.37,-5.18,0.32766,0.40386,0.33782,0.3047999999999999,0.3937,0.3987799999999999,0.4419599999999999,0.4064,0.18288,0.2413
2020-02-28,0.0,13.44,-3.05,0.32766,0.40894,0.33782,0.3047999999999999,0.3937,0.3987799999999999,0.4419599999999999,0.4064,0.18288,0.2413
2020-02-29,0.0,13.57,0.39,0.32766,0.40894,0.33782,0.3047999999999999,0.3937,0.3987799999999999,0.4419599999999999,0.4064,0.18288,0.2413
2020-03-01,2.58,4.92,-1.41,0.32766,0.40894,0.33782,0.3047999999999999,0.3937,0.3987799999999999,0.4419599999999999,0.4064,0.18288,0.2413
2020-03-02,0.0,5.33,-5.53,0.33274,0.4165599999999999,0.3479799999999999,0.31242,0.3987799999999999,0.40894,0.45212,0.41402,0.18796,0.2463799999999999
2020-03-03,0.0,8.46,-3.03,0.33274,0.4165599999999999,0.3479799999999999,0.31242,0.3987799999999999,0.40894,0.45212,0.41402,0.18796,0.2463799999999999
2020-03-04,0.0,13.01,-1.93,0.33274,0.4191,0.3479799999999999,0.31242,0.3987799999999999,0.40894,0.45212,0.41402,0.18796,0.2463799999999999
2020-03-05,0.0,17.15,0.36,0.33274,0.4241799999999999,0.3479799999999999,0.31242,0.3987799999999999,0.40894,0.45212,0.41402,0.18288,0.2463799999999999
2020-03-06,0.0,18.24,3.52,0.33274,0.4241799999999999,0.3479799999999999,0.31242,0.3987799999999999,0.40894,0.45212,0.41402,0.1777999999999999,0.2463799999999999
2020-03-07,0.0,16.79,6.59,0.33274,0.42672,0.3479799999999999,0.3175,0.3987799999999999,0.40894,0.45212,0.4114799999999999,0.1727199999999999,0.2463799999999999
2020-03-08,3.23,11.94,3.48,0.3352799999999999,0.42672,0.35306,0.3175,0.3987799999999999,0.40894,0.45212,0.40132,0.1676399999999999,0.2463799999999999
2020-03-09,0.0,12.39,2.67,0.35052,0.4419599999999999,0.36322,0.3352799999999999,0.41402,0.4191,0.47244,0.40894,0.15748,0.24892
2020-03-10,0.0,13.06,3.03,0.35052,0.4445,0.36322,0.33782,0.41402,0.4191,0.47752,0.4064,0.15494,0.24892
2020-03-11,0.0,13.89,1.57,0.35052,0.44704,0.36322,0.34036,0.41402,0.4191,0.4826,0.4064,0.14986,0.25654
2020-03-12,0.0,13.0,2.5,0.35052,0.44704,0.36576,0.34036,0.41402,0.4191,0.4826,0.4064,0.1422399999999999,0.25654
2020-03-13,0.0,11.19,-0.89,0.3555999999999999,0.44704,0.36576,0.34036,0.41402,0.4191,0.4876799999999999,0.4064,0.13462,0.25654
2020-03-14,0.0,14.99,3.26,0.3581399999999999,0.44958,0.3682999999999999,0.3454399999999999,0.4114799999999999,0.41402,0.4952999999999999,0.40386,0.13716,0.25908
2020-03-15,0.0,16.24,6.97,0.3581399999999999,0.44958,0.3682999999999999,0.3429,0.3987799999999999,0.40386,0.5054599999999999,0.40132,0.11176,0.25146
2020-03-16,0.0,15.21,5.47,0.3555999999999999,0.44958,0.3682999999999999,0.33782,0.381,0.39116,0.5054599999999999,0.3987799999999999,0.09398,0.24892
2020-03-17,5.97,16.95,3.92,0.3555999999999999,0.44958,0.3682999999999999,0.33274,0.381,0.38608,0.5054599999999999,0.39116,0.0888999999999999,0.24892
2020-03-18,9.8,10.7,2.59,0.3555999999999999,0.44958,0.3682999999999999,0.32512,0.36322,0.37846,0.5054599999999999,0.38608,0.0635,0.2438399999999999
2020-03-19,2.84,8.86,2.55,0.36576,0.4572,0.37084,0.3302,0.37084,0.38862,0.51816,0.3987799999999999,0.06604,0.25146
2020-03-20,2.2,8.78,1.63,0.36576,0.45974,0.37338,0.3302,0.381,0.39624,0.52832,0.40894,0.06858,0.25654
2020-03-21,0.0,11.25,0.25,0.37338,0.4673599999999999,0.37846,0.3302,0.38354,0.40132,0.53594,0.4114799999999999,0.06858,0.25654
2020-03-22,0.0,12.38,2.11,0.37338,0.4699,0.381,0.33274,0.38862,0.4064,0.53594,0.4114799999999999,0.05334,0.26162
2020-03-23,0.81,13.03,2.98,0.37338,0.47244,0.381,0.33274,0.3987799999999999,0.4064,0.53594,0.4114799999999999,0.04064,0.2667
2020-03-24,13.62,11.27,1.97,0.37338,0.47752,0.38608,0.3302,0.40132,0.4064,0.53848,0.4191,0.0304799999999999,0.2667
2020-03-25,11.67,7.13,0.39,0.381,0.48514,0.39116,0.33274,0.43688,0.4064,0.5461,0.4317999999999999,0.0304799999999999,0.28702
2020-03-26,3.03,6.08,-1.42,0.39624,0.5003799999999999,0.40894,0.34036,0.4572,0.4241799999999999,0.5613400000000001,0.45212,0.0355599999999999,0.30226
2020-03-27,2.44,6.6,-3.46,0.39624,0.51054,0.4191,0.3454399999999999,0.46482,0.43434,0.5715,0.45974,0.03302,0.3047999999999999
2020-03-28,1.62,8.47,-1.2,0.39624,0.51054,0.4191,0.3454399999999999,0.46482,0.43434,0.57404,0.45974,0.0254,0.3047999999999999
2020-03-29,1.01,11.36,0.51,0.40894,0.51562,0.4191,0.3479799999999999,0.4699,0.4445,0.5841999999999999,0.4673599999999999,0.02032,0.3047999999999999
2020-03-30,3.56,13.3,2.55,0.4114799999999999,0.52324,0.4241799999999999,0.35306,0.4749799999999999,0.44704,0.58674,0.47244,0.02032,0.31242
2020-03-31,0.0,17.2,5.93,0.4165599999999999,0.52832,0.4292599999999999,0.35306,0.47752,0.44958,0.5892799999999999,0.47752,0.0127,0.31496
2020-04-01,1.24,12.28,1.24,0.4165599999999999,0.52832,0.4292599999999999,0.35306,0.48514,0.43688,0.5892799999999999,0.47244,0.0076199999999999,0.30734
2020-04-02,0.0,6.4,-2.51,0.4191,0.5308599999999999,0.43688,0.35306,0.48514,0.43688,0.5943599999999999,0.46482,0.0,0.3047999999999999
2020-04-03,0.0,9.79,-3.3,0.4191,0.5308599999999999,0.43688,0.35306,0.48514,0.43688,0.5943599999999999,0.4673599999999999,0.0,0.30988
2020-04-04,0.0,14.71,-1.48,0.4191,0.5334,0.43688,0.35306,0.48514,0.4317999999999999,0.5943599999999999,0.4673599999999999,0.0,0.30988
2020-04-05,0.0,18.32,4.82,0.40894,0.53594,0.43942,0.35052,0.48514,0.4241799999999999,0.5943599999999999,0.46482,0.0,0.30734
2020-04-06,0.01,15.14,8.42,0.40386,0.53594,0.43942,0.35052,0.48514,0.42164,0.60452,0.45212,0.0,0.3047999999999999
2020-04-07,0.0,17.76,6.19,0.40132,0.53594,0.43942,0.3429,0.48514,0.41402,0.6095999999999999,0.43942,0.0,0.29972
2020-04-08,0.0,20.05,4.63,0.38608,0.53594,0.4317999999999999,0.32512,0.4800599999999999,0.40894,0.6095999999999999,0.4241799999999999,0.0,0.28956
2020-04-09,0.0,19.71,5.38,0.36576,0.52832,0.4241799999999999,0.30988,0.45212,0.3987799999999999,0.6095999999999999,0.4064,0.0,0.27686
2020-04-10,0.0,16.75,3.51,0.35052,0.5206999999999999,0.4191,0.29972,0.4292599999999999,0.38608,0.60198,0.39116,0.0,0.25908
2020-04-11,0.0,17.16,4.84,0.3352799999999999,0.51816,0.4114799999999999,0.2844799999999999,0.4064,0.3606799999999999,0.59944,0.37338,0.0,0.25146
2020-04-12,0.0,9.82,1.76,0.32512,0.52324,0.40894,0.2794,0.4064,0.34036,0.5969,0.3606799999999999,0.0,0.2438399999999999
2020-04-13,0.0,7.63,-2.6,0.3175,0.52324,0.40894,0.2794,0.4064,0.3429,0.60452,0.3581399999999999,0.0,0.2413
2020-04-14,0.0,9.84,-3.19,0.3175,0.52324,0.40894,0.2844799999999999,0.4064,0.3429,0.60452,0.3555999999999999,0.0,0.2413
2020-04-15,8.4,9.21,1.75,0.30988,0.5334,0.40894,0.2844799999999999,0.4064,0.34036,0.60198,0.35052,0.0,0.23622
2020-04-16,0.93,8.66,0.38,0.32766,0.5435599999999999,0.4292599999999999,0.2946399999999999,0.4191,0.35052,0.6095999999999999,0.3682999999999999,0.0076199999999999,0.23622
2020-04-17,0.0,12.36,-1.63,0.33274,0.55372,0.43434,0.29972,0.42164,0.3606799999999999,0.61722,0.37084,0.00508,0.23622
2020-04-18,0.0,16.58,1.0,0.33274,0.55626,0.43688,0.29972,0.4191,0.36576,0.6223,0.37084,0.0,0.23622
2020-04-19,0.0,16.02,3.73,0.33274,0.55626,0.43688,0.2971799999999999,0.4165599999999999,0.3581399999999999,0.6223,0.3682999999999999,0.0,0.23622
2020-04-20,0.0,18.68,3.91,0.33274,0.55626,0.4317999999999999,0.2920999999999999,0.39624,0.3479799999999999,0.6223,0.3606799999999999,0.0,0.2209799999999999
2020-04-21,0.0,20.73,4.37,0.31242,0.55372,0.42164,0.27686,0.37846,0.33274,0.6223,0.3429,0.0,0.2057399999999999
2020-04-22,0.88,19.32,5.82,0.2946399999999999,0.55118,0.40894,0.2717799999999999,0.35306,0.31242,0.61722,0.31496,0.0,0.18796
2020-04-23,1.49,16.88,6.68,0.2819399999999999,0.53848,0.38862,0.25146,0.33274,0.2819399999999999,0.61214,0.2819399999999999,0.0,0.16256
2020-04-24,0.0,15.92,3.49,0.2717799999999999,0.54102,0.38608,0.2463799999999999,0.3454399999999999,0.2717799999999999,0.61468,0.26924,0.0,0.14986
2020-04-25,0.0,20.91,5.32,0.25908,0.53594,0.37338,0.2286,0.32766,0.2463799999999999,0.61214,0.24892,0.0,0.13462
2020-04-26,0.0,23.3,9.85,0.2286,0.5206999999999999,0.3555999999999999,0.2082799999999999,0.2971799999999999,0.21844,0.5969,0.21082,0.0,0.10922
2020-04-27,0.0,24.18,9.01,0.2057399999999999,0.5003799999999999,0.33782,0.18288,0.26924,0.1803399999999999,0.5715,0.16256,0.0,0.07874
2020-04-28,0.0,21.95,9.65,0.17526,0.4800599999999999,0.31496,0.16256,0.2438399999999999,0.14478,0.55118,0.12954,0.0,0.04826
2020-04-29,0.0,27.49,8.74,0.1523999999999999,0.4622799999999999,0.2946399999999999,0.13462,0.2158999999999999,0.11176,0.5308599999999999,0.09398,0.0,0.02032
2020-04-30,0.0,26.32,11.56,0.127,0.43688,0.26924,0.1041399999999999,0.1777999999999999,0.0711199999999999,0.50292,0.0508,0.0,0.0
2020-05-01,2.34,19.73,10.84,0.09906,0.4165599999999999,0.24892,0.06604,0.14478,0.0177799999999999,0.44958,0.02286,0.0,0.0
2020-05-02,0.0,23.02,8.65,0.06858,0.39624,0.23622,0.0431799999999999,0.1422399999999999,0.0076199999999999,0.44958,0.02032,0.0,0.0
2020-05-03,0.0,20.56,11.59,0.0508,0.381,0.2209799999999999,0.02032,0.1168399999999999,0.0,0.43688,0.01016,0.0,0.0
2020-05-04,0.0,17.39,5.1,0.0,0.3682999999999999,0.21082,0.0,0.1016,0.0,0.41402,0.0,0.0,0.0
2020-05-05,0.0,23.08,3.87,0.0,0.36322,0.19812,0.0,0.07874,0.0,0.3937,0.0,0.0,0.0
2020-05-06,0.0,24.89,7.1,0.0,0.3454399999999999,0.17526,0.0,0.04572,0.0,0.37846,0.0,0.0,0.0
2020-05-07,0.0,16.91,3.69,0.0,0.33782,0.1473199999999999,0.0,0.02032,0.0,0.3606799999999999,0.0,0.0,0.0
2020-05-08,0.0,20.72,3.12,0.0,0.31496,0.13208,0.0,0.0076199999999999,0.0,0.34036,0.0,0.0,0.0
2020-05-09,0.0,24.0,6.06,0.0,0.29972,0.10922,0.0,0.0,0.0,0.32512,0.0,0.0,0.0
2020-05-10,0.0,27.51,6.3,0.0,0.28702,0.0838199999999999,0.0,0.0,0.0,0.3047999999999999,0.0,0.0,0.0
2020-05-11,0.0,27.38,13.34,0.0,0.25654,0.0584199999999999,0.0,0.0,0.0,0.28956,0.0,0.0,0.0
2020-05-12,0.0,23.37,12.26,0.0,0.23622,0.0254,0.0,0.0,0.0,0.254,0.0,0.0,0.0
2020-05-13,0.0,18.48,9.63,0.0,0.21082,0.01016,0.0,0.0,0.0,0.2286,0.0,0.0,0.0
2020-05-14,0.0,18.17,8.48,0.0,0.2032,0.0,0.0,0.0,0.0,0.21844,0.0,0.0,0.0
2020-05-15,0.0,19.61,9.78,0.0,0.18542,0.0,0.0,0.0,0.0,0.2057399999999999,0.0,0.0,0.0
2020-05-16,0.0,21.19,5.79,0.0,0.1727199999999999,0.0,0.0,0.0,0.0,0.19304,0.0,0.0,0.0
2020-05-17,0.0,29.99,9.41,0.0,0.14986,0.0,0.0,0.0,0.0,0.1727199999999999,0.0,0.0,0.0
2020-05-18,0.0,29.65,17.1,0.0,0.1168399999999999,0.0,0.0,0.0,0.0,0.14478,0.0,0.0,0.0
2020-05-19,0.76,26.26,9.97,0.0,0.0761999999999999,0.0,0.0,0.0,0.0,0.1016,0.0,0.0,0.0
2020-05-20,3.55,16.48,7.71,0.0,0.0355599999999999,0.0,0.0,0.0,0.0,0.0736599999999999,0.0,0.0,0.0
2020-05-21,0.0,18.97,7.87,0.0,0.0177799999999999,0.0,0.0,0.0,0.0,0.0635,0.0,0.0,0.0
2020-05-22,8.17,18.88,7.83,0.0,0.0,0.0,0.0,0.0,0.0,0.0431799999999999,0.0,0.0,0.0
2020-05-23,9.47,13.88,2.04,0.0,0.0,0.0,0.0,0.0,0.00254,0.02794,0.0,0.0,0.0
2020-05-24,0.0,16.83,3.68,0.0,0.0,0.0,0.0,0.00254,0.0,0.0127,0.0,0.0,0.0
2020-05-25,0.0,20.74,4.98,0.0,0.0,0.0,0.0,0.00254,0.0,0.01016,0.0,0.0,0.0
2020-05-26,0.0,26.4,9.47,0.0,0.0,0.0,0.0,0.0,0.0,0.0,0.0,0.0,0.0
2020-05-27,0.0,27.2,13.33,0.0,0.0,0.0,0.0,0.0,0.0,0.0,0.0,0.0,0.0
2020-05-28,0.0,30.18,13.57,0.0,0.0,0.0,0.0,0.0,0.0,0.0,0.0,0.0,0.0
2020-05-29,0.0,34.13,15.3,0.0,0.0,0.0,0.0,0.0,0.0,0.0,0.0,0.0,0.0
2020-05-30,0.0,35.21,19.81,0.0,0.0,0.0,0.0,0.0,0.0,0.0,0.0,0.0,0.0
2020-05-31,0.0,32.36,18.98,0.0,0.0,0.0,0.0,0.0,0.0,0.0,0.0,0.0,0.0
2020-06-01,0.0,32.19,17.39,0.0,0.0,0.0,0.0,0.0,0.0,0.0,0.0,0.0,0.0
2020-06-02,0.0,29.93,13.93,0.0,0.0,0.0,0.0,0.0,0.0,0.0,0.0,0.0,0.0
2020-06-03,0.0,31.37,14.95,0.0,0.0,0.0,0.0,0.0,0.0,0.0,0.0,0.0,0.0
2020-06-04,0.0,30.99,15.8,0.0,0.0,0.0,0.0,0.0,0.0,0.0,0.0,0.0,0.0
2020-06-05,0.0,34.82,15.96,0.0,0.0,0.0,0.0,0.0,0.0,0.0,0.0,0.0,0.0
2020-06-06,13.69,25.87,12.32,0.0,0.0,0.0,0.0,0.0,0.0,0.0,0.0,0.0,0.0
2020-06-07,8.59,14.55,7.39,0.0,0.0,0.0,0.0,0.0,0.0,0.0,0.0,0.0,0.0
2020-06-08,3.93,14.01,5.03,0.0,0.0177799999999999,0.0127,0.0,0.0,0.00508,0.0,0.0,0.0,0.0
2020-06-09,0.0,21.02,4.21,0.0,0.02286,0.01016,0.0,0.0,0.00508,0.00254,0.0,0.0,0.0
2020-06-10,0.0,25.8,9.14,0.0,0.0,0.0,0.0,0.0,0.0,0.0,0.0,0.0,0.0
2020-06-11,0.0,31.32,11.97,0.0,0.0,0.0,0.0,0.0,0.0,0.0,0.0,0.0,0.0
2020-06-12,0.0,34.04,16.43,0.0,0.0,0.0,0.0,0.0,0.0,0.0,0.0,0.0,0.0
2020-06-13,0.0,27.8,13.13,0.0,0.0,0.0,0.0,0.0,0.0,0.0,0.0,0.0,0.0
2020-06-14,0.0,24.4,9.45,0.0,0.0,0.0,0.0,0.0,0.0,0.0,0.0,0.0,0.0
2020-06-15,0.0,27.53,10.6,0.0,0.0,0.0,0.0,0.0,0.0,0.0,0.0,0.0,0.0
2020-06-16,12.99,21.6,11.08,0.0,0.0,0.0,0.0,0.0,0.0,0.0,0.0,0.0,0.0
2020-06-17,10.69,18.3,7.08,0.0,0.0,0.0,0.0,0.0,0.0,0.0,0.00508,0.0,0.0
2020-06-18,0.0,20.74,7.93,0.0,0.0,0.0,0.0,0.0,0.0,0.0,0.0,0.0,0.0
2020-06-19,0.0,24.65,9.82,0.0,0.0,0.0,0.0,0.0,0.0,0.0,0.0,0.0,0.0
2020-06-20,0.0,27.8,11.65,0.0,0.0,0.0,0.0,0.0,0.0,0.0,0.0,0.0,0.0
2020-06-21,0.0,29.38,13.78,0.0,0.0,0.0,0.0,0.0,0.0,0.0,0.0,0.0,0.0
2020-06-22,0.0,29.18,13.28,0.0,0.0,0.0,0.0,0.0,0.0,0.0,0.0,0.0,0.0
2020-06-23,0.0,31.4,14.12,0.0,0.0,0.0,0.0,0.0,0.0,0.0,0.0,0.0,0.0
2020-06-24,0.0,33.34,15.97,0.0,0.0,0.0,0.0,0.0,0.0,0.0,0.0,0.0,0.0
2020-06-25,0.0,30.74,18.19,0.0,0.0,0.0,0.0,0.0,0.0,0.0,0.0,0.0,0.0
2020-06-26,0.0,31.74,15.86,0.0,0.0,0.0,0.0,0.0,0.0,0.0,0.0,0.0,0.0
2020-06-27,0.0,32.55,15.55,0.0,0.0,0.0,0.0,0.0,0.0,0.0,0.0,0.0,0.0
2020-06-28,8.29,30.32,11.02,0.0,0.0,0.0,0.0,0.0,0.0,0.0,0.0,0.0,0.0
2020-06-29,10.65,17.65,6.74,0.0,0.0,0.0,0.0,0.0,0.0,0.0,0.0,0.0,0.0
2020-06-30,9.29,20.64,8.24,0.0,0.0,0.0,0.0,0.0,0.0,0.0,0.0,0.0,0.0
2020-07-01,0.0,29.17,10.63,0.0,0.0,0.0,0.0,0.0,0.0,0.0,0.0,0.0,0.0
2020-07-02,0.0,30.64,14.04,0.0,0.0,0.0,0.0,0.0,0.0,0.0,0.0,0.0,0.0
2020-07-03,0.0,32.96,15.69,0.0,0.0,0.0,0.0,0.0,0.0,0.0,0.0,0.0,0.0
2020-07-04,0.0,33.82,16.92,0.0,0.0,0.0,0.0,0.0,0.0,0.0,0.0,0.0,0.0
2020-07-05,0.0,33.24,15.44,0.0,0.0,0.0,0.0,0.0,0.0,0.0,0.0,0.0,0.0
2020-07-06,0.0,34.59,15.46,0.0,0.0,0.0,0.0,0.0,0.0,0.0,0.0,0.0,0.0
2020-07-07,0.0,32.73,16.12,0.0,0.0,0.0,0.0,0.0,0.0,0.0,0.0,0.0,0.0
2020-07-08,0.0,31.02,13.4,0.0,0.0,0.0,0.0,0.0,0.0,0.0,0.0,0.0,0.0
2020-07-09,0.0,33.4,14.06,0.0,0.0,0.0,0.0,0.0,0.0,0.0,0.0,0.0,0.0
2020-07-10,0.0,33.87,16.37,0.0,0.0,0.0,0.0,0.0,0.0,0.0,0.0,0.0,0.0
2020-07-11,0.0,35.49,15.92,0.0,0.0,0.0,0.0,0.0,0.0,0.0,0.0,0.0,0.0
2020-07-12,0.0,35.36,17.94,0.0,0.0,0.0,0.0,0.0,0.0,0.0,0.0,0.0,0.0
2020-07-13,0.0,32.04,17.49,0.0,0.0,0.0,0.0,0.0,0.0,0.0,0.0,0.0,0.0
2020-07-14,0.0,30.5,14.81,0.0,0.0,0.0,0.0,0.0,0.0,0.0,0.0,0.0,0.0
2020-07-15,0.0,32.09,14.16,0.0,0.0,0.0,0.0,0.0,0.0,0.0,0.0,0.0,0.0
2020-07-16,0.0,34.38,14.48,0.0,0.0,0.0,0.0,0.0,0.0,0.0,0.0,0.0,0.0
2020-07-17,0.0,37.07,18.38,0.0,0.0,0.0,0.0,0.0,0.0,0.0,0.0,0.0,0.0
2020-07-18,0.0,34.39,17.31,0.0,0.0,0.0,0.0,0.0,0.0,0.0,0.0,0.0,0.0
2020-07-19,0.0,34.02,16.76,0.0,0.0,0.0,0.0,0.0,0.0,0.0,0.0,0.0,0.0
2020-07-20,0.0,33.69,16.08,0.0,0.0,0.0,0.0,0.0,0.0,0.0,0.0,0.0,0.0
2020-07-21,0.0,34.93,16.85,0.0,0.0,0.0,0.0,0.0,0.0,0.0,0.0,0.0,0.0
2020-07-22,0.0,28.21,17.66,0.0,0.0,0.0,0.0,0.0,0.0,0.0,0.0,0.0,0.0
2020-07-23,0.0,33.05,15.66,0.0,0.0,0.0,0.0,0.0,0.0,0.0,0.0,0.0,0.0
2020-07-24,0.0,31.77,16.57,0.0,0.0,0.0,0.0,0.0,0.0,0.0,0.0,0.0,0.0
2020-07-25,0.0,33.66,16.91,0.0,0.0,0.0,0.0,0.0,0.0,0.0,0.0,0.0,0.0
2020-07-26,0.0,34.53,17.55,0.0,0.0,0.0,0.0,0.0,0.0,0.0,0.0,0.0,0.0
2020-07-27,0.0,35.78,18.38,0.0,0.0,0.0,0.0,0.0,0.0,0.0,0.0,0.0,0.0
2020-07-28,0.0,32.35,18.49,0.0,0.0,0.0,0.0,0.0,0.0,0.0,0.0,0.0,0.0
2020-07-29,0.0,32.71,15.0,0.0,0.0,0.0,0.0,0.0,0.0,0.0,0.0,0.0,0.0
2020-07-30,0.0,37.24,16.91,0.0,0.0,0.0,0.0,0.0,0.0,0.0,0.0,0.0,0.0
2020-07-31,0.0,38.69,21.65,0.0,0.0,0.0,0.0,0.0,0.0,0.0,0.0,0.0,0.0
2020-08-01,0.0,38.06,20.22,0.0,0.0,0.0,0.0,0.0,0.0,0.0,0.0,0.0,0.0
2020-08-02,0.0,38.15,21.21,0.0,0.0,0.0,0.0,0.0,0.0,0.0,0.0,0.0,0.0
2020-08-03,0.0,35.85,19.75,0.0,0.0,0.0,0.0,0.0,0.0,0.0,0.0,0.0,0.0
2020-08-04,0.0,34.44,18.13,0.0,0.0,0.0,0.0,0.0,0.0,0.0,0.0,0.0,0.0
2020-08-05,0.0,36.22,17.56,0.0,0.0,0.0,0.0,0.0,0.0,0.0,0.0,0.0,0.0
2020-08-06,0.0,35.42,19.96,0.0,0.0,0.0,0.0,0.0,0.0,0.0,0.0,0.0,0.0
2020-08-07,0.0,32.57,17.21,0.0,0.0,0.0,0.0,0.0,0.0,0.0,0.0,0.0,0.0
2020-08-08,0.0,33.74,15.9,0.0,0.0,0.0,0.0,0.0,0.0,0.0,0.0,0.0,0.0
2020-08-09,0.0,33.88,15.35,0.0,0.0,0.0,0.0,0.0,0.0,0.0,0.0,0.0,0.0
2020-08-10,0.0,34.07,15.54,0.0,0.0,0.0,0.0,0.0,0.0,0.0,0.0,0.0,0.0
2020-08-11,0.0,34.4,17.16,0.0,0.0,0.0,0.0,0.0,0.0,0.0,0.0,0.0,0.0
2020-08-12,0.0,32.91,17.58,0.0,0.0,0.0,0.0,0.0,0.0,0.0,0.0,0.0,0.0
2020-08-13,0.0,33.79,17.01,0.0,0.0,0.0,0.0,0.0,0.0,0.0,0.0,0.0,0.0
2020-08-14,0.0,32.64,15.11,0.0,0.0,0.0,0.0,0.0,0.0,0.0,0.0,0.0,0.0
2020-08-15,0.0,35.08,16.07,0.0,0.0,0.0,0.0,0.0,0.0,0.0,0.0,0.0,0.0
2020-08-16,0.0,35.84,17.11,0.0,0.0,0.0,0.0,0.0,0.0,0.0,0.0,0.0,0.0
2020-08-17,0.0,37.48,17.79,0.0,0.0,0.0,0.0,0.0,0.0,0.0,0.0,0.0,0.0
2020-08-18,0.0,37.93,19.13,0.0,0.0,0.0,0.0,0.0,0.0,0.0,0.0,0.0,0.0
2020-08-19,0.0,37.0,21.12,0.0,0.0,0.0,0.0,0.0,0.0,0.0,0.0,0.0,0.0
2020-08-20,0.0,35.4,22.38,0.0,0.0,0.0,0.0,0.0,0.0,0.0,0.0,0.0,0.0
2020-08-21,0.0,34.86,17.55,0.0,0.0,0.0,0.0,0.0,0.0,0.0,0.0,0.0,0.0
2020-08-22,0.0,36.08,17.65,0.0,0.0,0.0,0.0,0.0,0.0,0.0,0.0,0.0,0.0
2020-08-23,0.0,34.95,19.56,0.0,0.0,0.0,0.0,0.0,0.0,0.0,0.0,0.0,0.0
2020-08-24,0.51,35.38,18.93,0.0,0.0,0.0,0.0,0.0,0.0,0.0,0.0,0.0,0.0
2020-08-25,0.0,35.33,19.94,0.0,0.0,0.0,0.0,0.0,0.0,0.0,0.0,0.0,0.0
2020-08-26,0.0,35.02,19.64,0.0,0.0,0.0,0.0,0.0,0.0,0.0,0.0,0.0,0.0
2020-08-27,0.0,34.27,19.34,0.0,0.0,0.0,0.0,0.0,0.0,0.0,0.0,0.0,0.0
2020-08-28,1.74,33.09,16.18,0.0,0.0,0.0,0.0,0.0,0.0,0.0,0.0,0.0,0.0
2020-08-29,0.0,32.75,18.57,0.0,0.0,0.0,0.0,0.0,0.0,0.0,0.0,0.0,0.0
2020-08-30,0.0,30.2,14.47,0.0,0.0,0.0,0.0,0.0,0.0,0.0,0.0,0.0,0.0
2020-08-31,0.0,23.69,10.08,0.0,0.0,0.0,0.0,0.0,0.0,0.0,0.0,0.0,0.0
2020-09-01,0.0,24.09,7.71,0.0,0.0,0.0,0.0,0.0,0.0,0.0,0.0,0.0,0.0
2020-09-02,0.0,29.43,10.08,0.0,0.0,0.0,0.0,0.0,0.0,0.0,0.0,0.0,0.0
2020-09-03,0.0,32.29,13.47,0.0,0.0,0.0,0.0,0.0,0.0,0.0,0.0,0.0,0.0
2020-09-04,0.0,34.02,14.16,0.0,0.0,0.0,0.0,0.0,0.0,0.0,0.0,0.0,0.0
2020-09-05,0.0,36.23,15.95,0.0,0.0,0.0,0.0,0.0,0.0,0.0,0.0,0.0,0.0
2020-09-06,0.0,34.81,16.57,0.0,0.0,0.0,0.0,0.0,0.0,0.0,0.0,0.0,0.0
2020-09-07,0.0,31.82,11.99,0.0,0.0,0.0,0.0,0.0,0.0,0.0,0.0,0.0,0.0
2020-09-08,1.45,14.44,5.6,0.0,0.0,0.0,0.0,0.0,0.0,0.0,0.0,0.0,0.0
2020-09-09,0.0,17.83,5.08,0.0,0.0,0.0,0.0,0.0,0.0,0.00254,0.00254,0.0,0.0
2020-09-10,0.0,23.05,8.85,0.0,0.0,0.0,0.0,0.0,0.0,0.0,0.0,0.0,0.0
2020-09-11,0.0,25.97,8.56,0.0,0.0,0.0,0.0,0.0,0.0,0.0,0.0,0.0,0.0
2020-09-12,0.0,29.49,10.29,0.0,0.0,0.0,0.0,0.0,0.0,0.0,0.0,0.0,0.0
2020-09-13,0.0,30.75,11.32,0.0,0.0,0.0,0.0,0.0,0.0,0.0,0.0,0.0,0.0
2020-09-14,0.0,31.75,12.41,0.0,0.0,0.0,0.0,0.0,0.0,0.0,0.0,0.0,0.0
2020-09-15,0.0,31.22,12.77,0.0,0.0,0.0,0.0,0.0,0.0,0.0,0.0,0.0,0.0
2020-09-16,0.0,30.61,12.71,0.0,0.0,0.0,0.0,0.0,0.0,0.0,0.0,0.0,0.0
2020-09-17,0.0,31.01,13.47,0.0,0.0,0.0,0.0,0.0,0.0,0.0,0.0,0.0,0.0
2020-09-18,0.0,30.07,13.98,0.0,0.0,0.0,0.0,0.0,0.0,0.0,0.0,0.0,0.0
2020-09-19,4.18,25.0,11.69,0.0,0.0,0.0,0.0,0.0,0.0,0.0,0.0,0.0,0.0
2020-09-20,0.0,24.45,8.67,0.0,0.0,0.0,0.0,0.0,0.0,0.0,0.0,0.0,0.0
2020-09-21,0.0,29.1,9.86,0.0,0.0,0.0,0.0,0.0,0.0,0.0,0.0,0.0,0.0
2020-09-22,0.0,29.51,13.95,0.0,0.0,0.0,0.0,0.0,0.0,0.0,0.0,0.0,0.0
2020-09-23,0.0,29.01,13.14,0.0,0.0,0.0,0.0,0.0,0.0,0.0,0.0,0.0,0.0
2020-09-24,0.0,29.93,12.93,0.0,0.0,0.0,0.0,0.0,0.0,0.0,0.0,0.0,0.0
2020-09-25,0.0,27.01,11.26,0.0,0.0,0.0,0.0,0.0,0.0,0.0,0.0,0.0,0.0
2020-09-26,0.0,22.11,10.79,0.0,0.0,0.0,0.0,0.0,0.0,0.0,0.0,0.0,0.0
2020-09-27,0.0,19.55,7.85,0.0,0.0,0.0,0.0,0.0,0.0,0.0,0.0,0.0,0.0
2020-09-28,0.0,20.9,6.39,0.0,0.0,0.0,0.0,0.0,0.0,0.0,0.0,0.0,0.0
2020-09-29,0.0,23.6,6.09,0.0,0.0,0.0,0.0,0.0,0.0,0.0,0.0,0.0,0.0
2020-09-30,0.0,25.68,7.77,0.0,0.0,0.0,0.0,0.0,0.0,0.0,0.0,0.0,0.0
2020-10-01,0.0,26.56,8.73,0.0,0.0,0.0,0.0,0.0,0.0,0.0,0.0,0.0,0.0
2020-10-02,0.0,24.46,9.4,0.0,0.0,0.0,0.0,0.0,0.0,0.0,0.0,0.0,0.0
2020-10-03,0.0,25.2,9.34,0.0,0.0,0.0,0.0,0.0,0.0,0.0,0.0,0.0,0.0
2020-10-04,0.0,26.14,9.36,0.0,0.0,0.0,0.0,0.0,0.0,0.0,0.0,0.0,0.0
2020-10-05,0.0,25.78,9.54,0.0,0.0,0.0,0.0,0.0,0.0,0.0,0.0,0.0,0.0
2020-10-06,0.0,26.04,8.52,0.0,0.0,0.0,0.0,0.0,0.0,0.0,0.0,0.0,0.0
2020-10-07,0.0,26.67,8.68,0.0,0.0,0.0,0.0,0.0,0.0,0.0,0.0,0.0,0.0
2020-10-08,0.0,27.57,10.25,0.0,0.0,0.0,0.0,0.0,0.0,0.0,0.0,0.0,0.0
2020-10-09,0.0,26.74,11.26,0.0,0.0,0.0,0.0,0.0,0.0,0.0,0.0,0.0,0.0
2020-10-10,6.41,27.69,9.78,0.0,0.0,0.0,0.0,0.0,0.0,0.0,0.0,0.0,0.0
2020-10-11,5.39,16.69,6.17,0.0,0.0,0.0,0.0,0.0,0.0,0.0,0.0,0.0,0.0
2020-10-12,0.0,21.43,4.84,0.0,0.0,0.0,0.0,0.0,0.0,0.00254,0.0,0.0,0.0
2020-10-13,0.0,24.25,7.01,0.0,0.0,0.0,0.0,0.0,0.0,0.0,0.0,0.0,0.0
2020-10-14,0.0,18.7,6.94,0.0,0.0,0.0,0.0,0.0,0.0,0.0,0.0,0.0,0.0
2020-10-15,0.0,13.43,2.51,0.0,0.0,0.0,0.0,0.0,0.0,0.0,0.0,0.0,0.0
2020-10-16,0.0,17.15,2.08,0.0,0.0,0.0,0.0,0.0,0.0,0.0,0.0,0.0,0.0
2020-10-17,0.0,21.19,6.47,0.0,0.0,0.0,0.0,0.0,0.0,0.0,0.0,0.0,0.0
2020-10-18,0.0,20.7,7.87,0.0,0.0,0.0,0.0,0.0,0.0,0.0,0.0,0.0,0.0
2020-10-19,0.0,20.22,7.97,0.0,0.0,0.0,0.0,0.0,0.0,0.0,0.0,0.0,0.0
2020-10-20,0.0,20.54,7.9,0.0,0.0,0.0,0.0,0.0,0.0,0.0,0.0,0.0,0.0
2020-10-21,0.0,20.65,5.59,0.0,0.0,0.0,0.0,0.0,0.0,0.0,0.0,0.0,0.0
2020-10-22,0.0,11.11,1.3,0.0,0.0,0.0,0.0,0.0,0.0,0.0,0.0,0.0,0.0
2020-10-23,0.0,11.43,-1.54,0.0,0.0,0.0,0.0,0.0,0.0,0.0,0.0,0.0,0.0
2020-10-24,0.0,13.93,0.89,0.0,0.0,0.0,0.0,0.0,0.0,0.0,0.0,0.0,0.0
2020-10-25,0.0,6.33,-4.45,0.0,0.0,0.0,0.0,0.00508,0.0,0.0,0.0,0.00508,0.00508
2020-10-26,0.0,3.2,-8.79,0.0,0.00508,0.0,0.0,0.00508,0.00508,0.0076199999999999,0.0076199999999999,0.00508,0.00508
2020-10-27,0.0,7.69,-5.88,0.0,0.01016,0.0,0.0,0.0076199999999999,0.00508,0.0076199999999999,0.0076199999999999,0.00508,0.00508
2020-10-28,0.0,12.32,-2.53,0.0,0.00508,0.0,0.0,0.00508,0.00508,0.0076199999999999,0.0076199999999999,0.00508,0.00508
2020-10-29,0.0,16.31,0.54,0.0,0.0,0.0,0.0,0.00508,0.0,0.0,0.0,0.00508,0.00508
2020-10-30,0.0,18.31,2.03,0.0,0.0,0.0,0.0,0.0,0.0,0.0,0.0,0.00508,0.00508
2020-10-31,0.0,17.8,2.4,0.0,0.0,0.0,0.0,0.0,0.0,0.0,0.0,0.00508,0.00508
2020-11-01,0.0,18.33,2.06,0.0,0.0,0.0,0.0,0.0,0.0,0.0,0.0,0.00508,0.0
2020-11-02,0.0,19.6,3.84,0.0,0.0,0.0,0.0,0.0,0.0,0.0,0.0,0.00508,0.0
2020-11-03,0.0,22.67,5.42,0.0,0.0,0.0,0.0,0.0,0.0,0.0,0.0,0.00508,0.0
2020-11-04,0.0,22.17,6.94,0.0,0.0,0.0,0.0,0.0,0.0,0.0,0.0,0.00508,0.0
2020-11-05,0.0,22.39,6.15,0.0,0.0,0.0,0.0,0.0,0.0,0.0,0.0,0.00508,0.0
2020-11-06,0.0,22.87,8.76,0.0,0.0,0.0,0.0,0.0,0.0,0.0,0.0,0.00508,0.0
2020-11-07,8.06,19.78,6.63,0.0,0.0,0.0,0.00254,0.0,0.0,0.0,0.0,0.00508,0.0
2020-11-08,4.58,5.41,-0.39,0.0076199999999999,0.00508,0.0,0.00508,0.0127,0.00508,0.00508,0.00508,0.00508,0.01016
2020-11-09,0.0,3.95,-2.45,0.0127,0.01016,0.00254,0.0076199999999999,0.0177799999999999,0.0152399999999999,0.02286,0.0254,0.01016,0.0127
2020-11-10,0.0,2.77,-1.75,0.0127,0.0177799999999999,0.00254,0.0076199999999999,0.0177799999999999,0.0177799999999999,0.02794,0.0304799999999999,0.0127,0.0127
2020-11-11,9.16,2.93,-1.58,0.0127,0.0177799999999999,0.00508,0.0076199999999999,0.02032,0.0177799999999999,0.0304799999999999,0.03302,0.0127,0.0152399999999999
2020-11-12,0.0,4.78,-5.1,0.02286,0.03302,0.0177799999999999,0.0127,0.0355599999999999,0.0304799999999999,0.04064,0.04064,0.0177799999999999,0.02286
2020-11-13,13.65,9.09,-4.45,0.02794,0.0380999999999999,0.0304799999999999,0.0127,0.0380999999999999,0.0304799999999999,0.04064,0.04064,0.0177799999999999,0.0254
2020-11-14,0.0,6.01,-0.73,0.0431799999999999,0.0609599999999999,0.05334,0.03302,0.0635,0.05588,0.0508,0.0761999999999999,0.0431799999999999,0.04826
2020-11-15,0.0,10.14,1.34,0.0508,0.0711199999999999,0.0635,0.0380999999999999,0.0635,0.0635,0.05588,0.0838199999999999,0.0431799999999999,0.0508
2020-11-16,0.0,15.14,1.24,0.0508,0.0761999999999999,0.06604,0.0380999999999999,0.0635,0.0635,0.0584199999999999,0.0838199999999999,0.04572,0.05334
2020-11-17,0.0,20.77,4.13,0.0508,0.0761999999999999,0.06604,0.0380999999999999,0.0635,0.0635,0.0584199999999999,0.0838199999999999,0.04572,0.0508
2020-11-18,0.0,17.54,7.37,0.0584199999999999,0.0761999999999999,0.06604,0.0380999999999999,0.0635,0.0635,0.0584199999999999,0.08128,0.0431799999999999,0.0508
2020-11-19,0.0,10.9,2.3,0.0584199999999999,0.0761999999999999,0.0635,0.0380999999999999,0.0635,0.0584199999999999,0.05588,0.0609599999999999,0.0355599999999999,0.04826
2020-11-20,0.0,8.36,-2.19,0.0584199999999999,0.0761999999999999,0.0635,0.0380999999999999,0.0635,0.05334,0.04826,0.0609599999999999,0.02794,0.04572
2020-11-21,0.0,7.8,-4.53,0.0584199999999999,0.0761999999999999,0.0635,0.0380999999999999,0.0635,0.05334,0.04826,0.0609599999999999,0.0254,0.0431799999999999
2020-11-22,0.0,5.16,-5.83,0.0584199999999999,0.0761999999999999,0.0635,0.0380999999999999,0.0635,0.05334,0.04826,0.0609599999999999,0.02286,0.0431799999999999
2020-11-23,0.0,3.88,-5.16,0.0584199999999999,0.0761999999999999,0.0635,0.0380999999999999,0.0635,0.05334,0.04826,0.0609599999999999,0.02032,0.0431799999999999
2020-11-24,0.0,5.66,-5.13,0.0584199999999999,0.0761999999999999,0.0635,0.0380999999999999,0.0635,0.05334,0.04826,0.0609599999999999,0.0152399999999999,0.0431799999999999
2020-11-25,0.0,9.08,-4.48,0.0584199999999999,0.0761999999999999,0.0635,0.0380999999999999,0.0635,0.05334,0.04826,0.0584199999999999,0.00254,0.0431799999999999
2020-11-26,0.0,3.93,-4.54,0.0584199999999999,0.07874,0.0635,0.0380999999999999,0.06604,0.05588,0.05334,0.0609599999999999,0.00254,0.04572
2020-11-27,0.0,3.78,-6.37,0.0584199999999999,0.07874,0.0635,0.0380999999999999,0.06604,0.05588,0.05334,0.0609599999999999,0.0,0.04572
2020-11-28,0.0,5.65,-6.59,0.0584199999999999,0.07874,0.06604,0.0380999999999999,0.06604,0.05588,0.05334,0.0609599999999999,0.0,0.04572
2020-11-29,0.0,5.71,-6.01,0.0584199999999999,0.07874,0.06604,0.0380999999999999,0.06604,0.05588,0.05334,0.0609599999999999,0.0,0.04572
2020-11-30,0.0,7.18,-6.38,0.0584199999999999,0.07874,0.06604,0.0380999999999999,0.06604,0.05588,0.05334,0.0609599999999999,0.0,0.04572
2020-12-01,0.0,4.69,-5.59,0.0584199999999999,0.07874,0.06604,0.0380999999999999,0.06604,0.05588,0.0609599999999999,0.0635,0.0,0.04572
2020-12-02,0.0,5.7,-6.69,0.0584199999999999,0.07874,0.06604,0.0380999999999999,0.06604,0.05588,0.0609599999999999,0.0635,0.0,0.04572
2020-12-03,0.0,3.38,-7.72,0.0584199999999999,0.07874,0.06604,0.0380999999999999,0.06604,0.05588,0.0609599999999999,0.0635,0.0,0.04572
2020-12-04,0.0,3.59,-6.68,0.0584199999999999,0.08128,0.06604,0.0380999999999999,0.06604,0.05588,0.0609599999999999,0.0635,0.0,0.04572
2020-12-05,0.0,5.4,-6.87,0.0584199999999999,0.08128,0.06858,0.0380999999999999,0.06604,0.05588,0.0609599999999999,0.0635,0.0,0.04572
2020-12-06,0.0,6.79,-5.72,0.0584199999999999,0.08128,0.06858,0.0380999999999999,0.06604,0.05588,0.0609599999999999,0.0635,0.0,0.04572
2020-12-07,0.0,6.28,-5.72,0.0584199999999999,0.08128,0.06858,0.0380999999999999,0.06604,0.05588,0.0609599999999999,0.0635,0.0,0.04572
2020-12-08,0.0,6.37,-5.5,0.0584199999999999,0.08128,0.06858,0.0380999999999999,0.06604,0.05588,0.0609599999999999,0.0635,0.0,0.04572
2020-12-09,0.0,5.93,-5.07,0.0584199999999999,0.08128,0.06858,0.0380999999999999,0.06604,0.05588,0.0609599999999999,0.0635,0.0,0.04572
2020-12-10,0.0,2.84,-6.3,0.0584199999999999,0.08128,0.06858,0.0380999999999999,0.06604,0.05588,0.0609599999999999,0.0635,0.0,0.04572
2020-12-11,0.21,0.96,-6.88,0.0584199999999999,0.08128,0.06858,0.0380999999999999,0.06604,0.05588,0.0609599999999999,0.0635,0.0,0.04572
2020-12-12,0.0,1.93,-7.68,0.0584199999999999,0.08128,0.06858,0.0380999999999999,0.06604,0.05588,0.0635,0.0635,0.0,0.04572
2020-12-13,1.66,0.74,-9.78,0.06604,0.0838199999999999,0.0711199999999999,0.04064,0.06604,0.0635,0.07874,0.0635,0.0,0.04572
2020-12-14,2.13,-1.2,-8.46,0.0736599999999999,0.09398,0.07874,0.0431799999999999,0.06858,0.0635,0.07874,0.0736599999999999,0.01016,0.05334
2020-12-15,0.55,-0.56,-8.85,0.0761999999999999,0.1016,0.0838199999999999,0.04572,0.06858,0.06858,0.08128,0.0761999999999999,0.01016,0.05334
2020-12-16,0.0,4.67,-3.35,0.0761999999999999,0.1041399999999999,0.0863599999999999,0.04572,0.0711199999999999,0.0711199999999999,0.0838199999999999,0.0761999999999999,0.0152399999999999,0.05588
2020-12-17,13.62,2.53,-2.69,0.08128,0.1041399999999999,0.0863599999999999,0.04572,0.0711199999999999,0.0711199999999999,0.0838199999999999,0.0761999999999999,0.0152399999999999,0.05588
2020-12-18,0.0,2.46,-2.97,0.0838199999999999,0.11176,0.09144,0.04826,0.0838199999999999,0.0863599999999999,0.1041399999999999,0.09144,0.02286,0.06604
2020-12-19,0.0,3.93,-4.59,0.0838199999999999,0.11176,0.09144,0.04826,0.0838199999999999,0.0863599999999999,0.1041399999999999,0.09144,0.02286,0.06604
2020-12-20,0.0,5.73,-4.34,0.0838199999999999,0.11176,0.09144,0.04826,0.0838199999999999,0.0863599999999999,0.1041399999999999,0.09144,0.02286,0.06604
2020-12-21,0.0,10.07,0.64,0.0838199999999999,0.1168399999999999,0.09398,0.0508,0.0838199999999999,0.09144,0.10668,0.09144,0.02286,0.06604
2020-12-22,0.0,6.43,-2.43,0.0838199999999999,0.1168399999999999,0.09398,0.05334,0.0838199999999999,0.09144,0.10668,0.09144,0.02286,0.06604
2020-12-23,0.0,0.11,-8.33,0.0838199999999999,0.1219199999999999,0.09652,0.05334,0.09398,0.09652,0.11176,0.1041399999999999,0.02286,0.06858
2020-12-24,0.0,0.72,-9.34,0.0838199999999999,0.1219199999999999,0.09652,0.05334,0.09398,0.09652,0.11176,0.1041399999999999,0.02286,0.06858
2020-12-25,0.0,2.28,-7.31,0.0838199999999999,0.12446,0.09906,0.05334,0.09398,0.09652,0.11176,0.1041399999999999,0.02286,0.06858
2020-12-26,0.78,3.69,-4.89,0.0838199999999999,0.127,0.09906,0.05588,0.09398,0.09652,0.11176,0.10922,0.02286,0.0711199999999999
2020-12-27,0.0,3.52,-5.61,0.0888999999999999,0.12954,0.1016,0.0584199999999999,0.09906,0.1016,0.1143,0.10922,0.0254,0.0761999999999999
2020-12-28,0.0,0.53,-6.2,0.0888999999999999,0.12954,0.1016,0.0584199999999999,0.09906,0.1016,0.1143,0.10922,0.0254,0.0761999999999999
2020-12-29,0.0,0.64,-9.4,0.0888999999999999,0.13462,0.10668,0.0584199999999999,0.09906,0.1041399999999999,0.11938,0.10922,0.0254,0.0761999999999999
2020-12-30,0.0,0.66,-9.69,0.0888999999999999,0.13462,0.10668,0.0584199999999999,0.09906,0.1041399999999999,0.11938,0.10922,0.0254,0.0761999999999999
2020-12-31,,,,0.09144,0.13716,0.10922,0.0584199999999999,0.09906,0.1041399999999999,0.11938,0.11176,0.0254,0.0761999999999999
2021-01-01,0.0,1.67,-8.02,0.09144,0.1422399999999999,0.10922,0.0609599999999999,0.09906,0.10668,0.1219199999999999,0.11176,0.0254,0.0761999999999999
2021-01-02,0.0,3.41,-5.06,0.09144,0.1422399999999999,0.10922,0.0609599999999999,0.09906,0.10668,0.1219199999999999,0.11176,0.0254,0.0761999999999999
2021-01-03,4.06,2.76,-4.7,0.09144,0.1422399999999999,0.1143,0.0609599999999999,0.09906,0.10668,0.1219199999999999,0.11176,0.0254,0.0761999999999999
2021-01-04,2.22,5.73,-5.18,0.09144,0.1422399999999999,0.1143,0.0609599999999999,0.1041399999999999,0.11176,0.12446,0.1219199999999999,0.02794,0.07874
2021-01-05,0.0,5.76,-2.41,0.09652,0.1473199999999999,0.11938,0.0609599999999999,0.10668,0.1143,0.127,0.12446,0.02794,0.08128
2021-01-06,0.0,3.66,-6.58,0.1041399999999999,0.15494,0.11938,0.0635,0.1219199999999999,0.12446,0.13716,0.13208,0.02794,0.0863599999999999
2021-01-07,0.0,6.13,-6.4,0.1041399999999999,0.16256,0.11938,0.0635,0.1219199999999999,0.12446,0.13716,0.13208,0.02794,0.0863599999999999
2021-01-08,0.0,5.32,-5.35,0.1041399999999999,0.16256,0.11938,0.0635,0.1219199999999999,0.12446,0.13716,0.13208,0.02794,0.0863599999999999
2021-01-09,0.0,4.51,-6.71,0.1041399999999999,0.16256,0.11938,0.0635,0.1219199999999999,0.12446,0.13716,0.13208,0.02794,0.0863599999999999
2021-01-10,0.0,0.86,-8.48,0.1041399999999999,0.16256,0.11938,0.0635,0.1219199999999999,0.12446,0.13716,0.13208,0.02794,0.0863599999999999
2021-01-11,0.0,1.42,-9.18,0.1041399999999999,0.16256,0.11938,0.0635,0.1219199999999999,0.12446,0.13716,0.13208,0.02794,0.0863599999999999
2021-01-12,0.0,3.44,-7.35,0.1041399999999999,0.16256,0.12954,0.0635,0.1219199999999999,0.12446,0.13716,0.13208,0.02794,0.0863599999999999
2021-01-13,0.0,9.53,-3.92,0.1041399999999999,0.16256,0.12954,0.06604,0.1219199999999999,0.127,0.1397,0.13208,0.02794,0.0863599999999999
2021-01-14,0.0,5.59,-3.82,0.1041399999999999,0.16256,0.12954,0.06604,0.1219199999999999,0.127,0.1397,0.13208,0.02794,0.0863599999999999
2021-01-15,0.0,6.32,-5.7,0.1041399999999999,0.16256,0.12954,0.06604,0.1219199999999999,0.127,0.1397,0.13208,0.02794,0.0863599999999999
2021-01-16,0.0,6.57,-3.3,0.1041399999999999,0.16256,0.13208,0.06604,0.1219199999999999,0.127,0.1422399999999999,0.13462,0.02794,0.0863599999999999
2021-01-17,0.0,8.21,-3.46,0.1041399999999999,0.16256,0.13208,0.06604,0.1219199999999999,0.127,0.1422399999999999,0.13462,0.02794,0.0863599999999999
2021-01-18,0.0,5.59,-3.24,0.1041399999999999,0.16256,0.13208,0.06604,0.1219199999999999,0.127,0.1422399999999999,0.13462,0.02794,0.0863599999999999
2021-01-19,0.0,6.78,-3.99,0.1041399999999999,0.16256,0.13208,0.06604,0.1219199999999999,0.12954,0.14478,0.13462,0.02794,0.0863599999999999
2021-01-20,0.0,6.4,-6.54,0.1041399999999999,0.16256,0.13208,0.06604,0.1219199999999999,0.12954,0.14478,0.13462,0.02794,0.0863599999999999
2021-01-21,0.0,6.87,-4.27,0.1041399999999999,0.16256,0.13208,0.06604,0.1219199999999999,0.12954,0.1473199999999999,0.13462,0.02794,0.0863599999999999
2021-01-22,8.49,8.75,-1.64,0.1041399999999999,0.16256,0.13208,0.06604,0.1219199999999999,0.12954,0.1473199999999999,0.13462,0.02794,0.0863599999999999
2021-01-23,12.52,3.42,-1.37,0.11176,0.17018,0.13462,0.0736599999999999,0.127,0.1397,0.1727199999999999,0.14986,0.0355599999999999,0.1041399999999999
2021-01-24,6.94,0.22,-4.08,0.1219199999999999,0.1777999999999999,0.13716,0.07874,0.13716,0.15494,0.1777999999999999,0.16256,0.04064,0.1143
2021-01-25,0.0,2.02,-5.93,0.1219199999999999,0.1777999999999999,0.13716,0.07874,0.13716,0.15748,0.1803399999999999,0.16256,0.04064,0.1143
2021-01-26,4.26,-0.53,-5.32,0.1219199999999999,0.1777999999999999,0.13716,0.07874,0.13716,0.15748,0.1803399999999999,0.16256,0.04064,0.1143
2021-01-27,0.0,2.9,-3.87,0.1219199999999999,0.1777999999999999,0.13716,0.07874,0.13716,0.15748,0.18288,0.1651,0.04064,0.1168399999999999
2021-01-28,0.0,8.43,-0.68,0.1219199999999999,0.1803399999999999,0.1397,0.07874,0.1422399999999999,0.16256,0.1905,0.1676399999999999,0.04064,0.11938
2021-01-29,10.6,8.09,0.22,0.1219199999999999,0.18796,0.1422399999999999,0.0863599999999999,0.1523999999999999,0.1676399999999999,0.2032,0.17018,0.05588,0.1397
2021-01-30,0.0,5.54,-2.07,0.13462,0.19558,0.1473199999999999,0.09398,0.16002,0.18796,0.2209799999999999,0.19304,0.0609599999999999,0.14478
2021-01-31,0.0,4.98,-5.21,0.13462,0.19558,0.1473199999999999,0.09398,0.16002,0.18796,0.2209799999999999,0.19304,0.0609599999999999,0.14478
2021-02-01,0.0,6.9,-3.54,0.13462,0.19558,0.1473199999999999,0.09398,0.16002,0.18796,0.2209799999999999,0.19304,0.0609599999999999,0.14478
2021-02-02,0.0,11.8,-1.22,0.13462,0.19558,0.14986,0.09652,0.16002,0.18796,0.2209799999999999,0.19304,0.0609599999999999,0.14478
2021-02-03,4.16,8.03,-1.42,0.13462,0.20066,0.14986,0.09652,0.1651,0.18796,0.2209799999999999,0.19304,0.0635,0.14478
2021-02-04,0.0,3.22,-2.82,0.1422399999999999,0.2057399999999999,0.16002,0.09906,0.17526,0.2032,0.22352,0.2032,0.0711199999999999,0.1523999999999999
2021-02-05,4.18,1.68,-2.76,0.1422399999999999,0.2082799999999999,0.16256,0.1016,0.1777999999999999,0.2057399999999999,0.22606,0.2032,0.0711199999999999,0.15494
2021-02-06,0.0,9.13,-2.59,0.1523999999999999,0.2158999999999999,0.17018,0.10922,0.19812,0.22352,0.23622,0.2158999999999999,0.07874,0.16256
2021-02-07,0.0,11.0,-0.73,0.1523999999999999,0.2158999999999999,0.17018,0.10922,0.19812,0.22352,0.23622,0.2158999999999999,0.07874,0.16256
2021-02-08,0.0,9.89,1.02,0.14986,0.2158999999999999,0.17018,0.10922,0.19812,0.22352,0.23622,0.2158999999999999,0.07874,0.16256
2021-02-09,0.0,8.83,1.82,0.14478,0.2158999999999999,0.17018,0.10922,0.19812,0.22352,0.23622,0.2158999999999999,0.07874,0.16256
2021-02-10,0.0,10.91,1.53,0.14478,0.2158999999999999,0.17018,0.10922,0.19812,0.22352,0.23622,0.2158999999999999,0.07874,0.16256
2021-02-11,8.84,8.65,1.78,0.14478,0.2158999999999999,0.17018,0.10922,0.19812,0.22352,0.23622,0.2158999999999999,0.07874,0.16256
2021-02-12,5.89,6.97,2.24,0.14478,0.21844,0.1727199999999999,0.11176,0.21082,0.22606,0.23876,0.21844,0.07874,0.16256
2021-02-13,14.8,4.1,-1.43,0.1523999999999999,0.22606,0.17526,0.1143,0.2209799999999999,0.23876,0.24892,0.2438399999999999,0.0838199999999999,0.17018
2021-02-14,0.0,0.46,-6.16,0.1651,0.2438399999999999,0.18796,0.127,0.2311399999999999,0.254,0.25908,0.25908,0.0888999999999999,0.17526
2021-02-15,14.02,2.16,-4.07,0.1651,0.2438399999999999,0.18796,0.127,0.2336799999999999,0.254,0.25908,0.25908,0.09398,0.17526
2021-02-16,8.26,3.42,-3.27,0.17526,0.26924,0.21082,0.1422399999999999,0.2463799999999999,0.2667,0.27432,0.27686,0.09652,0.18288
2021-02-17,2.39,1.67,-6.03,0.19558,0.27432,0.2158999999999999,0.14986,0.27432,0.28956,0.2946399999999999,0.29972,0.1016,0.18542
2021-02-18,0.0,1.28,-9.73,0.19558,0.2794,0.2158999999999999,0.14986,0.27686,0.2946399999999999,0.2971799999999999,0.30734,0.1016,0.18542
2021-02-19,4.06,6.64,-4.71,0.19558,0.2794,0.2158999999999999,0.14986,0.27686,0.29972,0.29972,0.30734,0.1016,0.18796
2021-02-20,0.0,5.93,-1.76,0.19558,0.2844799999999999,0.2209799999999999,0.15494,0.2819399999999999,0.30226,0.3047999999999999,0.30988,0.1041399999999999,0.19304
2021-02-21,0.0,4.4,-3.73,0.19812,0.28956,0.22352,0.15748,0.2971799999999999,0.30226,0.30734,0.31496,0.1168399999999999,0.20066
2021-02-22,0.0,8.53,-1.76,0.19812,0.28956,0.22352,0.15748,0.2971799999999999,0.30226,0.30734,0.31496,0.1168399999999999,0.20066
2021-02-23,0.0,7.36,-2.73,0.19812,0.28956,0.22352,0.15748,0.2971799999999999,0.30226,0.30734,0.31496,0.1168399999999999,0.20066
2021-02-24,1.41,4.27,-5.08,0.19558,0.28956,0.22352,0.15748,0.2971799999999999,0.30226,0.30734,0.31496,0.1168399999999999,0.20066
2021-02-25,0.0,3.85,-8.67,0.19558,0.28956,0.22606,0.15748,0.2971799999999999,0.30226,0.30988,0.3175,0.1168399999999999,0.20066
2021-02-26,2.38,4.6,-5.06,0.19558,0.28956,0.2286,0.15748,0.2971799999999999,0.30226,0.30988,0.3175,0.1168399999999999,0.20066
2021-02-27,0.0,0.99,-6.15,0.19812,0.29972,0.23876,0.1651,0.32004,0.30988,0.31496,0.32766,0.12446,0.2057399999999999
2021-02-28,0.0,2.03,-8.48,0.19812,0.3047999999999999,0.23876,0.1651,0.32512,0.32004,0.32004,0.3454399999999999,0.12446,0.2082799999999999
2021-03-01,0.0,6.48,-7.34,0.19812,0.3047999999999999,0.23876,0.1651,0.32512,0.32004,0.32004,0.3454399999999999,0.12446,0.2082799999999999
2021-03-02,0.0,12.08,-3.93,0.19812,0.30734,0.2413,0.17018,0.32512,0.32004,0.32258,0.35052,0.12446,0.2082799999999999
2021-03-03,0.0,14.8,-2.33,0.2032,0.30734,0.2413,0.17526,0.32512,0.32004,0.32258,0.35052,0.12446,0.2082799999999999
2021-03-04,0.0,13.35,1.47,0.2032,0.30734,0.2413,0.17526,0.32512,0.32004,0.32258,0.35052,0.11938,0.2082799999999999
2021-03-05,0.0,15.01,-0.94,0.2032,0.30734,0.2413,0.17526,0.32512,0.32004,0.32258,0.35052,0.11938,0.2082799999999999
2021-03-06,0.0,18.98,1.07,0.2032,0.30734,0.2413,0.17526,0.32512,0.32258,0.32512,0.35052,0.11938,0.2082799999999999
2021-03-07,0.0,15.93,0.11,0.2032,0.30734,0.2413,0.17526,0.32512,0.32258,0.32512,0.35052,0.10922,0.2082799999999999
2021-03-08,0.0,18.94,2.88,0.2032,0.30734,0.2413,0.17526,0.3175,0.3175,0.32512,0.35052,0.1016,0.2082799999999999
2021-03-09,0.0,9.29,0.98,0.2032,0.31242,0.2438399999999999,0.17526,0.30988,0.30734,0.32512,0.35052,0.07874,0.2082799999999999
2021-03-10,0.0,8.39,-1.06,0.2032,0.31242,0.25146,0.1777999999999999,0.30988,0.31242,0.32766,0.35306,0.0761999999999999,0.21082
2021-03-11,1.64,7.34,-1.43,0.2057399999999999,0.31496,0.254,0.1803399999999999,0.30988,0.3175,0.33274,0.3555999999999999,0.0761999999999999,0.21082
2021-03-12,0.0,10.37,-1.85,0.21336,0.32004,0.25908,0.18796,0.30988,0.32766,0.34036,0.3606799999999999,0.0761999999999999,0.21082
2021-03-13,0.0,8.39,0.83,0.21336,0.3302,0.26162,0.19558,0.30988,0.3302,0.3454399999999999,0.3606799999999999,0.0736599999999999,0.21082
2021-03-14,0.0,14.33,0.57,0.2209799999999999,0.34036,0.26924,0.2032,0.3175,0.3302,0.3479799999999999,0.36322,0.0736599999999999,0.2158999999999999
2021-03-15,0.0,15.71,1.9,0.2209799999999999,0.35306,0.2844799999999999,0.2032,0.32258,0.3302,0.35052,0.36322,0.06604,0.2158999999999999
2021-03-16,0.0,14.27,2.81,0.2209799999999999,0.36576,0.28702,0.2082799999999999,0.32258,0.3302,0.3581399999999999,0.36322,0.04572,0.2158999999999999
2021-03-17,0.0,13.91,1.23,0.2209799999999999,0.36576,0.28956,0.2082799999999999,0.32258,0.33782,0.36322,0.36576,0.0355599999999999,0.2158999999999999
2021-03-18,0.0,17.15,3.11,0.2209799999999999,0.36576,0.28956,0.2082799999999999,0.31242,0.34036,0.36322,0.36576,0.0254,0.2158999999999999
2021-03-19,0.0,19.73,4.27,0.2209799999999999,0.3682999999999999,0.28956,0.2082799999999999,0.30734,0.3352799999999999,0.36576,0.3581399999999999,0.0,0.21336
2021-03-20,18.46,14.09,2.12,0.2209799999999999,0.37338,0.28956,0.21082,0.28702,0.32766,0.36576,0.35052,0.0,0.2032
2021-03-21,0.46,6.21,-1.95,0.2286,0.3937,0.32004,0.2209799999999999,0.3047999999999999,0.35306,0.39116,0.36322,0.0,0.21844
2021-03-22,1.62,5.69,-2.74,0.2336799999999999,0.3987799999999999,0.32258,0.2209799999999999,0.3047999999999999,0.3682999999999999,0.3987799999999999,0.37084,0.0,0.21844
2021-03-23,0.0,7.37,-2.55,0.2336799999999999,0.40132,0.32512,0.2209799999999999,0.31242,0.3682999999999999,0.3987799999999999,0.37338,0.0,0.21844
2021-03-24,0.0,8.87,-1.64,0.2336799999999999,0.40132,0.32512,0.2209799999999999,0.32004,0.3682999999999999,0.40132,0.37338,0.0,0.21844
2021-03-25,5.76,6.4,-0.05,0.2336799999999999,0.40132,0.32512,0.2209799999999999,0.32512,0.3682999999999999,0.40132,0.37338,0.0,0.21844
2021-03-26,0.0,9.4,0.46,0.23622,0.4064,0.32766,0.2209799999999999,0.32512,0.37592,0.4064,0.37846,0.0,0.21844
2021-03-27,0.0,11.55,-0.18,0.23622,0.40894,0.3302,0.22352,0.32512,0.381,0.41402,0.37846,0.0,0.21844
2021-03-28,0.0,18.25,0.81,0.23622,0.40894,0.3302,0.22352,0.32512,0.381,0.41402,0.37846,0.0,0.2209799999999999
2021-03-29,0.0,12.94,-0.66,0.23622,0.40894,0.3302,0.22352,0.32512,0.381,0.41402,0.37846,0.0,0.2209799999999999
2021-03-30,0.0,8.13,-4.88,0.23622,0.40894,0.3302,0.22352,0.32512,0.381,0.41402,0.37846,0.0,0.2209799999999999
2021-03-31,0.0,9.62,-3.56,0.2286,0.40894,0.3302,0.22352,0.32512,0.381,0.41402,0.37846,0.0,0.2209799999999999
2021-04-01,0.0,19.06,-1.56,0.2209799999999999,0.40894,0.3302,0.22352,0.32512,0.37592,0.41402,0.37846,0.0,0.2209799999999999
2021-04-02,0.0,23.48,3.56,0.21844,0.40386,0.3302,0.2209799999999999,0.32512,0.37084,0.41402,0.37846,0.0,0.2209799999999999
2021-04-03,0.0,25.44,6.32,0.2057399999999999,0.40132,0.32766,0.2158999999999999,0.30734,0.3555999999999999,0.41402,0.37084,0.0,0.2057399999999999
2021-04-04,0.0,24.87,8.52,0.1905,0.39116,0.3175,0.2057399999999999,0.27686,0.3302,0.4114799999999999,0.3454399999999999,0.0,0.1905
2021-04-05,4.35,21.15,3.22,0.17526,0.381,0.30734,0.18796,0.25908,0.30988,0.40386,0.32004,0.0,0.17526
2021-04-06,2.94,9.42,0.76,0.1651,0.37084,0.30734,0.18288,0.2438399999999999,0.28956,0.3987799999999999,0.30226,0.0,0.1676399999999999
2021-04-07,0.0,16.49,0.23,0.17526,0.37846,0.32004,0.18542,0.26162,0.3047999999999999,0.4165599999999999,0.32004,0.0,0.17526
2021-04-08,0.0,16.27,2.11,0.1727199999999999,0.381,0.32512,0.18542,0.26162,0.30226,0.4165599999999999,0.32004,0.0,0.17526
2021-04-09,0.0,14.0,-0.64,0.1651,0.38608,0.32512,0.1803399999999999,0.2667,0.29972,0.4114799999999999,0.31242,0.0,0.17018
2021-04-10,0.0,19.2,1.02,0.16002,0.38608,0.32512,0.17018,0.254,0.28956,0.4064,0.30734,0.0,0.1651
2021-04-11,0.0,12.06,1.69,0.14478,0.381,0.32512,0.16002,0.2311399999999999,0.27686,0.3937,0.28702,0.0,0.15494
2021-04-12,0.0,12.26,-1.75,0.1422399999999999,0.37846,0.32512,0.15494,0.2311399999999999,0.26162,0.38608,0.2794,0.0,0.1523999999999999
2021-04-13,0.0,12.28,1.02,0.12954,0.37846,0.32258,0.14986,0.2158999999999999,0.25146,0.38354,0.2717799999999999,0.0,0.1473199999999999
2021-04-14,3.64,8.53,0.65,0.1219199999999999,0.36322,0.3175,0.14478,0.21844,0.2438399999999999,0.37338,0.2667,0.0,0.15494
2021-04-15,2.11,7.67,1.25,0.12954,0.37592,0.3302,0.15494,0.2286,0.2844799999999999,0.40894,0.3047999999999999,0.0076199999999999,0.1651
2021-04-16,0.65,10.99,1.94,0.12954,0.38608,0.3429,0.15494,0.2311399999999999,0.28956,0.4165599999999999,0.30988,0.0,0.1676399999999999
2021-04-17,0.0,13.77,2.7,0.13716,0.39116,0.3429,0.15494,0.2311399999999999,0.2920999999999999,0.42164,0.30988,0.0,0.1676399999999999
2021-04-18,0.0,16.85,1.28,0.1422399999999999,0.39116,0.3429,0.15494,0.2311399999999999,0.28702,0.42164,0.3047999999999999,0.0,0.1676399999999999
2021-04-19,0.0,17.75,2.68,0.12954,0.3937,0.34036,0.14986,0.2286,0.2794,0.42164,0.29972,0.0,0.16256
2021-04-20,0.0,13.82,-0.04,0.1219199999999999,0.38608,0.3352799999999999,0.1422399999999999,0.22352,0.2717799999999999,0.4191,0.28956,0.0,0.14986
2021-04-21,0.0,10.16,2.81,0.1143,0.39116,0.34036,0.13716,0.22352,0.2667,0.4165599999999999,0.2794,0.0,0.14478
2021-04-22,0.0,16.84,1.28,0.1143,0.39624,0.33782,0.13716,0.21082,0.26416,0.4165599999999999,0.27686,0.0,0.13462
2021-04-23,0.0,17.66,4.95,0.1041399999999999,0.3937,0.3352799999999999,0.127,0.2057399999999999,0.25908,0.4064,0.25908,0.0,0.13208
2021-04-24,0.0,19.25,6.57,0.0888999999999999,0.38608,0.32258,0.10668,0.19304,0.24892,0.3987799999999999,0.23876,0.0,0.1168399999999999
2021-04-25,4.67,15.97,6.52,0.0761999999999999,0.381,0.31496,0.09652,0.1777999999999999,0.23622,0.39116,0.2209799999999999,0.0,0.1016
2021-04-26,16.37,7.92,3.13,0.06604,0.37084,0.2946399999999999,0.0761999999999999,0.16002,0.2057399999999999,0.38354,0.1905,0.0,0.08128
2021-04-27,0.0,13.99,1.65,0.06604,0.381,0.30226,0.0736599999999999,0.1727199999999999,0.21844,0.39624,0.2032,0.0,0.0761999999999999
2021-04-28,0.0,18.71,3.3,0.06604,0.38862,0.30988,0.06858,0.1727199999999999,0.21844,0.40132,0.2032,0.0,0.06604
2021-04-29,0.0,22.32,5.69,0.0431799999999999,0.39116,0.2946399999999999,0.04572,0.1523999999999999,0.20066,0.38608,0.17526,0.0,0.04572
2021-04-30,0.0,26.37,8.57,0.0,0.3606799999999999,0.2667,0.0127,0.1168399999999999,0.16256,0.36322,0.12446,0.0,0.0177799999999999
2021-05-01,0.0,25.88,12.09,0.0,0.33274,0.2336799999999999,0.0,0.08128,0.11938,0.3429,0.08128,0.0,0.00508
2021-05-02,0.0,19.87,8.45,0.0,0.30988,0.2032,0.0,0.05588,0.0838199999999999,0.32512,0.04064,0.0,0.0
2021-05-03,0.0,18.12,7.6,0.0,0.2920999999999999,0.1905,0.0,0.0380999999999999,0.0508,0.3047999999999999,0.02794,0.0,0.0
2021-05-04,0.0,19.4,5.92,0.0,0.2819399999999999,0.1777999999999999,0.0,0.0304799999999999,0.0254,0.29972,0.02032,0.0,0.0
2021-05-05,0.0,20.67,6.0,0.0,0.26416,0.16002,0.0,0.0152399999999999,0.0127,0.28702,0.0127,0.0,0.0
2021-05-06,0.0,29.06,6.7,0.0,0.25146,0.1397,0.0,0.00254,0.0,0.26416,0.00508,0.0,0.0
2021-05-07,1.48,27.12,9.05,0.0,0.2209799999999999,0.10668,0.0,0.0,0.0,0.23876,0.0,0.0,0.0
2021-05-08,0.0,14.66,5.37,0.0,0.1905,0.06858,0.0,0.0,0.0,0.2082799999999999,0.0,0.0,0.0
2021-05-09,0.0,14.67,1.83,0.0,0.1777999999999999,0.0355599999999999,0.0,0.0,0.0,0.19558,0.0,0.0,0.0
2021-05-10,0.62,15.9,5.57,0.0,0.1676399999999999,0.0177799999999999,0.0,0.0,0.0,0.18796,0.0,0.0,0.0
2021-05-11,0.0,17.09,2.46,0.0,0.16256,0.0127,0.0,0.00254,0.0,0.17526,0.0,0.0,0.0
2021-05-12,0.0,22.56,4.75,0.0,0.15748,0.0076199999999999,0.0,0.00254,0.0,0.1676399999999999,0.0,0.0,0.0
2021-05-13,0.0,26.7,7.51,0.0,0.13208,0.00254,0.0,0.0,0.0,0.1473199999999999,0.0,0.0,0.0
2021-05-14,0.0,27.99,11.34,0.0,0.10922,0.0,0.0,0.0,0.0,0.1168399999999999,0.0,0.0,0.0
2021-05-15,0.0,27.34,14.83,0.0,0.07874,0.0,0.0,0.0,0.0,0.0838199999999999,0.0,0.0,0.0
2021-05-16,2.28,25.15,11.58,0.0,0.04826,0.0,0.0,0.0,0.0,0.05334,0.0,0.0,0.0
2021-05-17,0.0,23.31,10.25,0.0,0.0152399999999999,0.0,0.0,0.0,0.0,0.0304799999999999,0.0,0.0,0.0
2021-05-18,0.0,26.64,10.96,0.0,0.00508,0.0,0.0,0.0,0.0,0.02032,0.0,0.0,0.0
2021-05-19,0.0,28.75,10.62,0.0,0.0,0.0,0.0,0.0,0.0,0.0,0.0,0.0,0.0
2021-05-20,0.0,23.43,9.63,0.0,0.0,0.0,0.0,0.0,0.0,0.0,0.0,0.0,0.0
2021-05-21,3.85,17.8,8.68,0.0,0.0,0.0,0.0,0.0,0.0,0.0,0.0,0.0,0.0
2021-05-22,13.74,19.57,4.97,0.0,0.0,0.0,0.0,0.0,0.0,0.0,0.0,0.0,0.0
2021-05-23,9.12,15.69,3.71,0.0,0.0,0.0,0.0,0.0,0.0,0.0,0.0,0.0,0.0
2021-05-24,0.0,19.17,5.79,0.0,0.0,0.0,0.0,0.0,0.0,0.00254,0.00508,0.0,0.0
2021-05-25,0.0,22.78,7.76,0.0,0.0,0.0,0.0,0.0,0.0,0.0,0.0,0.0,0.0
2021-05-26,0.0,22.98,9.28,0.0,0.0,0.0,0.0,0.0,0.0,0.0,0.0,0.0,0.0
2021-05-27,0.0,26.32,8.03,0.0,0.0,0.0,0.0,0.0,0.0,0.0,0.0,0.0,0.0
2021-05-28,0.0,26.75,9.73,0.0,0.0,0.0,0.0,0.0,0.0,0.0,0.0,0.0,0.0
2021-05-29,0.0,25.82,9.43,0.0,0.0,0.0,0.0,0.0,0.0,0.0,0.0,0.0,0.0
2021-05-30,0.0,27.28,10.27,0.0,0.0,0.0,0.0,0.0,0.0,0.0,0.0,0.0,0.0
2021-05-31,0.0,29.16,11.84,0.0,0.0,0.0,0.0,0.0,0.0,0.0,0.0,0.0,0.0
2021-06-01,0.0,29.87,12.63,0.0,0.0,0.0,0.0,0.0,0.0,0.0,0.0,0.0,0.0
2021-06-02,0.0,31.7,13.86,0.0,0.0,0.0,0.0,0.0,0.0,0.0,0.0,0.0,0.0
2021-06-03,0.0,35.25,14.99,0.0,0.0,0.0,0.0,0.0,0.0,0.0,0.0,0.0,0.0
2021-06-04,0.0,35.81,16.65,0.0,0.0,0.0,0.0,0.0,0.0,0.0,0.0,0.0,0.0
2021-06-05,0.0,34.43,17.61,0.0,0.0,0.0,0.0,0.0,0.0,0.0,0.0,0.0,0.0
2021-06-06,0.0,31.72,14.37,0.0,0.0,0.0,0.0,0.0,0.0,0.0,0.0,0.0,0.0
2021-06-07,0.0,32.87,14.73,0.0,0.0,0.0,0.0,0.0,0.0,0.0,0.0,0.0,0.0
2021-06-08,0.0,30.73,19.27,0.0,0.0,0.0,0.0,0.0,0.0,0.0,0.0,0.0,0.0
2021-06-09,0.0,31.98,18.48,0.0,0.0,0.0,0.0,0.0,0.0,0.0,0.0,0.0,0.0
2021-06-10,0.0,24.43,11.93,0.0,0.0,0.0,0.0,0.0,0.0,0.0,0.0,0.0,0.0
2021-06-11,0.0,24.85,5.03,0.0,0.0,0.0,0.0,0.0,0.0,0.0,0.0,0.0,0.0
2021-06-12,0.0,31.74,9.46,0.0,0.0,0.0,0.0,0.0,0.0,0.0,0.0,0.0,0.0
2021-06-13,0.0,37.35,13.19,0.0,0.0,0.0,0.0,0.0,0.0,0.0,0.0,0.0,0.0
2021-06-14,0.0,38.2,18.38,0.0,0.0,0.0,0.0,0.0,0.0,0.0,0.0,0.0,0.0
2021-06-15,0.0,39.46,18.98,0.0,0.0,0.0,0.0,0.0,0.0,0.0,0.0,0.0,0.0
2021-06-16,0.0,36.1,17.62,0.0,0.0,0.0,0.0,0.0,0.0,0.0,0.0,0.0,0.0
2021-06-17,0.0,35.12,16.95,0.0,0.0,0.0,0.0,0.0,0.0,0.0,0.0,0.0,0.0
2021-06-18,0.0,36.32,17.15,0.0,0.0,0.0,0.0,0.0,0.0,0.0,0.0,0.0,0.0
2021-06-19,0.0,36.2,21.92,0.0,0.0,0.0,0.0,0.0,0.0,0.0,0.0,0.0,0.0
2021-06-20,0.0,34.0,17.26,0.0,0.0,0.0,0.0,0.0,0.0,0.0,0.0,0.0,0.0
2021-06-21,0.0,34.3,16.27,0.0,0.0,0.0,0.0,0.0,0.0,0.0,0.0,0.0,0.0
2021-06-22,0.0,36.7,17.14,0.0,0.0,0.0,0.0,0.0,0.0,0.0,0.0,0.0,0.0
2021-06-23,0.0,34.0,18.88,0.0,0.0,0.0,0.0,0.0,0.0,0.0,0.0,0.0,0.0
2021-06-24,1.32,27.35,17.24,0.0,0.0,0.0,0.0,0.0,0.0,0.0,0.0,0.0,0.0
2021-06-25,0.0,28.31,14.9,0.0,0.0,0.0,0.0,0.0,0.0,0.0,0.0,0.0,0.0
2021-06-26,0.0,31.12,16.18,0.0,0.0,0.0,0.0,0.0,0.0,0.0,0.0,0.0,0.0
2021-06-27,0.0,32.62,18.89,0.0,0.0,0.0,0.0,0.0,0.0,0.0,0.0,0.0,0.0
2021-06-28,0.0,32.89,19.9,0.0,0.0,0.0,0.0,0.0,0.0,0.0,0.0,0.0,0.0
2021-06-29,0.0,33.87,20.74,0.0,0.0,0.0,0.0,0.0,0.0,0.0,0.0,0.0,0.0
2021-06-30,0.0,31.12,18.01,0.0,0.0,0.0,0.0,0.0,0.0,0.0,0.0,0.0,0.0
2021-07-01,0.0,32.67,17.11,0.0,0.0,0.0,0.0,0.0,0.0,0.0,0.0,0.0,0.0
2021-07-02,0.0,35.09,19.05,0.0,0.0,0.0,0.0,0.0,0.0,0.0,0.0,0.0,0.0
2021-07-03,0.0,36.83,18.63,0.0,0.0,0.0,0.0,0.0,0.0,0.0,0.0,0.0,0.0
2021-07-04,0.0,36.96,18.06,0.0,0.0,0.0,0.0,0.0,0.0,0.0,0.0,0.0,0.0
2021-07-05,0.0,34.76,18.06,0.0,0.0,0.0,0.0,0.0,0.0,0.0,0.0,0.0,0.0
2021-07-06,0.0,36.58,18.82,0.0,0.0,0.0,0.0,0.0,0.0,0.0,0.0,0.0,0.0
2021-07-07,0.0,38.58,20.06,0.0,0.0,0.0,0.0,0.0,0.0,0.0,0.0,0.0,0.0
2021-07-08,0.0,38.0,20.28,0.0,0.0,0.0,0.0,0.0,0.0,0.0,0.0,0.0,0.0
2021-07-09,0.0,37.46,20.77,0.0,0.0,0.0,0.0,0.0,0.0,0.0,0.0,0.0,0.0
2021-07-10,0.0,33.96,15.78,0.0,0.0,0.0,0.0,0.0,0.0,0.0,0.0,0.0,0.0
2021-07-11,0.0,37.54,19.1,0.0,0.0,0.0,0.0,0.0,0.0,0.0,0.0,0.0,0.0
2021-07-12,0.0,37.93,19.64,0.0,0.0,0.0,0.0,0.0,0.0,0.0,0.0,0.0,0.0
2021-07-13,0.0,38.03,21.89,0.0,0.0,0.0,0.0,0.0,0.0,0.0,0.0,0.0,0.0
2021-07-14,0.0,35.46,21.22,0.0,0.0,0.0,0.0,0.0,0.0,0.0,0.0,0.0,0.0
2021-07-15,0.0,36.16,18.54,0.0,0.0,0.0,0.0,0.0,0.0,0.0,0.0,0.0,0.0
2021-07-16,0.0,35.22,18.4,0.0,0.0,0.0,0.0,0.0,0.0,0.0,0.0,0.0,0.0
2021-07-17,0.0,35.65,19.14,0.0,0.0,0.0,0.0,0.0,0.0,0.0,0.0,0.0,0.0
2021-07-18,0.0,38.49,19.53,0.0,0.0,0.0,0.0,0.0,0.0,0.0,0.0,0.0,0.0
2021-07-19,1.13,35.04,21.43,0.0,0.0,0.0,0.0,0.0,0.0,0.0,0.0,0.0,0.0
2021-07-20,0.0,34.43,20.72,0.0,0.0,0.0,0.0,0.0,0.0,0.0,0.0,0.0,0.0
2021-07-21,0.0,36.32,20.64,0.0,0.0,0.0,0.0,0.0,0.0,0.0,0.0,0.0,0.0
2021-07-22,0.0,36.14,20.62,0.0,0.0,0.0,0.0,0.0,0.0,0.0,0.0,0.0,0.0
2021-07-23,0.0,34.58,20.32,0.0,0.0,0.0,0.0,0.0,0.0,0.0,0.0,0.0,0.0
2021-07-24,0.0,36.11,17.17,0.0,0.0,0.0,0.0,0.0,0.0,0.0,0.0,0.0,0.0
2021-07-25,0.0,34.96,17.81,0.0,0.0,0.0,0.0,0.0,0.0,0.0,0.0,0.0,0.0
2021-07-26,0.0,35.7,17.63,0.0,0.0,0.0,0.0,0.0,0.0,0.0,0.0,0.0,0.0
2021-07-27,0.0,34.68,20.93,0.0,0.0,0.0,0.0,0.0,0.0,0.0,0.0,0.0,0.0
2021-07-28,2.88,34.24,20.29,0.0,0.0,0.0,0.0,0.0,0.0,0.0,0.0,0.0,0.0
2021-07-29,1.8,33.06,18.89,0.0,0.0,0.0,0.0,0.0,0.0,0.0,0.0,0.0,0.0
2021-07-30,0.0,31.38,19.03,0.0,0.0,0.0,0.0,0.0,0.0,0.0,0.0,0.0,0.0
2021-07-31,0.37,33.5,18.79,0.0,0.0,0.0,0.0,0.0,0.0,0.0,0.0,0.0,0.0
2021-08-01,8.95,31.13,17.93,0.0,0.0,0.0,0.0,0.0,0.0,0.0,0.0,0.0,0.0
2021-08-02,0.24,26.57,17.54,0.0,0.0,0.0,0.0,0.0,0.0,0.0,0.0,0.0,0.0
2021-08-03,0.0,31.34,15.72,0.0,0.0,0.0,0.0,0.0,0.0,0.0,0.0,0.0,0.0
2021-08-04,0.0,33.93,15.89,0.0,0.0,0.0,0.0,0.0,0.0,0.0,0.0,0.0,0.0
2021-08-05,0.0,38.27,18.58,0.0,0.0,0.0,0.0,0.0,0.0,0.0,0.0,0.0,0.0
2021-08-06,0.0,30.19,17.41,0.0,0.0,0.0,0.0,0.0,0.0,0.0,0.0,0.0,0.0
2021-08-07,0.0,28.95,14.3,0.0,0.0,0.0,0.0,0.0,0.0,0.0,0.0,0.0,0.0
2021-08-08,0.0,34.31,15.69,0.0,0.0,0.0,0.0,0.0,0.0,0.0,0.0,0.0,0.0
2021-08-09,0.0,28.61,15.53,0.0,0.0,0.0,0.0,0.0,0.0,0.0,0.0,0.0,0.0
2021-08-10,0.0,31.53,13.43,0.0,0.0,0.0,0.0,0.0,0.0,0.0,0.0,0.0,0.0
2021-08-11,0.0,32.86,14.58,0.0,0.0,0.0,0.0,0.0,0.0,0.0,0.0,0.0,0.0
2021-08-12,0.0,35.54,15.86,0.0,0.0,0.0,0.0,0.0,0.0,0.0,0.0,0.0,0.0
2021-08-13,0.0,36.68,17.9,0.0,0.0,0.0,0.0,0.0,0.0,0.0,0.0,0.0,0.0
2021-08-14,0.0,36.95,18.76,0.0,0.0,0.0,0.0,0.0,0.0,0.0,0.0,0.0,0.0
2021-08-15,0.0,33.83,18.17,0.0,0.0,0.0,0.0,0.0,0.0,0.0,0.0,0.0,0.0
2021-08-16,0.0,34.95,16.81,0.0,0.0,0.0,0.0,0.0,0.0,0.0,0.0,0.0,0.0
2021-08-17,1.66,36.14,20.45,0.0,0.0,0.0,0.0,0.0,0.0,0.0,0.0,0.0,0.0
2021-08-18,20.78,23.26,13.97,0.0,0.0,0.0,0.0,0.0,0.0,0.0,0.0,0.0,0.0
2021-08-19,16.23,15.2,10.49,0.0,0.0,0.0,0.0,0.0,0.0,0.0,0.0,0.0,0.0
2021-08-20,0.0,24.38,10.12,0.0,0.0,0.0,0.0,0.0,0.0,0.0,0.0,0.0,0.0
2021-08-21,21.12,27.95,12.11,0.0,0.0,0.0,0.0,0.0,0.0,0.0,0.0,0.0,0.0
2021-08-22,0.0,26.97,12.74,0.0,0.0,0.0,0.0,0.0,0.0,0.0,0.0,0.0,0.0
2021-08-23,0.0,31.33,15.66,0.0,0.0,0.0,0.0,0.0,0.0,0.0,0.0,0.0,0.0
2021-08-24,0.0,32.21,13.88,0.0,0.0,0.0,0.0,0.0,0.0,0.0,0.0,0.0,0.0
2021-08-25,0.0,32.88,17.0,0.0,0.0,0.0,0.0,0.0,0.0,0.0,0.0,0.0,0.0
2021-08-26,0.0,30.19,15.54,0.0,0.0,0.0,0.0,0.0,0.0,0.0,0.0,0.0,0.0
2021-08-27,0.0,28.86,12.42,0.0,0.0,0.0,0.0,0.0,0.0,0.0,0.0,0.0,0.0
2021-08-28,0.0,28.02,12.06,0.0,0.0,0.0,0.0,0.0,0.0,0.0,0.0,0.0,0.0
2021-08-29,0.0,29.68,12.03,0.0,0.0,0.0,0.0,0.0,0.0,0.0,0.0,0.0,0.0
2021-08-30,0.0,31.64,13.88,0.0,0.0,0.0,0.0,0.0,0.0,0.0,0.0,0.0,0.0
2021-08-31,0.0,32.28,15.38,0.0,0.0,0.0,0.0,0.0,0.0,0.0,0.0,0.0,0.0
2021-09-01,0.0,28.65,18.09,0.0,0.0,0.0,0.0,0.0,0.0,0.0,0.0,0.0,0.0
2021-09-02,3.1,29.14,15.96,0.0,0.0,0.0,0.0,0.0,0.0,0.0,0.0,0.0,0.0
2021-09-03,0.0,27.0,13.4,0.0,0.0,0.0,0.0,0.0,0.0,0.0,0.0,0.0,0.0
2021-09-04,0.0,29.23,10.94,0.0,0.0,0.0,0.0,0.0,0.0,0.0,0.0,0.0,0.0
2021-09-05,0.0,31.98,12.34,0.0,0.0,0.0,0.0,0.0,0.0,0.0,0.0,0.0,0.0
2021-09-06,0.0,32.62,13.42,0.0,0.0,0.0,0.0,0.0,0.0,0.0,0.0,0.0,0.0
2021-09-07,0.0,32.75,13.76,0.0,0.0,0.0,0.0,0.0,0.0,0.0,0.0,0.0,0.0
2021-09-08,0.0,32.8,12.97,0.0,0.0,0.0,0.0,0.0,0.0,0.0,0.0,0.0,0.0
2021-09-09,0.0,35.12,13.93,0.0,0.0,0.0,0.0,0.0,0.0,0.0,0.0,0.0,0.0
2021-09-10,2.42,34.15,16.16,0.0,0.0,0.0,0.0,0.0,0.0,0.0,0.0,0.0,0.0
2021-09-11,1.89,27.04,14.8,0.0,0.0,0.0,0.0,0.0,0.0,0.0,0.0,0.0,0.0
2021-09-12,0.0,29.88,15.45,0.0,0.0,0.0,0.0,0.0,0.0,0.0,0.0,0.0,0.0
2021-09-13,0.0,28.6,14.68,0.0,0.0,0.0,0.0,0.0,0.0,0.0,0.0,0.0,0.0
2021-09-14,0.0,27.58,12.91,0.0,0.0,0.0,0.0,0.0,0.0,0.0,0.0,0.0,0.0
2021-09-15,0.0,29.82,12.55,0.0,0.0,0.0,0.0,0.0,0.0,0.0,0.0,0.0,0.0
2021-09-16,0.0,28.29,13.29,0.0,0.0,0.0,0.0,0.0,0.0,0.0,0.0,0.0,0.0
2021-09-17,0.0,29.46,11.29,0.0,0.0,0.0,0.0,0.0,0.0,0.0,0.0,0.0,0.0
2021-09-18,0.0,26.1,14.99,0.0,0.0,0.0,0.0,0.0,0.0,0.0,0.0,0.0,0.0
2021-09-19,0.0,23.88,10.54,0.0,0.0,0.0,0.0,0.0,0.0,0.0,0.0,0.0,0.0
2021-09-20,0.0,18.5,4.6,0.0,0.0,0.0,0.0,0.0,0.0,0.0,0.0,0.0,0.0
2021-09-21,0.0,21.55,5.36,0.0,0.0,0.0,0.0,0.0,0.0,0.0,0.0,0.0,0.0
2021-09-22,0.0,25.72,7.49,0.0,0.0,0.0,0.0,0.0,0.0,0.0,0.0,0.0,0.0
2021-09-23,0.0,25.8,9.13,0.0,0.0,0.0,0.0,0.0,0.0,0.0,0.0,0.0,0.0
2021-09-24,0.0,26.16,9.46,0.0,0.0,0.0,0.0,0.0,0.0,0.0,0.0,0.0,0.0
2021-09-25,0.0,28.21,11.67,0.0,0.0,0.0,0.0,0.0,0.0,0.0,0.0,0.0,0.0
2021-09-26,0.0,29.99,11.87,0.0,0.0,0.0,0.0,0.0,0.0,0.0,0.0,0.0,0.0
2021-09-27,0.0,29.71,12.7,0.0,0.0,0.0,0.0,0.0,0.0,0.0,0.0,0.0,0.0
2021-09-28,0.0,22.12,8.04,0.0,0.0,0.0,0.0,0.0,0.0,0.0,0.0,0.0,0.0
2021-09-29,0.0,17.98,3.97,0.0,0.0,0.0,0.0,0.0,0.0,0.0,0.0,0.0,0.0
2021-09-30,0.0,20.72,3.98,0.0,0.0,0.0,0.0,0.0,0.0,0.0,0.0,0.0,0.0
2021-10-01,0.0,21.96,5.48,0.0,0.0,0.0,0.0,0.0,0.0,0.0,0.0,0.0,0.0
2021-10-02,0.0,23.64,7.33,0.0,0.0,0.0,0.0,0.0,0.0,0.0,0.0,0.0,0.0
2021-10-03,0.0,25.97,7.78,0.0,0.0,0.0,0.0,0.0,0.0,0.0,0.0,0.0,0.0
2021-10-04,0.0,28.15,7.86,0.0,0.0,0.0,0.0,0.0,0.0,0.0,0.0,0.0,0.0
2021-10-05,0.0,25.83,10.45,0.0,0.0,0.0,0.0,0.0,0.0,0.0,0.0,0.0,0.0
2021-10-06,5.05,21.11,11.1,0.0,0.0,0.0,0.0,0.0,0.0,0.0,0.0,0.0,0.0
2021-10-07,8.61,19.77,10.66,0.0,0.0,0.0,0.0,0.0,0.0,0.0,0.0,0.0,0.0
2021-10-08,15.84,15.66,8.81,0.0,0.0,0.0,0.0,0.0,0.0,0.0,0.0,0.0,0.0
2021-10-09,13.93,10.64,7.27,0.0,0.0,0.0,0.0,0.0,0.0,0.00508,0.0,0.0,0.0
2021-10-10,0.0,14.21,5.69,0.0,0.0,0.0,0.0,0.0,0.0076199999999999,0.00508,0.0,0.0,0.0
2021-10-11,4.74,16.41,4.43,0.0,0.0,0.0,0.0,0.0,0.0,0.0,0.0,0.0,0.0
2021-10-12,2.26,8.65,1.52,0.00508,0.01016,0.0076199999999999,0.01016,0.0076199999999999,0.02032,0.0304799999999999,0.01016,0.0,0.0127
2021-10-13,0.6,9.07,1.37,0.01016,0.0152399999999999,0.02032,0.01016,0.0127,0.0254,0.0380999999999999,0.0152399999999999,0.0,0.0152399999999999
2021-10-14,0.96,7.61,1.45,0.01016,0.0152399999999999,0.02032,0.01016,0.0127,0.02032,0.0355599999999999,0.0152399999999999,0.0,0.0152399999999999
2021-10-15,0.0,11.87,-0.22,0.0076199999999999,0.0152399999999999,0.02032,0.01016,0.0127,0.0304799999999999,0.04064,0.0254,0.0,0.0152399999999999
2021-10-16,0.0,16.51,-0.24,0.00508,0.0152399999999999,0.02032,0.01016,0.0152399999999999,0.02794,0.04064,0.0254,0.0,0.01016
2021-10-17,0.0,22.42,3.81,0.00508,0.0152399999999999,0.02032,0.01016,0.0,0.02286,0.0380999999999999,0.0177799999999999,0.0,0.01016
2021-10-18,20.05,16.48,4.89,0.00254,0.0076199999999999,0.02032,0.00508,0.0,0.0177799999999999,0.03302,0.00508,0.0,0.0
2021-10-19,5.61,10.23,1.3,0.01016,0.01016,0.02286,0.0127,0.0127,0.0177799999999999,0.0431799999999999,0.00508,0.01016,0.0076199999999999
2021-10-20,0.0,16.32,1.95,0.0152399999999999,0.02032,0.0304799999999999,0.0177799999999999,0.02032,0.0254,0.04572,0.0076199999999999,0.00508,0.0177799999999999
2021-10-21,0.0,19.84,4.1,0.0152399999999999,0.02032,0.0304799999999999,0.0177799999999999,0.0152399999999999,0.02286,0.04572,0.0,0.0,0.0177799999999999
2021-10-22,0.0,21.68,5.2,0.0152399999999999,0.02032,0.0304799999999999,0.0152399999999999,0.0076199999999999,0.02032,0.0431799999999999,0.0,0.0,0.0177799999999999
2021-10-23,5.51,13.86,4.16,0.0127,0.02032,0.0304799999999999,0.01016,0.0,0.0177799999999999,0.04064,0.0,0.0,0.0152399999999999
2021-10-24,1.68,16.79,4.84,0.0127,0.02032,0.02794,0.00508,0.0,0.02032,0.04572,0.0,0.0,0.01016
2021-10-25,26.18,18.77,5.0,0.01016,0.02032,0.02794,0.0,0.0,0.0127,0.04572,0.0,0.0,0.0
2021-10-26,27.62,9.74,3.35,0.0076199999999999,0.02794,0.0254,0.01016,0.0127,0.02286,0.0508,0.0076199999999999,0.0,0.0
2021-10-27,0.0,11.92,4.54,0.0076199999999999,0.0355599999999999,0.03302,0.0127,0.01016,0.0304799999999999,0.05334,0.0076199999999999,0.0,0.0
2021-10-28,0.0,16.04,5.62,0.00508,0.0355599999999999,0.03302,0.01016,0.01016,0.0304799999999999,0.05334,0.0076199999999999,0.0,0.0
2021-10-29,0.0,18.21,4.03,0.0,0.0304799999999999,0.0304799999999999,0.0,0.01016,0.02794,0.05334,0.0,0.0,0.0
2021-10-30,0.0,17.55,5.08,0.0,0.0304799999999999,0.02794,0.0,0.0,0.0254,0.05334,0.0,0.0,0.0
2021-10-31,0.0,19.04,6.52,0.0,0.0304799999999999,0.02794,0.0,0.0,0.02286,0.0508,0.0,0.0,0.0
2021-11-01,3.21,16.27,7.34,0.0,0.02794,0.02794,0.0,0.0,0.0127,0.0508,0.0,0.0,0.0
2021-11-02,5.16,13.09,5.97,0.0,0.02794,0.02286,0.0,0.0,0.0,0.04826,0.0,0.0,0.0
2021-11-03,0.0,14.08,3.63,0.0,0.03302,0.02032,0.0,0.0,0.0,0.0508,0.0,0.0,0.0
2021-11-04,0.0,17.81,3.55,0.0,0.0355599999999999,0.0177799999999999,0.0,0.0,0.0,0.0508,0.0,0.0,0.0
2021-11-05,0.0,17.64,4.64,0.0,0.0355599999999999,0.02032,0.0,0.0,0.0,0.04826,0.0,0.0,0.0
2021-11-06,0.0,17.53,5.98,0.0,0.03302,0.0177799999999999,0.0,0.0,0.0,0.04572,0.0,0.0,0.0
2021-11-07,0.0,11.33,4.08,0.0,0.03302,0.0177799999999999,0.0,0.0,0.0,0.0431799999999999,0.0,0.0,0.0
2021-11-08,0.0,10.43,2.29,0.0,0.03302,0.0127,0.0,0.0,0.0,0.0431799999999999,0.0,0.0,0.0
2021-11-09,8.46,9.8,1.99,0.0,0.03302,0.0127,0.0,0.00508,0.0,0.04064,0.0,0.0,0.0
2021-11-10,0.0,9.67,3.35,0.01016,0.04826,0.02286,0.0076199999999999,0.0127,0.01016,0.06604,0.00508,0.00508,0.0076199999999999
2021-11-11,0.0,9.08,3.94,0.0076199999999999,0.04826,0.02286,0.00508,0.0127,0.01016,0.06604,0.00508,0.00508,0.00508
2021-11-12,0.0,15.52,5.88,0.0076199999999999,0.04826,0.02286,0.00508,0.01016,0.01016,0.0711199999999999,0.0,0.00508,0.00508
2021-11-13,0.0,15.86,5.18,0.0,0.04826,0.0177799999999999,0.0,0.00508,0.0,0.0711199999999999,0.0,0.00254,0.0
2021-11-14,0.0,17.59,5.11,0.0,0.04826,0.0177799999999999,0.0,0.00254,0.0,0.06858,0.0,0.0,0.0
2021-11-15,0.0,18.9,5.23,0.0,0.04826,0.0177799999999999,0.0,0.00254,0.0,0.06858,0.0,0.0,0.0
2021-11-16,0.0,13.57,0.27,0.0,0.04826,0.0177799999999999,0.0,0.0,0.0,0.06858,0.0,0.0,0.0
2021-11-17,0.0,5.76,-4.34,0.0,0.04826,0.0152399999999999,0.0,0.0,0.00254,0.0711199999999999,0.0,0.0,0.0
2021-11-18,0.0,7.12,-3.64,0.0,0.04826,0.0152399999999999,0.0,0.0,0.00254,0.0711199999999999,0.0,0.0,0.0
2021-11-19,1.93,9.27,0.48,0.0,0.04826,0.0177799999999999,0.0,0.01016,0.0,0.0711199999999999,0.0,0.0,0.0
2021-11-20,0.0,8.9,1.63,0.0,0.04826,0.0177799999999999,0.0,0.0127,0.00508,0.0761999999999999,0.00254,0.0,0.00508
2021-11-21,0.0,8.11,-2.57,0.00508,0.05334,0.0177799999999999,0.01016,0.0127,0.00508,0.0761999999999999,0.00254,0.0,0.00508
2021-11-22,0.0,8.35,-2.82,0.00508,0.05334,0.02032,0.01016,0.0127,0.00508,0.0761999999999999,0.0,0.0,0.00508
2021-11-23,0.0,11.38,-2.04,0.0076199999999999,0.05334,0.02032,0.01016,0.0127,0.00508,0.0711199999999999,0.0,0.0,0.00508
2021-11-24,0.0,5.96,-2.39,0.0076199999999999,0.05334,0.02032,0.01016,0.0127,0.00508,0.0711199999999999,0.0,0.0,0.00508
2021-11-25,0.0,6.6,-3.33,0.01016,0.05334,0.02032,0.01016,0.0127,0.00508,0.0711199999999999,0.0,0.0,0.00508
2021-11-26,0.0,6.76,-2.97,0.01016,0.05334,0.02032,0.01016,0.0127,0.01016,0.0711199999999999,0.0,0.0,0.00508
2021-11-27,0.0,9.64,-2.2,0.0127,0.05588,0.02032,0.01016,0.0127,0.01016,0.06858,0.0,0.0,0.01016
2021-11-28,0.0,12.76,-0.75,0.0127,0.05588,0.02032,0.01016,0.0127,0.01016,0.06604,0.0,0.0,0.01016
2021-11-29,0.0,13.0,0.42,0.0127,0.05588,0.02032,0.01016,0.0127,0.01016,0.06604,0.0,0.0,0.01016
2021-11-30,0.0,11.1,-0.05,0.0127,0.05588,0.02032,0.01016,0.0127,0.01016,0.0635,0.0,0.0,0.01016
2021-12-01,0.0,11.49,-0.38,0.0127,0.05588,0.02032,0.01016,0.0127,0.01016,0.0635,0.0,0.0,0.01016
2021-12-02,0.0,12.86,0.75,0.0127,0.05588,0.02032,0.01016,0.0127,0.01016,0.0635,0.0,0.0,0.01016
2021-12-03,0.0,11.77,0.36,0.0152399999999999,0.05588,0.02032,0.01016,0.0127,0.01016,0.0635,0.0,0.0,0.01016
2021-12-04,0.0,12.61,-0.49,0.0152399999999999,0.05588,0.02032,0.01016,0.0127,0.01016,0.0635,0.0,0.0,0.01016
2021-12-05,0.0,10.96,0.26,0.0152399999999999,0.05588,0.02032,0.01016,0.0127,0.01016,0.06858,0.0,0.0,0.01016
2021-12-06,0.0,6.93,-1.12,0.0152399999999999,0.05588,0.02032,0.01016,0.0127,0.01016,0.06858,0.0,0.0,0.01016
2021-12-07,0.0,10.31,0.39,0.0152399999999999,0.05588,0.02032,0.01016,0.0127,0.01016,0.06858,0.0,0.0,0.01016
2021-12-08,3.09,10.53,-0.52,0.0152399999999999,0.05588,0.02032,0.01016,0.0127,0.01016,0.06858,0.0,0.0,0.01016
2021-12-09,9.03,5.31,-2.29,0.0152399999999999,0.0635,0.02794,0.0127,0.0177799999999999,0.0127,0.0711199999999999,0.00254,0.0,0.0127
2021-12-10,8.35,0.43,-6.56,0.02794,0.0888999999999999,0.05334,0.03302,0.03302,0.03302,0.09652,0.0254,0.0127,0.02032
2021-12-11,0.0,0.54,-7.05,0.0304799999999999,0.1041399999999999,0.06858,0.03302,0.04064,0.04572,0.09906,0.04064,0.0152399999999999,0.02286
2021-12-12,0.0,7.9,-3.65,0.0304799999999999,0.1041399999999999,0.0711199999999999,0.03302,0.04064,0.04572,0.09906,0.04064,0.0152399999999999,0.02286
2021-12-13,0.0,10.74,2.53,0.0304799999999999,0.1041399999999999,0.0736599999999999,0.0380999999999999,0.04064,0.04572,0.09906,0.04064,0.0152399999999999,0.0254
2021-12-14,17.48,11.86,1.31,0.0304799999999999,0.1041399999999999,0.0736599999999999,0.0380999999999999,0.04064,0.04572,0.09906,0.04064,0.0152399999999999,0.0254
2021-12-15,3.92,1.04,-6.34,0.0431799999999999,0.127,0.09144,0.0508,0.0609599999999999,0.06604,0.13462,0.05334,0.02794,0.04064
2021-12-16,2.68,1.45,-5.76,0.0431799999999999,0.127,0.09144,0.05588,0.0635,0.06604,0.13462,0.0635,0.02794,0.04064
2021-12-17,0.0,1.16,-5.24,0.0508,0.1397,0.1016,0.0609599999999999,0.0761999999999999,0.0736599999999999,0.1523999999999999,0.0635,0.0380999999999999,0.04572
2021-12-18,0.0,0.12,-8.73,0.0508,0.1397,0.1016,0.0609599999999999,0.09144,0.0736599999999999,0.1523999999999999,0.0711199999999999,0.0380999999999999,0.0508
2021-12-19,0.0,0.93,-8.19,0.0508,0.1422399999999999,0.1016,0.0609599999999999,0.09144,0.0736599999999999,0.15748,0.0711199999999999,0.0380999999999999,0.0508
2021-12-20,0.0,4.24,-4.95,0.0508,0.14478,0.1016,0.0609599999999999,0.09144,0.0761999999999999,0.16002,0.0711199999999999,0.0380999999999999,0.0508
2021-12-21,0.0,4.48,-4.62,0.0508,0.14478,0.1016,0.0609599999999999,0.09144,0.0761999999999999,0.16002,0.0711199999999999,0.0380999999999999,0.0508
2021-12-22,0.0,3.17,-4.58,0.0508,0.14478,0.1016,0.0609599999999999,0.09144,0.0761999999999999,0.16002,0.0711199999999999,0.0380999999999999,0.0508
2021-12-23,3.56,9.18,-2.02,0.0508,0.14478,0.1016,0.0609599999999999,0.09144,0.0761999999999999,0.16002,0.0711199999999999,0.04064,0.0508
2021-12-24,0.0,6.51,1.32,0.08128,0.17526,0.1219199999999999,0.0711199999999999,0.11938,0.09652,0.18288,0.0863599999999999,0.05588,0.0711199999999999
2021-12-25,0.0,9.36,1.04,0.09906,0.19304,0.127,0.08128,0.13462,0.09906,0.1905,0.09144,0.06604,0.08128
2021-12-26,3.87,4.64,-3.64,0.1041399999999999,0.19558,0.13208,0.08128,0.13462,0.09906,0.19558,0.09398,0.06604,0.0838199999999999
2021-12-27,2.1,3.25,-5.66,0.12446,0.2209799999999999,0.1473199999999999,0.09398,0.15748,0.11176,0.2209799999999999,0.1041399999999999,0.0736599999999999,0.09652
2021-12-28,0.0,-3.5,-6.9,0.1422399999999999,0.2336799999999999,0.16002,0.1016,0.1651,0.12446,0.2311399999999999,0.1143,0.07874,0.1041399999999999
2021-12-29,3.63,0.31,-8.75,0.14986,0.2438399999999999,0.16256,0.1041399999999999,0.17018,0.12446,0.23622,0.1168399999999999,0.07874,0.1041399999999999
2021-12-30,6.65,4.14,-3.85,0.14986,0.24892,0.1676399999999999,0.1041399999999999,0.1727199999999999,0.13208,0.2463799999999999,0.12954,0.0863599999999999,0.1143
2021-12-31,2.68,0.99,-8.19,0.17018,0.2794,0.19304,0.12446,0.2057399999999999,0.16256,0.27432,0.16002,0.1016,0.13462
2022-01-01,0.0,-5.02,-15.16,0.18288,0.2844799999999999,0.19812,0.127,0.21844,0.1727199999999999,0.2844799999999999,0.1651,0.1016,0.13462
2022-01-02,0.0,-3.41,-15.5,0.18288,0.2844799999999999,0.19812,0.127,0.21844,0.1727199999999999,0.2844799999999999,0.1651,0.1016,0.13462
2022-01-03,0.0,2.6,-10.29,0.18288,0.28956,0.20066,0.13208,0.21844,0.1727199999999999,0.2844799999999999,0.1651,0.1016,0.13462
2022-01-04,3.55,4.39,-5.85,0.18542,0.28956,0.2032,0.13462,0.21844,0.1727199999999999,0.2844799999999999,0.1651,0.10668,0.13462
2022-01-05,18.8,4.72,-0.56,0.19304,0.28956,0.2032,0.1397,0.22352,0.17526,0.28702,0.1676399999999999,0.10922,0.14478
2022-01-06,3.29,8.06,1.21,0.2032,0.31242,0.23622,0.16002,0.27686,0.2286,0.32004,0.2463799999999999,0.13716,0.1905
2022-01-07,0.0,12.04,1.92,0.21082,0.31496,0.23876,0.1676399999999999,0.2819399999999999,0.23622,0.32512,0.25654,0.13716,0.19558
2022-01-08,0.0,6.19,-2.79,0.21082,0.32004,0.2463799999999999,0.1727199999999999,0.2844799999999999,0.2413,0.32512,0.25908,0.13716,0.19558
2022-01-09,0.0,3.19,-6.12,0.21082,0.32258,0.2463799999999999,0.1727199999999999,0.2844799999999999,0.2463799999999999,0.3302,0.26416,0.13716,0.19558
2022-01-10,0.0,3.24,-7.02,0.21082,0.32258,0.2463799999999999,0.1727199999999999,0.2844799999999999,0.2463799999999999,0.3302,0.26416,0.13716,0.19558
2022-01-11,0.0,3.83,-6.98,0.21082,0.32258,0.2463799999999999,0.1727199999999999,0.2844799999999999,0.2463799999999999,0.3302,0.2667,0.13716,0.19558
2022-01-12,0.0,5.85,-4.8,0.21082,0.32258,0.2463799999999999,0.1727199999999999,0.2844799999999999,0.2463799999999999,0.3302,0.2667,0.13716,0.19558
2022-01-13,0.0,6.3,-3.58,0.21082,0.32258,0.2463799999999999,0.1727199999999999,0.2844799999999999,0.2463799999999999,0.3302,0.2667,0.13716,0.19558
2022-01-14,0.0,6.52,-4.27,0.21336,0.32258,0.2463799999999999,0.1727199999999999,0.2844799999999999,0.2463799999999999,0.3302,0.2667,0.13716,0.19558
2022-01-15,0.0,4.61,-5.87,0.2158999999999999,0.32004,0.2463799999999999,0.1727199999999999,0.2844799999999999,0.2463799999999999,0.3302,0.2667,0.13716,0.19558
2022-01-16,0.0,4.61,-5.35,0.2158999999999999,0.32004,0.2463799999999999,0.1727199999999999,0.2844799999999999,0.2463799999999999,0.3302,0.2667,0.13716,0.19558
2022-01-17,0.0,4.13,-5.42,0.2158999999999999,0.32004,0.2463799999999999,0.1727199999999999,0.2844799999999999,0.2463799999999999,0.3302,0.2667,0.13716,0.19558
2022-01-18,0.0,4.77,-5.83,0.2158999999999999,0.32004,0.2463799999999999,0.1727199999999999,0.2844799999999999,0.2463799999999999,0.3302,0.2667,0.13716,0.19558
2022-01-19,0.0,2.2,-5.14,0.2158999999999999,0.32004,0.2463799999999999,0.1727199999999999,0.2844799999999999,0.2463799999999999,0.3302,0.2667,0.13716,0.19558
2022-01-20,7.41,2.94,-5.9,0.2158999999999999,0.32004,0.2463799999999999,0.1727199999999999,0.2844799999999999,0.2463799999999999,0.3302,0.2667,0.13716,0.19558
2022-01-21,0.0,5.18,-5.12,0.2158999999999999,0.32004,0.2463799999999999,0.1777999999999999,0.28702,0.24892,0.33274,0.26924,0.13716,0.19558
2022-01-22,0.0,2.54,-7.87,0.2158999999999999,0.32004,0.2463799999999999,0.1777999999999999,0.28702,0.24892,0.33274,0.26924,0.13716,0.19558
2022-01-23,0.0,2.77,-7.99,0.2158999999999999,0.32004,0.2463799999999999,0.1777999999999999,0.28702,0.24892,0.33274,0.26924,0.13716,0.19558
2022-01-24,1.57,4.25,-7.16,0.2158999999999999,0.32004,0.2463799999999999,0.1777999999999999,0.28702,0.24892,0.33274,0.26924,0.13716,0.19558
2022-01-25,0.0,5.57,-5.85,0.2158999999999999,0.32004,0.2463799999999999,0.1777999999999999,0.28702,0.25146,0.33274,0.26924,0.13716,0.19558
2022-01-26,0.0,2.78,-9.15,0.2158999999999999,0.32258,0.2463799999999999,0.1777999999999999,0.28956,0.25146,0.3352799999999999,0.2717799999999999,0.13716,0.19812
2022-01-27,0.0,2.79,-10.02,0.2158999999999999,0.32258,0.25146,0.1777999999999999,0.28956,0.25146,0.3352799999999999,0.2717799999999999,0.13716,0.19812
2022-01-28,0.0,2.24,-10.15,0.2158999999999999,0.32258,0.25146,0.1777999999999999,0.28956,0.25146,0.3352799999999999,0.2717799999999999,0.13716,0.19812
2022-01-29,0.0,4.03,-8.3,0.2158999999999999,0.32258,0.25146,0.1777999999999999,0.28956,0.25146,0.3352799999999999,0.2717799999999999,0.13716,0.19812
2022-01-30,0.0,4.38,-8.12,0.2158999999999999,0.32258,0.25146,0.1777999999999999,0.28956,0.25146,0.3352799999999999,0.2717799999999999,0.13716,0.19812
2022-01-31,0.0,5.36,-8.19,0.2158999999999999,0.32258,0.25146,0.1777999999999999,0.28956,0.25146,0.3352799999999999,0.2717799999999999,0.13716,0.19812
2022-02-01,0.49,1.22,-8.91,0.2158999999999999,0.32258,0.25146,0.1777999999999999,0.28956,0.25146,0.3352799999999999,0.2717799999999999,0.13716,0.19812
2022-02-02,0.0,-0.88,-11.31,0.2158999999999999,0.32258,0.25146,0.1777999999999999,0.28956,0.25146,0.3352799999999999,0.2717799999999999,0.13716,0.19812
2022-02-03,0.0,-0.67,-11.67,0.2158999999999999,0.32258,0.25146,0.1777999999999999,0.28956,0.254,0.33782,0.27432,0.13716,0.19812
2022-02-04,0.0,1.38,-11.19,0.2158999999999999,0.32258,0.25146,0.1777999999999999,0.28956,0.254,0.33782,0.27432,0.13716,0.19812
2022-02-05,0.0,4.98,-8.64,0.2158999999999999,0.32258,0.25146,0.1777999999999999,0.28956,0.254,0.33782,0.27432,0.13716,0.19812
2022-02-06,0.0,5.12,-7.61,0.2158999999999999,0.32258,0.25146,0.1777999999999999,0.28956,0.254,0.33782,0.27432,0.13716,0.19812
2022-02-07,0.0,6.7,-6.65,0.2158999999999999,0.32258,0.25146,0.1777999999999999,0.28956,0.254,0.33782,0.27432,0.13716,0.19812
2022-02-08,0.0,8.44,-4.63,0.2158999999999999,0.32258,0.25146,0.1777999999999999,0.28956,0.254,0.33782,0.27432,0.13716,0.19812
2022-02-09,0.0,8.66,-3.21,0.2158999999999999,0.32258,0.25146,0.1777999999999999,0.28956,0.254,0.33782,0.27432,0.13716,0.19812
2022-02-10,0.0,9.17,-3.86,0.2158999999999999,0.32258,0.25146,0.1777999999999999,0.28956,0.254,0.33782,0.27432,0.13716,0.19812
2022-02-11,0.0,10.72,-1.3,0.2158999999999999,0.32258,0.25146,0.1777999999999999,0.28956,0.254,0.33782,0.27432,0.13716,0.19812
2022-02-12,0.0,9.7,-3.94,0.2158999999999999,0.32258,0.25146,0.1777999999999999,0.28956,0.254,0.33782,0.27432,0.13716,0.19812
2022-02-13,0.0,12.02,-3.71,0.2158999999999999,0.32258,0.25146,0.1777999999999999,0.2920999999999999,0.254,0.33782,0.27432,0.13716,0.19812
2022-02-14,0.0,13.65,-1.41,0.2158999999999999,0.32258,0.25146,0.1777999999999999,0.2920999999999999,0.254,0.33782,0.27432,0.13716,0.19812
2022-02-15,1.34,11.28,-0.39,0.2158999999999999,0.32258,0.254,0.1777999999999999,0.2920999999999999,0.254,0.33782,0.27432,0.13716,0.19812
2022-02-16,3.28,3.23,-2.34,0.2158999999999999,0.32258,0.25908,0.1777999999999999,0.2920999999999999,0.254,0.33782,0.27432,0.13716,0.19812
2022-02-17,0.0,5.05,-6.48,0.2158999999999999,0.33274,0.26416,0.1803399999999999,0.2946399999999999,0.25908,0.34036,0.27686,0.13716,0.2032
2022-02-18,0.0,8.79,-4.23,0.2158999999999999,0.33274,0.26416,0.1803399999999999,0.2946399999999999,0.25908,0.34036,0.27686,0.1397,0.2032
2022-02-19,0.0,11.94,-2.54,0.2158999999999999,0.33274,0.2667,0.1803399999999999,0.2946399999999999,0.25908,0.34036,0.27686,0.1397,0.2032
2022-02-20,0.0,12.82,0.02,0.2158999999999999,0.33274,0.2667,0.1803399999999999,0.2946399999999999,0.25908,0.34036,0.27686,0.1397,0.2032
2022-02-21,1.21,4.49,-3.34,0.2158999999999999,0.33274,0.2667,0.18288,0.2946399999999999,0.25908,0.34036,0.27686,0.1397,0.2032
2022-02-22,1.01,1.09,-6.92,0.2158999999999999,0.33782,0.27432,0.18288,0.2946399999999999,0.2667,0.3454399999999999,0.27686,0.1422399999999999,0.2032
2022-02-23,0.69,-3.07,-10.4,0.2158999999999999,0.34036,0.27432,0.18288,0.2971799999999999,0.27432,0.35306,0.2819399999999999,0.1422399999999999,0.2057399999999999
2022-02-24,1.51,-2.73,-11.48,0.2158999999999999,0.34036,0.27432,0.18288,0.2971799999999999,0.27686,0.3555999999999999,0.2844799999999999,0.1422399999999999,0.2057399999999999
2022-02-25,0.0,-1.75,-10.3,0.2158999999999999,0.35052,0.2844799999999999,0.18288,0.29972,0.2794,0.3606799999999999,0.28702,0.1422399999999999,0.2057399999999999
2022-02-26,0.0,0.59,-12.39,0.2158999999999999,0.35052,0.2844799999999999,0.18796,0.29972,0.2794,0.3606799999999999,0.28702,0.1422399999999999,0.2057399999999999
2022-02-27,0.0,3.69,-10.49,0.2158999999999999,0.3555999999999999,0.2844799999999999,0.1905,0.29972,0.2794,0.3606799999999999,0.28702,0.1422399999999999,0.2057399999999999
2022-02-28,0.0,8.32,-6.71,0.2158999999999999,0.3555999999999999,0.2844799999999999,0.1905,0.29972,0.2794,0.3606799999999999,0.28702,0.1422399999999999,0.2057399999999999
2022-03-01,0.0,12.0,-2.57,0.2158999999999999,0.3555999999999999,0.2844799999999999,0.1905,0.29972,0.2794,0.3606799999999999,0.28702,0.1422399999999999,0.2057399999999999
2022-03-02,0.0,16.54,1.06,0.2158999999999999,0.3555999999999999,0.2844799999999999,0.1905,0.29972,0.2794,0.3606799999999999,0.28702,0.1422399999999999,0.2057399999999999
2022-03-03,0.0,19.25,4.18,0.2158999999999999,0.3555999999999999,0.2844799999999999,0.1905,0.29972,0.2794,0.3606799999999999,0.2819399999999999,0.1397,0.2057399999999999
2022-03-04,1.24,15.23,4.44,0.2158999999999999,0.3555999999999999,0.2844799999999999,0.1905,0.29972,0.27432,0.3606799999999999,0.2717799999999999,0.13208,0.2057399999999999
2022-03-05,10.18,7.9,1.0,0.2158999999999999,0.3555999999999999,0.2920999999999999,0.1905,0.29972,0.27432,0.36322,0.27432,0.12446,0.2057399999999999
2022-03-06,4.46,2.59,-4.2,0.22352,0.37084,0.3047999999999999,0.19812,0.31242,0.2946399999999999,0.37592,0.2946399999999999,0.1397,0.2311399999999999
2022-03-07,0.0,2.75,-6.81,0.22352,0.37338,0.30988,0.2032,0.32004,0.30734,0.381,0.3047999999999999,0.1397,0.23622
2022-03-08,9.44,3.04,-3.96,0.22352,0.37846,0.31496,0.2057399999999999,0.32004,0.30734,0.381,0.3047999999999999,0.1397,0.23622
2022-03-09,0.0,2.66,-4.88,0.23622,0.38608,0.32004,0.2082799999999999,0.3429,0.3302,0.38608,0.32258,0.14478,0.24892
2022-03-10,0.0,-0.61,-10.14,0.254,0.3937,0.32766,0.21336,0.36322,0.3429,0.3937,0.3352799999999999,0.14986,0.25146
2022-03-11,0.0,4.22,-10.59,0.254,0.3937,0.32766,0.21336,0.36322,0.3429,0.3937,0.3352799999999999,0.14986,0.25146
2022-03-12,0.0,11.09,-4.23,0.254,0.3987799999999999,0.3302,0.21336,0.36576,0.3429,0.39624,0.3352799999999999,0.1523999999999999,0.254
2022-03-13,2.49,9.74,-0.57,0.254,0.3987799999999999,0.3302,0.2209799999999999,0.36576,0.3479799999999999,0.3987799999999999,0.33782,0.1523999999999999,0.254
2022-03-14,0.0,9.74,-2.06,0.254,0.42164,0.3429,0.2286,0.38608,0.3581399999999999,0.40894,0.35052,0.1523999999999999,0.26416
2022-03-15,2.95,15.24,-0.74,0.25654,0.42164,0.3429,0.2286,0.38608,0.3581399999999999,0.40894,0.35052,0.15748,0.26416
2022-03-16,0.0,10.51,-0.14,0.25654,0.42164,0.3479799999999999,0.2286,0.38862,0.3581399999999999,0.41402,0.35052,0.1473199999999999,0.26416
2022-03-17,0.0,9.53,-3.46,0.25654,0.42164,0.3479799999999999,0.2286,0.38862,0.3581399999999999,0.41402,0.35052,0.1473199999999999,0.26416
2022-03-18,0.0,12.97,-1.64,0.25654,0.42164,0.3479799999999999,0.2286,0.38862,0.3581399999999999,0.41402,0.35052,0.1397,0.26416
2022-03-19,0.0,16.34,0.94,0.25654,0.42164,0.3479799999999999,0.2286,0.38862,0.3555999999999999,0.41402,0.35052,0.12446,0.26416
2022-03-20,4.6,10.24,-0.41,0.25654,0.42164,0.3479799999999999,0.2311399999999999,0.38862,0.35052,0.41402,0.35052,0.10668,0.26416
2022-03-21,0.0,7.5,-3.47,0.25908,0.42672,0.35052,0.2311399999999999,0.39116,0.3581399999999999,0.4191,0.35052,0.10922,0.26416
2022-03-22,0.0,11.61,-2.41,0.25908,0.42672,0.35052,0.2311399999999999,0.39116,0.3581399999999999,0.4241799999999999,0.35306,0.10922,0.26416
2022-03-23,0.0,14.28,-0.76,0.25908,0.42672,0.35052,0.2311399999999999,0.39116,0.3581399999999999,0.4241799999999999,0.35306,0.10668,0.26416
2022-03-24,0.0,19.51,2.39,0.25908,0.42672,0.35052,0.2311399999999999,0.39116,0.3581399999999999,0.4241799999999999,0.35052,0.1016,0.26416
2022-03-25,0.0,22.81,5.27,0.25654,0.42672,0.35052,0.2311399999999999,0.38862,0.34036,0.4241799999999999,0.3352799999999999,0.06604,0.25908
2022-03-26,0.0,23.83,7.43,0.25146,0.4191,0.3479799999999999,0.2311399999999999,0.3581399999999999,0.32512,0.4241799999999999,0.32004,0.03302,0.24892
2022-03-27,0.0,25.18,9.52,0.2413,0.4114799999999999,0.3479799999999999,0.22606,0.3352799999999999,0.31242,0.41402,0.2971799999999999,0.01016,0.2413
2022-03-28,0.0,18.99,8.44,0.22606,0.40894,0.3454399999999999,0.21336,0.3175,0.29972,0.40894,0.27432,0.0,0.2336799999999999
2022-03-29,1.61,16.39,4.41,0.2336799999999999,0.41402,0.3454399999999999,0.2082799999999999,0.31242,0.2946399999999999,0.4165599999999999,0.26162,0.0,0.22606
2022-03-30,0.0,16.25,2.39,0.23876,0.4292599999999999,0.3606799999999999,0.21336,0.31496,0.2946399999999999,0.42672,0.25908,0.0,0.2158999999999999
2022-03-31,2.25,11.56,1.83,0.23876,0.4292599999999999,0.3606799999999999,0.2082799999999999,0.29972,0.28702,0.42672,0.25146,0.0,0.21082
2022-04-01,0.0,13.88,-0.8,0.23876,0.4292599999999999,0.3606799999999999,0.2057399999999999,0.29972,0.2920999999999999,0.42672,0.25146,0.0,0.21082
2022-04-02,0.0,17.42,0.52,0.2413,0.4292599999999999,0.3606799999999999,0.2032,0.29972,0.28702,0.42672,0.2463799999999999,0.0,0.21082
2022-04-03,0.0,15.57,1.07,0.22352,0.4292599999999999,0.3606799999999999,0.19558,0.2920999999999999,0.26924,0.42672,0.2336799999999999,0.0,0.2032
2022-04-04,2.75,14.07,0.81,0.22352,0.4292599999999999,0.3606799999999999,0.18796,0.27686,0.25908,0.42672,0.2209799999999999,0.0,0.19812
2022-04-05,0.0,12.12,0.31,0.22606,0.4317999999999999,0.3581399999999999,0.18542,0.28702,0.25146,0.4317999999999999,0.21336,0.0,0.1905
2022-04-06,0.0,10.64,-2.93,0.22606,0.43688,0.36322,0.1905,0.28702,0.25654,0.4445,0.2286,0.0,0.19812
2022-04-07,0.0,15.02,-3.2,0.21336,0.43688,0.36322,0.18288,0.28702,0.254,0.4445,0.2286,0.0,0.19812
2022-04-08,0.0,21.39,1.72,0.19812,0.43688,0.36322,0.1727199999999999,0.28702,0.2413,0.4445,0.21336,0.0,0.19812
2022-04-09,0.0,13.88,1.76,0.1727199999999999,0.43688,0.36322,0.15494,0.27686,0.21336,0.4445,0.1905,0.0,0.19304
2022-04-10,0.0,8.69,-1.7,0.1727199999999999,0.4241799999999999,0.36322,0.1473199999999999,0.2717799999999999,0.2082799999999999,0.43942,0.18288,0.0,0.1905
2022-04-11,11.21,12.9,-1.55,0.16002,0.42164,0.36322,0.1473199999999999,0.25908,0.19304,0.43942,0.17018,0.0,0.1803399999999999
2022-04-12,8.35,3.22,-3.71,0.16256,0.4445,0.37846,0.15748,0.2717799999999999,0.2057399999999999,0.44958,0.18288,0.0152399999999999,0.19558
2022-04-13,4.02,5.5,-3.47,0.1676399999999999,0.45974,0.38862,0.1727199999999999,0.28702,0.2209799999999999,0.45974,0.19812,0.0254,0.2032
2022-04-14,8.27,11.43,-0.72,0.17018,0.4673599999999999,0.39624,0.1727199999999999,0.2971799999999999,0.22606,0.4673599999999999,0.2082799999999999,0.0355599999999999,0.21336
2022-04-15,5.37,12.54,2.34,0.17018,0.47752,0.39624,0.1803399999999999,0.3175,0.2311399999999999,0.47752,0.21082,0.04064,0.2209799999999999
2022-04-16,4.74,14.81,1.86,0.1727199999999999,0.5003799999999999,0.41402,0.18542,0.33274,0.23876,0.47752,0.22352,0.0380999999999999,0.22352
2022-04-17,0.0,14.87,3.17,0.1777999999999999,0.51308,0.4191,0.19304,0.34036,0.23622,0.4927599999999999,0.2286,0.0127,0.2209799999999999
2022-04-18,0.0,22.0,2.21,0.1777999999999999,0.51308,0.4191,0.1803399999999999,0.34036,0.22352,0.4927599999999999,0.21336,0.0,0.2082799999999999
2022-04-19,0.0,18.67,3.48,0.1651,0.508,0.4165599999999999,0.16002,0.32258,0.20066,0.4826,0.1905,0.0,0.1905
2022-04-20,0.0,17.67,2.62,0.1523999999999999,0.5003799999999999,0.4165599999999999,0.1422399999999999,0.32004,0.1777999999999999,0.47752,0.1676399999999999,0.0,0.1777999999999999
2022-04-21,2.57,19.63,5.64,0.13716,0.4927599999999999,0.4064,0.12446,0.30734,0.16002,0.47244,0.1422399999999999,0.0,0.1727199999999999
2022-04-22,7.58,10.46,4.62,0.1168399999999999,0.4876799999999999,0.39624,0.1041399999999999,0.2920999999999999,0.13716,0.45212,0.10922,0.0,0.1473199999999999
2022-04-23,1.87,11.45,3.14,0.13208,0.5054599999999999,0.4064,0.1168399999999999,0.30988,0.14986,0.46482,0.1168399999999999,0.00508,0.1523999999999999
2022-04-24,0.6,13.68,0.37,0.13716,0.51308,0.4114799999999999,0.1219199999999999,0.30988,0.16002,0.4699,0.11938,0.00254,0.14478
2022-04-25,0.0,17.06,2.06,0.13716,0.51308,0.4114799999999999,0.1219199999999999,0.30988,0.16002,0.4699,0.1143,0.0,0.14478
2022-04-26,0.0,19.84,4.64,0.12446,0.51308,0.40386,0.1143,0.3047999999999999,0.15494,0.4699,0.09144,0.0,0.12446
2022-04-27,0.0,22.88,6.09,0.10922,0.51054,0.39624,0.09906,0.28956,0.1422399999999999,0.4673599999999999,0.0635,0.0,0.1041399999999999
2022-04-28,0.0,19.14,7.08,0.09652,0.50292,0.37846,0.06858,0.26162,0.11176,0.43942,0.0355599999999999,0.0,0.07874
2022-04-29,0.0,13.62,4.29,0.0838199999999999,0.49784,0.36322,0.0431799999999999,0.23876,0.0888999999999999,0.4191,0.0177799999999999,0.0,0.0609599999999999
2022-04-30,0.0,17.1,2.33,0.0711199999999999,0.49784,0.3606799999999999,0.02286,0.2438399999999999,0.0838199999999999,0.4191,0.0152399999999999,0.0,0.05588
2022-05-01,1.51,13.71,5.7,0.05588,0.49784,0.3352799999999999,0.0,0.2032,0.05588,0.4165599999999999,0.00508,0.0,0.0304799999999999
2022-05-02,3.2,20.61,6.95,0.0431799999999999,0.49784,0.32258,0.0,0.19304,0.0355599999999999,0.40386,0.0,0.0,0.0127
2022-05-03,3.29,11.76,2.48,0.0304799999999999,0.47752,0.2920999999999999,0.0,0.1651,0.0127,0.37084,0.0,0.0,0.0
2022-05-04,2.34,15.25,4.0,0.0152399999999999,0.47752,0.29972,0.0,0.17526,0.0,0.37084,0.0,0.0,0.0
2022-05-05,0.0,22.91,4.62,0.00254,0.4826,0.30734,0.0,0.17018,0.0,0.37338,0.0,0.0,0.0
2022-05-06,0.0,23.2,8.86,0.0,0.47244,0.2794,0.0,0.13462,0.0,0.35306,0.0,0.0,0.0
2022-05-07,0.0,20.06,7.9,0.0,0.43942,0.2438399999999999,0.0,0.1016,0.0,0.31496,0.0,0.0,0.0
2022-05-08,5.76,16.56,2.4,0.0,0.42164,0.22352,0.0,0.07874,0.0,0.28956,0.0,0.0,0.0
2022-05-09,3.55,9.91,-0.13,0.0,0.42164,0.21844,0.0,0.06604,0.0,0.28702,0.0,0.0,0.0
2022-05-10,0.0,16.15,-0.57,0.0,0.42164,0.21844,0.0,0.0736599999999999,0.0,0.28702,0.0,0.0,0.0
2022-05-11,5.43,20.39,1.43,0.0,0.42164,0.2032,0.0,0.06858,0.0,0.28702,0.0,0.0,0.0
2022-05-12,4.4,14.97,1.45,0.0,0.40386,0.19558,0.0,0.03302,0.0,0.26416,0.0,0.0,0.0
2022-05-13,0.0,19.31,5.01,0.0,0.4114799999999999,0.1905,0.0,0.0355599999999999,0.0,0.24892,0.0,0.0,0.0
2022-05-14,0.0,24.03,6.01,0.0,0.40132,0.17018,0.0,0.0127,0.0,0.2209799999999999,0.0,0.0,0.0
2022-05-15,0.0,27.5,7.82,0.0,0.3606799999999999,0.13208,0.0,0.0,0.0,0.18542,0.0,0.0,0.0
2022-05-16,0.0,28.82,11.45,0.0,0.32004,0.0863599999999999,0.0,0.0,0.0,0.1473199999999999,0.0,0.0,0.0
2022-05-17,0.0,25.08,13.89,0.0,0.2717799999999999,0.0380999999999999,0.0,0.0,0.0,0.1041399999999999,0.0,0.0,0.0
2022-05-18,0.0,26.79,8.94,0.0,0.2463799999999999,0.01016,0.0,0.0,0.0,0.0635,0.0,0.0,0.0
2022-05-19,0.0,20.98,7.27,0.0,0.2057399999999999,0.0,0.0,0.0,0.0,0.0254,0.0,0.0,0.0
2022-05-20,0.0,12.19,0.71,0.0,0.1803399999999999,0.0,0.0,0.0,0.0,0.0,0.0,0.0,0.0
2022-05-21,0.0,18.02,2.96,0.0,0.1803399999999999,0.0,0.0,0.0,0.0,0.0,0.0,0.0,0.0
2022-05-22,0.0,20.18,4.03,0.0,0.1803399999999999,0.0,0.0,0.0,0.0,0.0,0.0,0.0,0.0
2022-05-23,0.0,18.53,1.81,0.0,0.16256,0.0,0.0,0.0,0.0,0.0,0.0,0.0,0.0
2022-05-24,0.0,21.16,4.75,0.0,0.1422399999999999,0.0,0.0,0.0,0.0,0.0,0.0,0.0,0.0
2022-05-25,0.0,25.68,6.44,0.0,0.11938,0.0,0.0,0.0,0.0,0.0,0.0,0.0,0.0
2022-05-26,0.0,31.31,9.58,0.0,0.08128,0.0,0.0,0.0,0.0,0.0,0.0,0.0,0.0
2022-05-27,0.0,28.78,15.16,0.0,0.04572,0.0,0.0,0.0,0.0,0.0,0.0,0.0,0.0
2022-05-28,10.63,21.57,9.36,0.0,0.0177799999999999,0.0,0.0,0.0,0.0,0.0,0.0,0.0,0.0
2022-05-29,21.98,13.85,5.6,0.0,0.0152399999999999,0.0,0.0,0.0076199999999999,0.0076199999999999,0.0,0.0,0.0,0.0
2022-05-30,15.0,10.79,2.28,0.0,0.0380999999999999,0.0,0.0,0.02032,0.0177799999999999,0.0,0.0,0.0,0.0
2022-05-31,0.0,18.37,2.38,0.0,0.0431799999999999,0.0,0.0,0.02032,0.03302,0.0,0.02032,0.0,0.0
2022-06-01,0.0,22.28,5.76,0.0,0.04572,0.0,0.0,0.0,0.0127,0.0,0.0,0.0,0.0
2022-06-02,0.0,26.48,7.26,0.0,0.02032,0.0,0.0,0.0,0.0,0.0,0.0,0.0,0.0
2022-06-03,0.0,27.7,10.5,0.0,0.01016,0.0,0.0,0.0,0.0,0.0,0.0,0.0,0.0
2022-06-04,0.0,28.7,14.31,0.0,0.0,0.0,0.0,0.0,0.0,0.0,0.0,0.0,0.0
2022-06-05,0.0,24.72,14.11,0.0,0.0,0.0,0.0,0.0,0.0,0.0,0.0,0.0,0.0
2022-06-06,0.0,24.97,12.47,0.0,0.0,0.0,0.0,0.0,0.0,0.0,0.0,0.0,0.0
2022-06-07,0.0,25.09,9.05,0.0,0.0,0.0,0.0,0.0,0.0,0.0,0.0,0.0,0.0
2022-06-08,0.0,29.82,11.58,0.0,0.0,0.0,0.0,0.0,0.0,0.0,0.0,0.0,0.0
2022-06-09,0.0,30.63,12.59,0.0,0.0,0.0,0.0,0.0,0.0,0.0,0.0,0.0,0.0
2022-06-10,0.0,33.17,14.61,0.0,0.0,0.0,0.0,0.0,0.0,0.0,0.0,0.0,0.0
2022-06-11,0.0,33.76,17.16,0.0,0.0,0.0,0.0,0.0,0.0,0.0,0.0,0.0,0.0
2022-06-12,0.0,35.59,17.69,0.0,0.0,0.0,0.0,0.0,0.0,0.0,0.0,0.0,0.0
2022-06-13,6.58,21.48,10.02,0.0,0.0,0.0,0.0,0.0,0.0,0.0,0.0,0.0,0.0
2022-06-14,0.0,19.44,4.85,0.0,0.0,0.0,0.0,0.0,0.0,0.0,0.0,0.0,0.0
2022-06-15,0.0,22.1,3.72,0.0,0.0,0.0,0.0,0.0,0.0,0.0,0.0,0.0,0.0
2022-06-16,0.0,33.74,7.38,0.0,0.0,0.0,0.0,0.0,0.0,0.0,0.0,0.0,0.0
2022-06-17,0.0,36.59,18.85,0.0,0.0,0.0,0.0,0.0,0.0,0.0,0.0,0.0,0.0
2022-06-18,0.0,30.71,20.47,0.0,0.0,0.0,0.0,0.0,0.0,0.0,0.0,0.0,0.0
2022-06-19,4.23,25.29,13.95,0.0,0.0,0.0,0.0,0.0,0.0,0.0,0.0,0.0,0.0
2022-06-20,5.16,20.67,7.55,0.0,0.0,0.0,0.0,0.0,0.0,0.0,0.0,0.0,0.0
2022-06-21,0.0,27.6,6.55,0.0,0.0,0.0,0.0,0.0,0.0,0.0,0.0,0.0,0.0
2022-06-22,0.0,31.12,11.86,0.0,0.0,0.0,0.0,0.0,0.0,0.0,0.0,0.0,0.0
2022-06-23,1.13,32.27,16.02,0.0,0.0,0.0,0.0,0.0,0.0,0.0,0.0,0.0,0.0
2022-06-24,0.0,31.5,13.78,0.0,0.0,0.0,0.0,0.0,0.0,0.0,0.0,0.0,0.0
2022-06-25,0.0,30.23,12.42,0.0,0.0,0.0,0.0,0.0,0.0,0.0,0.0,0.0,0.0
2022-06-26,0.0,32.64,13.42,0.0,0.0,0.0,0.0,0.0,0.0,0.0,0.0,0.0,0.0
2022-06-27,0.0,35.09,16.67,0.0,0.0,0.0,0.0,0.0,0.0,0.0,0.0,0.0,0.0
2022-06-28,0.0,35.24,16.25,0.0,0.0,0.0,0.0,0.0,0.0,0.0,0.0,0.0,0.0
2022-06-29,0.0,33.75,19.64,0.0,0.0,0.0,0.0,0.0,0.0,0.0,0.0,0.0,0.0
2022-06-30,0.0,32.76,18.23,0.0,0.0,0.0,0.0,0.0,0.0,0.0,0.0,0.0,0.0
2022-07-01,0.0,34.43,18.22,0.0,0.0,0.0,0.0,0.0,0.0,0.0,0.0,0.0,0.0
2022-07-02,0.0,35.16,18.44,0.0,0.0,0.0,0.0,0.0,0.0,0.0,0.0,0.0,0.0
2022-07-03,0.0,36.02,20.08,0.0,0.0,0.0,0.0,0.0,0.0,0.0,0.0,0.0,0.0
2022-07-04,0.0,34.93,15.99,0.0,0.0,0.0,0.0,0.0,0.0,0.0,0.0,0.0,0.0
2022-07-05,0.0,34.48,16.43,0.0,0.0,0.0,0.0,0.0,0.0,0.0,0.0,0.0,0.0
2022-07-06,0.0,34.86,19.19,0.0,0.0,0.0,0.0,0.0,0.0,0.0,0.0,0.0,0.0
2022-07-07,0.0,35.97,18.75,0.0,0.0,0.0,0.0,0.0,0.0,0.0,0.0,0.0,0.0
2022-07-08,0.0,36.42,18.03,0.0,0.0,0.0,0.0,0.0,0.0,0.0,0.0,0.0,0.0
2022-07-09,0.0,37.83,18.89,0.0,0.0,0.0,0.0,0.0,0.0,0.0,0.0,0.0,0.0
2022-07-10,0.0,36.58,17.36,0.0,0.0,0.0,0.0,0.0,0.0,0.0,0.0,0.0,0.0
2022-07-11,0.0,35.55,16.1,0.0,0.0,0.0,0.0,0.0,0.0,0.0,0.0,0.0,0.0
2022-07-12,0.0,36.99,17.67,0.0,0.0,0.0,0.0,0.0,0.0,0.0,0.0,0.0,0.0
2022-07-13,0.59,37.76,20.45,0.0,0.0,0.0,0.0,0.0,0.0,0.0,0.0,0.0,0.0
2022-07-14,0.0,36.85,21.02,0.0,0.0,0.0,0.0,0.0,0.0,0.0,0.0,0.0,0.0
2022-07-15,3.52,31.31,20.02,0.0,0.0,0.0,0.0,0.0,0.0,0.0,0.0,0.0,0.0
2022-07-16,0.0,35.59,17.51,0.0,0.0,0.0,0.0,0.0,0.0,0.0,0.0,0.0,0.0
2022-07-17,0.0,38.04,17.98,0.0,0.0,0.0,0.0,0.0,0.0,0.0,0.0,0.0,0.0
2022-07-18,0.0,35.67,20.06,0.0,0.0,0.0,0.0,0.0,0.0,0.0,0.0,0.0,0.0
2022-07-19,0.0,33.72,20.1,0.0,0.0,0.0,0.0,0.0,0.0,0.0,0.0,0.0,0.0
2022-07-20,0.0,35.48,18.82,0.0,0.0,0.0,0.0,0.0,0.0,0.0,0.0,0.0,0.0
2022-07-21,0.0,37.0,19.49,0.0,0.0,0.0,0.0,0.0,0.0,0.0,0.0,0.0,0.0
2022-07-22,0.0,38.52,20.24,0.0,0.0,0.0,0.0,0.0,0.0,0.0,0.0,0.0,0.0
2022-07-23,0.0,36.4,19.73,0.0,0.0,0.0,0.0,0.0,0.0,0.0,0.0,0.0,0.0
2022-07-24,0.0,33.06,19.59,0.0,0.0,0.0,0.0,0.0,0.0,0.0,0.0,0.0,0.0
2022-07-25,0.0,33.98,16.88,0.0,0.0,0.0,0.0,0.0,0.0,0.0,0.0,0.0,0.0
2022-07-26,0.0,35.66,18.64,0.0,0.0,0.0,0.0,0.0,0.0,0.0,0.0,0.0,0.0
2022-07-27,0.0,36.33,18.24,0.0,0.0,0.0,0.0,0.0,0.0,0.0,0.0,0.0,0.0
2022-07-28,0.0,36.83,19.0,0.0,0.0,0.0,0.0,0.0,0.0,0.0,0.0,0.0,0.0
2022-07-29,0.0,35.61,20.24,0.0,0.0,0.0,0.0,0.0,0.0,0.0,0.0,0.0,0.0
2022-07-30,0.0,36.33,19.25,0.0,0.0,0.0,0.0,0.0,0.0,0.0,0.0,0.0,0.0
2022-07-31,0.0,36.89,20.38,0.0,0.0,0.0,0.0,0.0,0.0,0.0,0.0,0.0,0.0
2022-08-01,5.63,33.42,18.7,0.0,0.0,0.0,0.0,0.0,0.0,0.0,0.0,0.0,0.0
2022-08-02,2.23,30.49,17.22,0.0,0.0,0.0,0.0,0.0,0.0,0.0,0.0,0.0,0.0
2022-08-03,0.0,32.29,17.02,0.0,0.0,0.0,0.0,0.0,0.0,0.0,0.0,0.0,0.0
2022-08-04,0.0,35.07,18.04,0.0,0.0,0.0,0.0,0.0,0.0,0.0,0.0,0.0,0.0
2022-08-05,1.01,31.75,20.29,0.0,0.0,0.0,0.0,0.0,0.0,0.0,0.0,0.0,0.0
2022-08-06,8.11,24.8,17.93,0.0,0.0,0.0,0.0,0.0,0.0,0.0,0.0,0.0,0.0
2022-08-07,0.0,30.62,15.57,0.0,0.0,0.0,0.0,0.0,0.0,0.0,0.0,0.0,0.0
2022-08-08,0.0,33.32,15.54,0.0,0.0,0.0,0.0,0.0,0.0,0.0,0.0,0.0,0.0
2022-08-09,0.0,34.15,14.92,0.0,0.0,0.0,0.0,0.0,0.0,0.0,0.0,0.0,0.0
2022-08-10,0.0,33.86,17.98,0.0,0.0,0.0,0.0,0.0,0.0,0.0,0.0,0.0,0.0
2022-08-11,0.0,30.93,17.71,0.0,0.0,0.0,0.0,0.0,0.0,0.0,0.0,0.0,0.0
2022-08-12,4.56,33.99,19.37,0.0,0.0,0.0,0.0,0.0,0.0,0.0,0.0,0.0,0.0
2022-08-13,0.0,31.96,19.82,0.0,0.0,0.0,0.0,0.0,0.0,0.0,0.0,0.0,0.0
2022-08-14,0.0,31.36,18.94,0.0,0.0,0.0,0.0,0.0,0.0,0.0,0.0,0.0,0.0
2022-08-15,0.0,34.68,18.7,0.0,0.0,0.0,0.0,0.0,0.0,0.0,0.0,0.0,0.0
2022-08-16,0.0,34.45,17.64,0.0,0.0,0.0,0.0,0.0,0.0,0.0,0.0,0.0,0.0
2022-08-17,0.0,35.18,19.2,0.0,0.0,0.0,0.0,0.0,0.0,0.0,0.0,0.0,0.0
2022-08-18,0.0,35.85,20.21,0.0,0.0,0.0,0.0,0.0,0.0,0.0,0.0,0.0,0.0
2022-08-19,7.66,29.25,18.16,0.0,0.0,0.0,0.0,0.0,0.0,0.0,0.0,0.0,0.0
2022-08-20,0.0,26.82,17.49,0.0,0.0,0.0,0.0,0.0,0.0,0.0,0.0,0.0,0.0
2022-08-21,0.0,31.36,16.03,0.0,0.0,0.0,0.0,0.0,0.0,0.0,0.0,0.0,0.0
2022-08-22,0.0,33.71,17.54,0.0,0.0,0.0,0.0,0.0,0.0,0.0,0.0,0.0,0.0
2022-08-23,0.0,33.59,16.17,0.0,0.0,0.0,0.0,0.0,0.0,0.0,0.0,0.0,0.0
2022-08-24,2.38,33.55,17.82,0.0,0.0,0.0,0.0,0.0,0.0,0.0,0.0,0.0,0.0
2022-08-25,0.0,33.11,15.64,0.0,0.0,0.0,0.0,0.0,0.0,0.0,0.0,0.0,0.0
2022-08-26,0.0,31.8,16.24,0.0,0.0,0.0,0.0,0.0,0.0,0.0,0.0,0.0,0.0
2022-08-27,0.0,32.99,17.01,0.0,0.0,0.0,0.0,0.0,0.0,0.0,0.0,0.0,0.0
2022-08-28,0.0,31.14,15.6,0.0,0.0,0.0,0.0,0.0,0.0,0.0,0.0,0.0,0.0
2022-08-29,0.0,33.66,15.41,0.0,0.0,0.0,0.0,0.0,0.0,0.0,0.0,0.0,0.0
2022-08-30,0.0,36.4,17.14,0.0,0.0,0.0,0.0,0.0,0.0,0.0,0.0,0.0,0.0
2022-08-31,0.0,37.56,18.39,0.0,0.0,0.0,0.0,0.0,0.0,0.0,0.0,0.0,0.0
2022-09-01,0.0,37.13,19.06,0.0,0.0,0.0,0.0,0.0,0.0,0.0,0.0,0.0,0.0
2022-09-02,0.0,35.35,16.52,0.0,0.0,0.0,0.0,0.0,0.0,0.0,0.0,0.0,0.0
2022-09-03,0.0,37.54,15.35,0.0,0.0,0.0,0.0,0.0,0.0,0.0,0.0,0.0,0.0
2022-09-04,0.0,37.69,18.01,0.0,0.0,0.0,0.0,0.0,0.0,0.0,0.0,0.0,0.0
2022-09-05,0.0,37.57,18.71,0.0,0.0,0.0,0.0,0.0,0.0,0.0,0.0,0.0,0.0
2022-09-06,0.0,39.43,19.34,0.0,0.0,0.0,0.0,0.0,0.0,0.0,0.0,0.0,0.0
2022-09-07,0.0,39.51,20.36,0.0,0.0,0.0,0.0,0.0,0.0,0.0,0.0,0.0,0.0
2022-09-08,0.0,35.31,20.42,0.0,0.0,0.0,0.0,0.0,0.0,0.0,0.0,0.0,0.0
2022-09-09,0.0,27.09,11.84,0.0,0.0,0.0,0.0,0.0,0.0,0.0,0.0,0.0,0.0
2022-09-10,0.0,27.59,11.93,0.0,0.0,0.0,0.0,0.0,0.0,0.0,0.0,0.0,0.0
2022-09-11,0.0,30.65,11.38,0.0,0.0,0.0,0.0,0.0,0.0,0.0,0.0,0.0,0.0
2022-09-12,0.0,31.66,11.4,0.0,0.0,0.0,0.0,0.0,0.0,0.0,0.0,0.0,0.0
2022-09-13,15.73,26.17,13.69,0.0,0.0,0.0,0.0,0.0,0.0,0.0,0.0,0.0,0.0
2022-09-14,2.55,20.7,14.75,0.0,0.0,0.0,0.0,0.0,0.0,0.0,0.0,0.0,0.0
2022-09-15,13.53,24.3,13.48,0.0,0.0,0.0,0.0,0.0,0.0,0.0,0.0,0.0,0.0
2022-09-16,0.0,22.28,11.66,0.0,0.0,0.0,0.0,0.0,0.0,0.0,0.0,0.0,0.0
2022-09-17,7.27,23.61,11.09,0.0,0.0,0.0,0.0,0.0,0.0,0.0,0.0,0.0,0.0
2022-09-18,0.0,29.26,12.62,0.0,0.0,0.0,0.0,0.0,0.0,0.0,0.0,0.0,0.0
2022-09-19,0.0,30.2,13.28,0.0,0.0,0.0,0.0,0.0,0.0,0.0,0.0,0.0,0.0
2022-09-20,0.0,31.8,16.05,0.0,0.0,0.0,0.0,0.0,0.0,0.0,0.0,0.0,0.0
2022-09-21,8.95,28.26,16.5,0.0,0.0,0.0,0.0,0.0,0.0,0.0,0.0,0.0,0.0
2022-09-22,0.0,21.98,11.7,0.0,0.0,0.0,0.0,0.0,0.0,0.0,0.0,0.0,0.0
2022-09-23,0.0,23.14,8.82,0.0,0.0,0.0,0.0,0.0,0.0,0.0,0.0,0.0,0.0
2022-09-24,0.0,25.73,8.19,0.0,0.0,0.0,0.0,0.0,0.0,0.0,0.0,0.0,0.0
2022-09-25,0.0,26.42,9.02,0.0,0.0,0.0,0.0,0.0,0.0,0.0,0.0,0.0,0.0
2022-09-26,0.0,27.33,11.08,0.0,0.0,0.0,0.0,0.0,0.0,0.0,0.0,0.0,0.0
2022-09-27,0.0,29.04,10.94,0.0,0.0,0.0,0.0,0.0,0.0,0.0,0.0,0.0,0.0
2022-09-28,6.37,27.78,12.97,0.0,0.0,0.0,0.0,0.0,0.0,0.0,0.0,0.0,0.0
2022-09-29,3.84,27.96,13.58,0.0,0.0,0.0,0.0,0.0,0.0,0.0,0.0,0.0,0.0
2022-09-30,0.0,20.23,9.49,0.0,0.0,0.0,0.0,0.0,0.0,0.0,0.0,0.0,0.0
2022-10-01,0.0,20.6,8.27,0.0,0.0,0.0,0.0,0.0,0.0,0.0,0.0,0.0,0.0
2022-10-02,0.0,22.17,8.74,0.0,0.0,0.0,0.0,0.0,0.0,0.0,0.0,0.0,0.0
2022-10-03,0.0,23.96,8.84,0.0,0.0,0.0,0.0,0.0,0.0,0.0,0.0,0.0,0.0
2022-10-04,0.0,23.84,8.96,0.0,0.0,0.0,0.0,0.0,0.0,0.0,0.0,0.0,0.0
2022-10-05,0.0,25.3,9.25,0.0,0.0,0.0,0.0,0.0,0.0,0.0,0.0,0.0,0.0
2022-10-06,0.0,25.26,10.09,0.0,0.0,0.0,0.0,0.0,0.0,0.0,0.0,0.0,0.0
2022-10-07,0.0,25.25,9.77,0.0,0.0,0.0,0.0,0.0,0.0,0.0,0.0,0.0,0.0
2022-10-08,0.0,25.46,9.6,0.0,0.0,0.0,0.0,0.0,0.0,0.0,0.0,0.0,0.0
2022-10-09,0.0,25.02,9.64,0.0,0.0,0.0,0.0,0.0,0.0,0.0,0.0,0.0,0.0
2022-10-10,0.0,25.17,9.5,0.0,0.0,0.0,0.0,0.0,0.0,0.0,0.0,0.0,0.0
2022-10-11,0.0,22.07,8.22,0.0,0.0,0.0,0.0,0.0,0.0,0.0,0.0,0.0,0.0
2022-10-12,0.0,21.83,6.07,0.0,0.0,0.0,0.0,0.0,0.0,0.0,0.0,0.0,0.0
2022-10-13,0.0,22.22,6.74,0.0,0.0,0.0,0.0,0.0,0.0,0.0,0.0,0.0,0.0
2022-10-14,0.0,22.92,6.98,0.0,0.0,0.0,0.0,0.0,0.0,0.0,0.0,0.0,0.0
2022-10-15,0.0,22.97,7.12,0.0,0.0,0.0,0.0,0.0,0.0,0.0,0.0,0.0,0.0
2022-10-16,0.0,23.68,9.99,0.0,0.0,0.0,0.0,0.0,0.0,0.0,0.0,0.0,0.0
2022-10-17,0.0,22.81,8.02,0.0,0.0,0.0,0.0,0.0,0.0,0.0,0.0,0.0,0.0
2022-10-18,0.0,22.16,7.12,0.0,0.0,0.0,0.0,0.0,0.0,0.0,0.0,0.0,0.0
2022-10-19,0.0,22.78,6.87,0.0,0.0,0.0,0.0,0.0,0.0,0.0,0.0,0.0,0.0
2022-10-20,0.0,22.21,5.8,0.0,0.0,0.0,0.0,0.0,0.0,0.0,0.0,0.0,0.0
2022-10-21,0.0,22.8,5.86,0.0,0.0,0.0,0.0,0.0,0.0,0.0,0.0,0.0,0.0
2022-10-22,13.14,18.18,2.79,0.0,0.0,0.0,0.0,0.0,0.0,0.0,0.0,0.0,0.0
2022-10-23,0.0,8.5,0.56,0.01016,0.02794,0.02794,0.00508,0.01016,0.02286,0.0177799999999999,0.0127,0.00508,0.0076199999999999
2022-10-24,0.0,9.24,-1.76,0.0127,0.0355599999999999,0.0355599999999999,0.0076199999999999,0.01016,0.02794,0.02032,0.0152399999999999,0.00508,0.0076199999999999
2022-10-25,0.94,11.42,1.98,0.0127,0.0355599999999999,0.0355599999999999,0.00508,0.01016,0.02794,0.02032,0.0152399999999999,0.00508,0.0076199999999999
2022-10-26,2.13,8.17,0.32,0.0127,0.0355599999999999,0.0355599999999999,0.00508,0.0152399999999999,0.02794,0.02032,0.0152399999999999,0.0,0.0076199999999999
2022-10-27,0.0,6.92,-0.48,0.0152399999999999,0.04826,0.04826,0.01016,0.02032,0.0380999999999999,0.0304799999999999,0.02794,0.00508,0.0152399999999999
2022-10-28,0.0,12.37,-1.78,0.0152399999999999,0.0431799999999999,0.04826,0.01016,0.02032,0.0380999999999999,0.0304799999999999,0.02794,0.0,0.0152399999999999
2022-10-29,0.0,13.67,-1.39,0.02286,0.0431799999999999,0.0508,0.01016,0.02032,0.0380999999999999,0.0304799999999999,0.02794,0.0,0.0152399999999999
2022-10-30,0.0,15.07,-0.88,0.02286,0.0431799999999999,0.0508,0.01016,0.0254,0.0380999999999999,0.0304799999999999,0.02794,0.0,0.0152399999999999
2022-10-31,0.0,14.94,0.21,0.02286,0.0431799999999999,0.0508,0.01016,0.0152399999999999,0.0380999999999999,0.0304799999999999,0.02794,0.0,0.0152399999999999
2022-11-01,0.0,17.29,3.07,0.0254,0.04826,0.0508,0.01016,0.01016,0.0380999999999999,0.0304799999999999,0.02794,0.0,0.0152399999999999
2022-11-02,17.06,10.32,-0.68,0.0254,0.04826,0.0508,0.01016,0.0,0.0380999999999999,0.0304799999999999,0.02794,0.0,0.0152399999999999
2022-11-03,0.0,6.18,-2.98,0.04064,0.0711199999999999,0.08128,0.02794,0.02032,0.05588,0.0609599999999999,0.0355599999999999,0.0177799999999999,0.0254
2022-11-04,3.1,5.18,-4.89,0.04064,0.0711199999999999,0.08128,0.02794,0.02032,0.05588,0.0609599999999999,0.0355599999999999,0.0177799999999999,0.0254
2022-11-05,9.63,6.66,-1.38,0.04064,0.0736599999999999,0.0838199999999999,0.02794,0.02032,0.05588,0.0609599999999999,0.0355599999999999,0.0177799999999999,0.02794
2022-11-06,0.0,10.76,1.17,0.0584199999999999,0.09144,0.10668,0.04572,0.05334,0.0761999999999999,0.0736599999999999,0.0736599999999999,0.02032,0.04826
2022-11-07,0.0,13.53,3.34,0.0584199999999999,0.09398,0.10668,0.04572,0.0584199999999999,0.0761999999999999,0.07874,0.0736599999999999,0.02032,0.0508
2022-11-08,26.84,10.17,1.38,0.0584199999999999,0.09398,0.10668,0.04572,0.0584199999999999,0.0761999999999999,0.08128,0.0736599999999999,0.0152399999999999,0.05334
2022-11-09,11.44,7.04,-0.62,0.0609599999999999,0.09652,0.10668,0.04572,0.0736599999999999,0.0838199999999999,0.12446,0.0736599999999999,0.0076199999999999,0.06604
2022-11-10,0.0,2.62,-3.19,0.06858,0.11176,0.1219199999999999,0.0508,0.1143,0.1016,0.1473199999999999,0.0863599999999999,0.02032,0.0838199999999999
2022-11-11,0.0,2.79,-7.52,0.06858,0.11176,0.1219199999999999,0.0508,0.1143,0.1016,0.1473199999999999,0.0863599999999999,0.02032,0.0838199999999999
2022-11-12,0.0,3.34,-7.02,0.06858,0.11176,0.1219199999999999,0.0508,0.1143,0.1016,0.1473199999999999,0.0863599999999999,0.02032,0.0838199999999999
2022-11-13,0.0,3.98,-6.9,0.06858,0.11176,0.1219199999999999,0.0508,0.1143,0.1016,0.1473199999999999,0.0863599999999999,0.02032,0.0838199999999999
2022-11-14,0.0,2.96,-6.88,0.06858,0.11176,0.1219199999999999,0.0508,0.1143,0.1016,0.1473199999999999,0.0863599999999999,0.02032,0.0838199999999999
2022-11-15,0.0,3.46,-8.51,0.06858,0.11176,0.1219199999999999,0.0508,0.1143,0.1016,0.1473199999999999,0.0863599999999999,0.02032,0.0838199999999999
2022-11-16,0.0,4.41,-7.87,0.06858,0.11176,0.1219199999999999,0.0508,0.1143,0.1016,0.1473199999999999,0.0863599999999999,0.02032,0.0838199999999999
2022-11-17,0.0,5.61,-7.4,0.06858,0.11176,0.1219199999999999,0.0508,0.1143,0.1016,0.1473199999999999,0.0863599999999999,0.02032,0.0838199999999999
2022-11-18,0.0,2.96,-6.73,0.06858,0.11176,0.1219199999999999,0.0508,0.1143,0.1016,0.1473199999999999,0.0863599999999999,0.02032,0.0838199999999999
2022-11-19,0.0,2.34,-8.83,0.06858,0.11176,0.1219199999999999,0.0508,0.1143,0.1016,0.1473199999999999,0.0863599999999999,0.02032,0.0838199999999999
2022-11-20,0.0,3.89,-7.67,0.06858,0.11176,0.1219199999999999,0.0508,0.1143,0.1016,0.1473199999999999,0.0863599999999999,0.02032,0.0838199999999999
2022-11-21,0.0,5.58,-6.51,0.06858,0.11176,0.1219199999999999,0.0508,0.1143,0.1016,0.1473199999999999,0.0863599999999999,0.02032,0.0838199999999999
2022-11-22,0.0,5.54,-5.51,0.06858,0.11176,0.1219199999999999,0.0508,0.1143,0.1016,0.1473199999999999,0.0863599999999999,0.02032,0.0838199999999999
2022-11-23,0.0,5.6,-4.42,0.06858,0.11176,0.1219199999999999,0.0508,0.1143,0.1016,0.1473199999999999,0.0863599999999999,0.02032,0.0863599999999999
2022-11-24,0.0,6.15,-5.45,0.0761999999999999,0.1219199999999999,0.127,0.05588,0.1143,0.1016,0.1473199999999999,0.0863599999999999,0.02286,0.0863599999999999
2022-11-25,0.0,7.17,-4.26,0.0761999999999999,0.1219199999999999,0.127,0.05588,0.1143,0.1016,0.1523999999999999,0.0863599999999999,0.02286,0.0863599999999999
2022-11-26,2.75,4.51,-4.06,0.0761999999999999,0.1219199999999999,0.127,0.05588,0.1143,0.1041399999999999,0.1523999999999999,0.0863599999999999,0.02286,0.0863599999999999
2022-11-27,0.0,6.28,-1.85,0.0761999999999999,0.1219199999999999,0.12954,0.05588,0.1143,0.1041399999999999,0.1523999999999999,0.0863599999999999,0.02286,0.0888999999999999
2022-11-28,8.92,5.04,-3.3,0.0761999999999999,0.1219199999999999,0.12954,0.05588,0.1143,0.1041399999999999,0.1523999999999999,0.0863599999999999,0.02286,0.0888999999999999
2022-11-29,0.0,-0.79,-7.93,0.0761999999999999,0.1397,0.1397,0.0584199999999999,0.13716,0.1219199999999999,0.1651,0.1041399999999999,0.03302,0.1016
2022-11-30,0.0,5.22,-8.15,0.0761999999999999,0.1422399999999999,0.1473199999999999,0.0584199999999999,0.1397,0.12954,0.1651,0.11176,0.03302,0.1016
2022-12-01,8.03,9.23,0.07,0.0838199999999999,0.14986,0.14986,0.0635,0.1422399999999999,0.12954,0.1727199999999999,0.11176,0.03302,0.1041399999999999
2022-12-02,0.0,5.34,-7.93,0.09398,0.1523999999999999,0.1523999999999999,0.06604,0.14478,0.12954,0.1803399999999999,0.11176,0.0380999999999999,0.10922
2022-12-03,0.0,1.15,-9.05,0.09398,0.16002,0.15748,0.0736599999999999,0.15748,0.1422399999999999,0.18542,0.11938,0.0431799999999999,0.1143
2022-12-04,6.31,3.64,-4.17,0.1041399999999999,0.1676399999999999,0.16256,0.0838199999999999,0.16002,0.1422399999999999,0.1905,0.11938,0.0431799999999999,0.1168399999999999
2022-12-05,0.0,3.5,-3.25,0.10922,0.17526,0.1676399999999999,0.0888999999999999,0.1676399999999999,0.1473199999999999,0.19812,0.11938,0.04572,0.1219199999999999
2022-12-06,0.0,1.81,-7.37,0.11176,0.17526,0.1676399999999999,0.09144,0.1676399999999999,0.1473199999999999,0.2032,0.11938,0.04572,0.1219199999999999
2022-12-07,2.56,0.56,-7.1,0.11176,0.17526,0.1676399999999999,0.09144,0.1676399999999999,0.1473199999999999,0.2032,0.11938,0.04572,0.1219199999999999
2022-12-08,0.0,4.03,-5.32,0.11938,0.18288,0.17526,0.1016,0.1676399999999999,0.14986,0.2057399999999999,0.1219199999999999,0.04572,0.1219199999999999
2022-12-09,0.0,1.62,-4.8,0.11938,0.18288,0.17526,0.1016,0.1676399999999999,0.14986,0.2057399999999999,0.1219199999999999,0.04572,0.1219199999999999
2022-12-10,0.0,8.69,-4.65,0.11938,0.18288,0.1777999999999999,0.1016,0.1727199999999999,0.1523999999999999,0.2082799999999999,0.12446,0.04572,0.1219199999999999
2022-12-11,18.9,8.86,-2.25,0.1219199999999999,0.18796,0.1803399999999999,0.1016,0.1727199999999999,0.1523999999999999,0.2082799999999999,0.12446,0.04826,0.12446
2022-12-12,5.79,1.51,-3.24,0.127,0.1905,0.18288,0.11176,0.18796,0.16002,0.2336799999999999,0.13462,0.05334,0.13208
2022-12-13,8.57,-0.56,-2.95,0.127,0.19812,0.18542,0.1168399999999999,0.19558,0.1676399999999999,0.2336799999999999,0.13462,0.05588,0.13462
2022-12-14,5.99,0.37,-2.94,0.13208,0.21336,0.19812,0.12954,0.20066,0.17526,0.23622,0.13462,0.05588,0.13716
2022-12-15,2.29,-0.26,-6.72,0.13208,0.2158999999999999,0.20066,0.13208,0.2032,0.17526,0.23622,0.13462,0.0584199999999999,0.13716
2022-12-16,0.0,-2.5,-12.44,0.13208,0.21844,0.20066,0.13462,0.2032,0.1777999999999999,0.23622,0.13716,0.0584199999999999,0.13716
2022-12-17,0.0,-3.1,-12.62,0.13208,0.21844,0.20066,0.13462,0.2032,0.1777999999999999,0.23622,0.13716,0.0584199999999999,0.13716
2022-12-18,0.0,-1.74,-11.4,0.13208,0.21844,0.2032,0.13462,0.2032,0.1777999999999999,0.23622,0.13716,0.0584199999999999,0.13716
2022-12-19,0.0,0.27,-10.98,0.13208,0.2209799999999999,0.2032,0.13462,0.2032,0.1777999999999999,0.23622,0.13716,0.0584199999999999,0.13716
2022-12-20,0.0,2.52,-6.95,0.13462,0.2209799999999999,0.2032,0.13462,0.2032,0.1777999999999999,0.23622,0.13716,0.0584199999999999,0.13716
2022-12-21,0.0,5.38,-4.17,0.13462,0.2209799999999999,0.2032,0.13716,0.2032,0.1777999999999999,0.23622,0.13716,0.0584199999999999,0.13716
2022-12-22,0.0,-1.23,-11.32,0.13716,0.23622,0.21082,0.14478,0.21336,0.18288,0.25146,0.1473199999999999,0.06858,0.1473199999999999
2022-12-23,0.0,-0.97,-10.25,0.13716,0.23622,0.21336,0.14478,0.21336,0.18288,0.25146,0.1473199999999999,0.06858,0.1473199999999999
2022-12-24,0.0,2.18,-4.75,0.1397,0.23876,0.21336,0.1473199999999999,0.2158999999999999,0.18288,0.26416,0.1473199999999999,0.06858,0.1473199999999999
2022-12-25,0.0,5.93,-2.05,0.1397,0.23876,0.21336,0.1473199999999999,0.2209799999999999,0.18542,0.26416,0.1473199999999999,0.06858,0.1473199999999999
2022-12-26,0.0,9.07,-0.13,0.1397,0.2413,0.21336,0.1473199999999999,0.2209799999999999,0.18542,0.26416,0.1473199999999999,0.06858,0.14986
2022-12-27,14.18,9.14,-1.93,0.1397,0.2413,0.21336,0.1473199999999999,0.2209799999999999,0.18542,0.26416,0.1473199999999999,0.06858,0.14986
2022-12-28,1.3,3.08,-2.4,0.15748,0.2717799999999999,0.2286,0.1777999999999999,0.254,0.21844,0.28956,0.1727199999999999,0.07874,0.1727199999999999
2022-12-29,0.0,3.73,-3.94,0.16256,0.2844799999999999,0.23876,0.19558,0.25908,0.2286,0.29972,0.1803399999999999,0.08128,0.1777999999999999
2022-12-30,15.68,3.84,-2.1,0.16256,0.2844799999999999,0.23876,0.19558,0.25908,0.2286,0.29972,0.18288,0.08128,0.1777999999999999
2022-12-31,11.29,6.42,0.7,0.17526,0.30226,0.2438399999999999,0.2082799999999999,0.26416,0.2438399999999999,0.31242,0.2057399999999999,0.0888999999999999,0.18542
2023-01-01,10.41,2.31,-0.1,0.2032,0.32004,0.26162,0.2158999999999999,0.29972,0.26924,0.3454399999999999,0.2336799999999999,0.09652,0.2032
2023-01-02,1.24,0.92,-1.58,0.21336,0.3352799999999999,0.27432,0.22606,0.32512,0.2946399999999999,0.39116,0.2717799999999999,0.1143,0.2336799999999999
2023-01-03,3.13,1.64,-3.61,0.21844,0.34036,0.2819399999999999,0.2311399999999999,0.32512,0.2946399999999999,0.39624,0.27686,0.1168399999999999,0.2336799999999999
2023-01-04,0.0,3.74,-4.44,0.21844,0.34036,0.2819399999999999,0.2311399999999999,0.32512,0.2946399999999999,0.3987799999999999,0.27686,0.1168399999999999,0.2336799999999999
2023-01-05,10.43,5.41,-2.7,0.21844,0.34036,0.2819399999999999,0.2311399999999999,0.32512,0.29972,0.3987799999999999,0.27686,0.1168399999999999,0.2336799999999999
2023-01-06,10.49,3.91,-0.61,0.22352,0.3454399999999999,0.2844799999999999,0.23622,0.32512,0.30226,0.41402,0.28956,0.1219199999999999,0.23876
2023-01-07,0.0,6.58,-0.44,0.2311399999999999,0.35306,0.28702,0.2438399999999999,0.34036,0.32512,0.42672,0.32766,0.12954,0.2463799999999999
2023-01-08,0.0,7.4,-0.86,0.2311399999999999,0.35306,0.28702,0.2438399999999999,0.34036,0.32512,0.42672,0.32766,0.12954,0.2463799999999999
2023-01-09,23.06,6.38,-1.04,0.2311399999999999,0.35306,0.28702,0.2438399999999999,0.34036,0.32512,0.42672,0.32766,0.12954,0.2463799999999999
2023-01-10,28.36,9.27,0.01,0.25146,0.37846,0.2920999999999999,0.254,0.35306,0.3479799999999999,0.4419599999999999,0.36322,0.14478,0.26162
2023-01-11,0.0,5.48,-0.81,0.2717799999999999,0.4114799999999999,0.31496,0.2794,0.38608,0.37846,0.49022,0.4317999999999999,0.1676399999999999,0.28956
2023-01-12,0.0,5.81,-2.48,0.2794,0.4191,0.32004,0.28956,0.3987799999999999,0.38354,0.50292,0.45212,0.1727199999999999,0.2946399999999999
2023-01-13,0.0,6.71,-1.82,0.2819399999999999,0.42164,0.32258,0.28956,0.3987799999999999,0.38354,0.508,0.45212,0.1727199999999999,0.2946399999999999
2023-01-14,9.35,7.7,-1.54,0.2819399999999999,0.42164,0.32258,0.28956,0.3987799999999999,0.38354,0.51054,0.45212,0.1727199999999999,0.2946399999999999
2023-01-15,21.72,2.67,-1.4,0.2819399999999999,0.42164,0.32258,0.28956,0.3987799999999999,0.38354,0.51816,0.45974,0.1727199999999999,0.2946399999999999
2023-01-16,4.1,3.94,-1.36,0.2844799999999999,0.4292599999999999,0.32512,0.2946399999999999,0.4064,0.40386,0.5334,0.4826,0.1803399999999999,0.3047999999999999
2023-01-17,3.47,2.35,-2.04,0.28702,0.4317999999999999,0.32512,0.2971799999999999,0.4114799999999999,0.4064,0.55118,0.49022,0.18542,0.30988
2023-01-18,0.0,0.03,-6.66,0.28702,0.4317999999999999,0.32512,0.2971799999999999,0.41402,0.4064,0.55372,0.49022,0.18542,0.30988
2023-01-19,0.51,-0.6,-7.08,0.28702,0.4317999999999999,0.32512,0.2971799999999999,0.41402,0.4064,0.55372,0.49022,0.18542,0.30988
2023-01-20,0.0,2.29,-6.73,0.28702,0.4317999999999999,0.32766,0.2971799999999999,0.41402,0.4064,0.55372,0.4927599999999999,0.18542,0.30988
2023-01-21,0.0,-1.31,-11.02,0.28702,0.4317999999999999,0.32766,0.2971799999999999,0.41402,0.40894,0.5588,0.4927599999999999,0.18542,0.30988
2023-01-22,2.78,-3.37,-11.21,0.28956,0.43434,0.32766,0.2971799999999999,0.41402,0.40894,0.5588,0.4927599999999999,0.18542,0.30988
2023-01-23,0.0,2.34,-10.0,0.28956,0.43434,0.32766,0.2971799999999999,0.4165599999999999,0.40894,0.5588,0.4927599999999999,0.18542,0.30988
2023-01-24,3.39,-2.43,-10.46,0.28956,0.43942,0.33274,0.29972,0.4165599999999999,0.40894,0.5588,0.4952999999999999,0.18542,0.30988
2023-01-25,1.0,-1.51,-9.98,0.2920999999999999,0.4419599999999999,0.33274,0.3047999999999999,0.4165599999999999,0.40894,0.5588,0.4952999999999999,0.18542,0.30988
2023-01-26,1.79,-1.45,-9.97,0.2920999999999999,0.44704,0.33782,0.3047999999999999,0.4165599999999999,0.40894,0.5638799999999999,0.4952999999999999,0.18542,0.30988
2023-01-27,3.25,1.9,-4.84,0.2920999999999999,0.44704,0.33782,0.30734,0.4165599999999999,0.40894,0.5638799999999999,0.49784,0.18796,0.30988
2023-01-28,0.0,2.48,-3.0,0.29972,0.45212,0.33782,0.31496,0.43688,0.4241799999999999,0.5715,0.51816,0.19558,0.3175
2023-01-29,4.22,-0.82,-9.26,0.30734,0.4572,0.34036,0.31496,0.44704,0.4292599999999999,0.57658,0.52324,0.19812,0.32258
2023-01-30,0.0,-8.61,-18.16,0.30734,0.4673599999999999,0.34036,0.32004,0.4572,0.4292599999999999,0.58166,0.52832,0.2032,0.32512
2023-01-31,0.0,-6.9,-20.03,0.30734,0.4673599999999999,0.34036,0.32004,0.4572,0.4292599999999999,0.58166,0.52832,0.2032,0.32512
2023-02-01,0.0,-1.14,-14.79,0.30734,0.4673599999999999,0.34036,0.32004,0.4572,0.4292599999999999,0.58166,0.52832,0.2032,0.32512
2023-02-02,0.0,1.73,-11.35,0.30734,0.4673599999999999,0.34036,0.32004,0.4572,0.4292599999999999,0.58166,0.52832,0.2032,0.32512
2023-02-03,0.0,3.51,-8.02,0.30734,0.4673599999999999,0.34036,0.32004,0.4572,0.4292599999999999,0.58166,0.52832,0.2032,0.32512
2023-02-04,0.0,4.05,-7.77,0.30988,0.4673599999999999,0.34036,0.32512,0.4572,0.4292599999999999,0.58166,0.52832,0.2032,0.32512
2023-02-05,6.4,2.5,-5.3,0.30988,0.4673599999999999,0.3479799999999999,0.32512,0.4572,0.4292599999999999,0.58166,0.52832,0.2032,0.32512
2023-02-06,4.4,2.96,-4.62,0.30988,0.47244,0.3479799999999999,0.3302,0.4673599999999999,0.43434,0.58674,0.5308599999999999,0.2057399999999999,0.3302
2023-02-07,0.0,4.45,-7.51,0.3175,0.47752,0.35052,0.3352799999999999,0.47244,0.4419599999999999,0.59182,0.5308599999999999,0.2057399999999999,0.3302
2023-02-08,0.0,1.5,-8.4,0.3175,0.47752,0.35052,0.3352799999999999,0.47244,0.4419599999999999,0.59182,0.5308599999999999,0.2057399999999999,0.3302
2023-02-09,0.0,0.69,-11.16,0.3175,0.47752,0.35052,0.3352799999999999,0.47244,0.4419599999999999,0.59182,0.5308599999999999,0.2057399999999999,0.3302
2023-02-10,0.0,3.02,-10.54,0.3175,0.47752,0.35052,0.3352799999999999,0.47244,0.4419599999999999,0.59182,0.5308599999999999,0.2057399999999999,0.3302
2023-02-11,0.0,5.81,-6.53,0.3175,0.4800599999999999,0.35306,0.3352799999999999,0.47752,0.4419599999999999,0.59182,0.5308599999999999,0.2057399999999999,0.3302
2023-02-12,0.0,4.92,-6.77,0.3175,0.4800599999999999,0.35306,0.3352799999999999,0.47752,0.4419599999999999,0.59182,0.5308599999999999,0.2057399999999999,0.3302
2023-02-13,1.92,4.53,-8.27,0.3175,0.4800599999999999,0.35306,0.3352799999999999,0.47752,0.4419599999999999,0.59182,0.5308599999999999,0.2057399999999999,0.3302
2023-02-14,0.0,1.08,-9.5,0.3175,0.4800599999999999,0.35306,0.3352799999999999,0.47752,0.4419599999999999,0.59182,0.5308599999999999,0.2057399999999999,0.3302
2023-02-15,0.0,0.24,-10.11,0.3175,0.4800599999999999,0.35306,0.3352799999999999,0.4800599999999999,0.4445,0.59182,0.5308599999999999,0.2057399999999999,0.33274
2023-02-16,0.0,-0.16,-14.12,0.3175,0.49022,0.35306,0.3352799999999999,0.4800599999999999,0.4445,0.59182,0.5308599999999999,0.2082799999999999,0.33274
2023-02-17,0.0,1.7,-12.33,0.3175,0.49784,0.35306,0.3352799999999999,0.4800599999999999,0.4445,0.59182,0.5308599999999999,0.2082799999999999,0.33274
2023-02-18,1.34,3.8,-9.55,0.3175,0.49784,0.35306,0.3352799999999999,0.4826,0.4445,0.59182,0.5308599999999999,0.2082799999999999,0.33274
2023-02-19,0.0,6.15,-5.37,0.3175,0.49784,0.35306,0.3352799999999999,0.4826,0.4445,0.59182,0.5308599999999999,0.2082799999999999,0.33274
2023-02-20,0.0,7.77,-0.36,0.3175,0.49784,0.35306,0.3352799999999999,0.48514,0.4445,0.59182,0.5308599999999999,0.2082799999999999,0.33274
2023-02-21,24.44,5.27,-1.49,0.3175,0.49784,0.35306,0.33782,0.48514,0.4445,0.59182,0.5308599999999999,0.2082799999999999,0.33274
2023-02-22,5.4,-2.46,-7.57,0.32004,0.5257799999999999,0.36322,0.35306,0.51054,0.47244,0.61976,0.5689599999999999,0.22352,0.35052
2023-02-23,0.0,-0.2,-9.71,0.32004,0.53594,0.37338,0.3606799999999999,0.51562,0.4800599999999999,0.635,0.58166,0.2286,0.3555999999999999
2023-02-24,0.0,3.89,-7.43,0.32004,0.54102,0.37592,0.36576,0.5206999999999999,0.4800599999999999,0.65024,0.58166,0.2286,0.3581399999999999
2023-02-25,0.0,6.52,-5.41,0.32004,0.5435599999999999,0.37846,0.3682999999999999,0.5257799999999999,0.4826,0.65532,0.58166,0.2311399999999999,0.3581399999999999
2023-02-26,13.01,2.86,-4.5,0.3302,0.5461,0.381,0.37084,0.5257799999999999,0.4826,0.6578599999999999,0.5841999999999999,0.2311399999999999,0.36322
2023-02-27,8.18,5.46,-2.61,0.3302,0.54864,0.381,0.37084,0.53594,0.4876799999999999,0.6604,0.59182,0.2336799999999999,0.3682999999999999
2023-02-28,0.0,3.68,-3.99,0.3302,0.5715,0.3937,0.38608,0.55118,0.4927599999999999,0.67818,0.6095999999999999,0.2438399999999999,0.37846
2023-03-01,0.0,3.34,-3.71,0.3429,0.5841999999999999,0.40386,0.3987799999999999,0.57658,0.5054599999999999,0.6959599999999999,0.6223,0.25908,0.3937
2023-03-02,0.0,2.68,-6.55,0.3454399999999999,0.5892799999999999,0.40386,0.3987799999999999,0.57658,0.5054599999999999,0.70612,0.6248400000000001,0.25908,0.3937
2023-03-03,0.0,3.06,-5.61,0.3454399999999999,0.5892799999999999,0.40386,0.3987799999999999,0.57658,0.5054599999999999,0.70866,0.6248400000000001,0.25908,0.3937
2023-03-04,9.99,5.34,-6.69,0.3454399999999999,0.5892799999999999,0.40386,0.3987799999999999,0.58166,0.508,0.70866,0.6273799999999999,0.25908,0.3937
2023-03-05,9.96,5.25,-4.87,0.35052,0.60452,0.41402,0.4114799999999999,0.5969,0.51308,0.73152,0.64262,0.26924,0.40894
2023-03-06,0.0,3.27,-4.07,0.36576,0.6273799999999999,0.4292599999999999,0.4317999999999999,0.61214,0.5334,0.7594599999999999,0.66294,0.27686,0.41402
2023-03-07,0.0,3.16,-7.95,0.37084,0.63754,0.43942,0.43942,0.61468,0.54102,0.76962,0.66802,0.2794,0.4165599999999999
2023-03-08,5.34,2.06,-6.85,0.37084,0.63754,0.43942,0.43942,0.61468,0.54102,0.76962,0.66802,0.2794,0.4165599999999999
2023-03-09,0.0,6.77,-5.98,0.37592,0.64262,0.4445,0.4445,0.6223,0.54864,0.77724,0.67564,0.2819399999999999,0.4165599999999999
2023-03-10,4.95,10.72,-2.08,0.37846,0.64516,0.44704,0.44704,0.6273799999999999,0.55118,0.78232,0.68072,0.2844799999999999,0.42164
2023-03-11,2.49,7.02,-3.78,0.4114799999999999,0.68326,0.4749799999999999,0.4673599999999999,0.65532,0.58674,0.80772,0.7111999999999999,0.2920999999999999,0.44704
2023-03-12,4.92,5.35,-2.36,0.4114799999999999,0.68326,0.4749799999999999,0.4673599999999999,0.65532,0.5892799999999999,0.80772,0.7111999999999999,0.2920999999999999,0.44704
2023-03-13,4.67,9.89,-2.14,0.41402,0.68326,0.47752,0.47752,0.6578599999999999,0.5943599999999999,0.81534,0.7213599999999999,0.2920999999999999,0.45212
2023-03-14,9.9,15.04,1.54,0.41402,0.6858,0.47752,0.47752,0.66548,0.5943599999999999,0.81534,0.7239,0.2920999999999999,0.45212
2023-03-15,4.82,9.12,1.18,0.4191,0.6858,0.47752,0.4800599999999999,0.6705599999999999,0.5943599999999999,0.82804,0.7365999999999999,0.2844799999999999,0.4572
2023-03-16,0.0,6.13,-4.11,0.43688,0.7111999999999999,0.4927599999999999,0.49784,0.6959599999999999,0.61722,0.85344,0.75184,0.28702,0.4673599999999999
2023-03-17,0.0,6.0,-5.77,0.43688,0.7111999999999999,0.4927599999999999,0.49784,0.6959599999999999,0.61722,0.85344,0.75184,0.28702,0.4673599999999999
2023-03-18,0.0,7.63,-6.01,0.43688,0.7111999999999999,0.4952999999999999,0.49784,0.6959599999999999,0.61722,0.85344,0.75184,0.28702,0.4673599999999999
2023-03-19,6.3,11.78,-4.09,0.43688,0.7111999999999999,0.4952999999999999,0.49784,0.6959599999999999,0.61976,0.85344,0.75184,0.28702,0.4673599999999999
2023-03-20,10.7,9.33,-2.3,0.43688,0.71374,0.49784,0.49784,0.6959599999999999,0.6248400000000001,0.8585199999999998,0.75692,0.28702,0.4673599999999999
2023-03-21,3.68,9.82,-3.18,0.43942,0.7213599999999999,0.50292,0.50292,0.71374,0.63754,0.8712199999999999,0.7746999999999999,0.28702,0.47752
2023-03-22,20.32,5.83,-0.8,0.4445,0.72898,0.508,0.5054599999999999,0.7213599999999999,0.64516,0.8839199999999999,0.7797799999999999,0.28702,0.4826
2023-03-23,8.85,7.98,-0.16,0.44958,0.7365999999999999,0.51308,0.51054,0.72898,0.6578599999999999,0.90678,0.8000999999999999,0.28956,0.4876799999999999
2023-03-24,11.78,3.94,-3.86,0.45212,0.74676,0.5206999999999999,0.51816,0.74676,0.67818,0.9220199999999998,0.8229599999999999,0.29972,0.51054
2023-03-25,3.75,1.88,-5.68,0.4673599999999999,0.78232,0.54864,0.5334,0.76454,0.6959599999999999,0.93218,0.8382,0.30988,0.51816
2023-03-26,14.77,1.9,-7.94,0.4749799999999999,0.78232,0.54864,0.54102,0.7746999999999999,0.70358,0.93472,0.8509,0.31242,0.52324
2023-03-27,13.14,2.83,-6.98,0.4749799999999999,0.78232,0.54864,0.54102,0.77724,0.7162799999999999,0.93726,0.86614,0.3175,0.5257799999999999
2023-03-28,0.0,11.74,-7.54,0.4876799999999999,0.7975599999999999,0.5588,0.55118,0.7874,0.7365999999999999,0.9398,0.89916,0.32512,0.5257799999999999
2023-03-29,24.65,13.4,-2.51,0.4876799999999999,0.7975599999999999,0.5588,0.55118,0.7874,0.7365999999999999,0.9398,0.89916,0.32512,0.5257799999999999
2023-03-30,33.03,5.85,-0.08,0.49784,0.80264,0.56642,0.55626,0.79502,0.75692,0.9525,0.9144,0.3302,0.54102
2023-03-31,6.69,7.7,-1.36,0.50292,0.81534,0.57658,0.5689599999999999,0.80772,0.77724,0.96012,0.92964,0.33274,0.5461
2023-04-01,0.0,11.52,-1.98,0.508,0.8255,0.5892799999999999,0.57912,0.83058,0.8128,0.97282,0.98044,0.33782,0.55118
2023-04-02,13.9,6.43,-0.79,0.51308,0.8255,0.5892799999999999,0.58166,0.8331199999999999,0.8128,0.97282,0.98044,0.33274,0.55118
2023-04-03,10.27,1.94,-3.07,0.51308,0.83566,0.5943599999999999,0.58166,0.8610599999999999,0.8204199999999999,0.97282,0.99314,0.34036,0.5689599999999999
2023-04-04,20.51,0.67,-4.39,0.5257799999999999,0.8585199999999998,0.6223,0.5943599999999999,0.889,0.8610599999999999,0.9906,1.0287,0.3606799999999999,0.5943599999999999
2023-04-05,0.0,4.22,-3.1,0.55118,0.889,0.64262,0.61468,0.9017,0.8864599999999999,1.0033,1.0490199999999998,0.3606799999999999,0.5969
2023-04-06,0.0,7.49,-6.48,0.55118,0.8966199999999999,0.64262,0.61976,0.90424,0.8966199999999999,1.0033,1.0617199999999998,0.3606799999999999,0.5969
2023-04-07,0.0,12.57,-3.02,0.55626,0.89916,0.64262,0.61976,0.90424,0.8966199999999999,1.0033,1.0617199999999998,0.3606799999999999,0.5969
2023-04-08,0.0,15.81,-0.13,0.5588,0.89916,0.64262,0.61976,0.90424,0.8966199999999999,1.0033,1.05918,0.3606799999999999,0.5969
2023-04-09,0.0,17.32,1.41,0.55118,0.89916,0.64008,0.61976,0.90424,0.889,1.0033,1.0515599999999998,0.3555999999999999,0.5943599999999999
2023-04-10,0.0,20.77,3.05,0.5461,0.89916,0.63754,0.61468,0.89154,0.87884,1.0033,1.0490199999999998,0.3454399999999999,0.58674
2023-04-11,0.0,24.08,6.48,0.53848,0.89408,0.62992,0.59944,0.88138,0.86868,1.0033,1.04648,0.32512,0.57912
2023-04-12,0.0,20.85,7.4,0.5257799999999999,0.88138,0.6248400000000001,0.58166,0.86614,0.8559800000000001,1.0033,1.02108,0.30226,0.5638799999999999
2023-04-13,3.22,9.07,-1.0,0.51562,0.8763,0.6248400000000001,0.5638799999999999,0.8509,0.8458199999999999,1.0033,0.9906,0.2794,0.5435599999999999
2023-04-14,0.0,9.04,-1.95,0.52324,0.8763,0.6248400000000001,0.5638799999999999,0.84074,0.8483599999999999,1.0033,0.97028,0.27432,0.5435599999999999
2023-04-15,0.0,13.5,-0.34,0.5206999999999999,0.8763,0.6223,0.5638799999999999,0.84074,0.8483599999999999,1.0033,0.96774,0.27432,0.5435599999999999
2023-04-16,0.0,21.03,1.7,0.51816,0.8763,0.61976,0.5588,0.84074,0.8483599999999999,1.0033,0.96774,0.26416,0.5435599999999999
2023-04-17,0.0,20.32,3.08,0.51308,0.87376,0.61976,0.54864,0.84074,0.8483599999999999,1.0033,0.96774,0.2438399999999999,0.54102
2023-04-18,1.22,10.09,1.38,0.4876799999999999,0.8712199999999999,0.61976,0.53848,0.8382,0.8483599999999999,1.0033,0.95504,0.2158999999999999,0.53848
2023-04-19,0.0,6.73,-2.84,0.4927599999999999,0.8712199999999999,0.6223,0.53594,0.8458199999999999,0.8610599999999999,1.00838,0.96266,0.2209799999999999,0.54102
2023-04-20,0.0,6.79,-1.51,0.5003799999999999,0.86614,0.6223,0.53594,0.8458199999999999,0.85344,1.00838,0.9525,0.21844,0.54102
2023-04-21,4.53,7.94,-0.08,0.5003799999999999,0.87376,0.6248400000000001,0.53594,0.8509,0.84328,1.00838,0.9525,0.21336,0.5435599999999999
2023-04-22,0.0,8.47,1.5,0.5003799999999999,0.8864599999999999,0.6273799999999999,0.53848,0.85344,0.85344,1.00838,0.96012,0.21082,0.53848
2023-04-23,0.0,14.23,0.09,0.5003799999999999,0.8864599999999999,0.6273799999999999,0.53848,0.85344,0.8559800000000001,1.016,0.96266,0.2082799999999999,0.53848
2023-04-24,5.42,16.49,1.5,0.5003799999999999,0.8864599999999999,0.6273799999999999,0.53848,0.85344,0.8509,1.02108,0.96266,0.19304,0.5308599999999999
2023-04-25,0.0,10.15,0.44,0.5054599999999999,0.90424,0.62992,0.5308599999999999,0.8635999999999999,0.85344,1.0287,0.97282,0.17018,0.51308
2023-04-26,0.0,16.47,0.37,0.5054599999999999,0.90932,0.6324599999999999,0.5334,0.8610599999999999,0.84328,1.0287,0.94996,0.17018,0.51308
2023-04-27,0.0,19.64,3.59,0.5003799999999999,0.90678,0.6273799999999999,0.5206999999999999,0.8585199999999998,0.83058,1.02108,0.9220199999999998,0.1523999999999999,0.508
2023-04-28,0.0,20.26,5.14,0.4673599999999999,0.9017,0.61214,0.4952999999999999,0.84328,0.83566,1.016,0.87376,0.1219199999999999,0.47752
2023-04-29,0.0,24.75,4.92,0.44958,0.9017,0.5841999999999999,0.4699,0.8229599999999999,0.81534,0.9906,0.8255,0.09398,0.45974
2023-04-30,0.0,27.85,8.48,0.4241799999999999,0.89916,0.5613400000000001,0.43688,0.8000999999999999,0.76454,0.9220199999999998,0.7797799999999999,0.04826,0.42672
2023-05-01,0.0,28.9,11.57,0.39116,0.89408,0.5334,0.4064,0.76962,0.70358,0.8712199999999999,0.73152,0.02032,0.39624
2023-05-02,0.0,25.49,11.16,0.3682999999999999,0.8712199999999999,0.50292,0.37592,0.74168,0.64516,0.8635999999999999,0.6883400000000001,0.0076199999999999,0.37338
2023-05-03,0.0,25.52,9.06,0.35306,0.84074,0.4826,0.35306,0.7213599999999999,0.59944,0.85344,0.6527799999999999,0.0,0.3555999999999999
2023-05-04,0.0,20.53,7.59,0.32766,0.8229599999999999,0.4572,0.3352799999999999,0.6985,0.55626,0.84328,0.61722,0.0,0.3302
2023-05-05,6.9,15.01,6.62,0.30734,0.80772,0.4317999999999999,0.31496,0.68072,0.5206999999999999,0.84328,0.5892799999999999,0.0,0.30734
2023-05-06,3.45,14.82,4.64,0.29972,0.7975599999999999,0.4165599999999999,0.3047999999999999,0.6604,0.50292,0.8458199999999999,0.56642,0.0,0.2971799999999999
2023-05-07,0.0,16.16,2.79,0.29972,0.79248,0.40386,0.29972,0.66294,0.4927599999999999,0.85344,0.55626,0.0,0.2946399999999999
2023-05-08,0.0,21.02,5.03,0.29972,0.79502,0.4064,0.28956,0.66294,0.48514,0.85344,0.53594,0.0,0.2819399999999999
2023-05-09,0.0,20.84,4.53,0.2819399999999999,0.78994,0.3937,0.27686,0.65024,0.4572,0.85344,0.508,0.0,0.25908
2023-05-10,0.0,19.8,7.39,0.26162,0.76962,0.37338,0.254,0.61468,0.4114799999999999,0.8483599999999999,0.46482,0.0,0.2336799999999999
2023-05-11,0.0,21.75,4.37,0.24892,0.75184,0.35052,0.23622,0.59182,0.38608,0.8458199999999999,0.4445,0.0,0.21336
2023-05-12,0.0,22.81,7.2,0.22606,0.7365999999999999,0.3302,0.21336,0.5638799999999999,0.35306,0.8382,0.40894,0.0,0.18288
2023-05-13,2.34,21.68,9.7,0.2082799999999999,0.70612,0.30734,0.19558,0.5334,0.31242,0.8229599999999999,0.37338,0.0,0.15494
2023-05-14,2.13,21.59,10.38,0.18288,0.6858,0.28956,0.1676399999999999,0.4952999999999999,0.2819399999999999,0.81534,0.3479799999999999,0.0,0.10668
2023-05-15,1.11,25.18,9.55,0.15748,0.66548,0.26162,0.1397,0.4673599999999999,0.2413,0.78232,0.32512,0.0,0.07874
2023-05-16,0.0,28.61,11.91,0.1219199999999999,0.635,0.2286,0.1143,0.4317999999999999,0.18796,0.75692,0.2463799999999999,0.0,0.0380999999999999
2023-05-17,0.0,26.49,10.45,0.0888999999999999,0.60198,0.20066,0.0838199999999999,0.39624,0.13716,0.73152,0.1727199999999999,0.0,0.0
2023-05-18,0.0,26.35,10.48,0.0584199999999999,0.5689599999999999,0.17018,0.0584199999999999,0.3682999999999999,0.0863599999999999,0.70866,0.1143,0.0,0.0
2023-05-19,0.0,25.55,10.58,0.0304799999999999,0.54864,0.1473199999999999,0.0304799999999999,0.34036,0.0508,0.68326,0.06604,0.0,0.0
2023-05-20,0.0,27.07,11.34,0.01016,0.51816,0.10922,0.01016,0.31496,0.0254,0.65532,0.0304799999999999,0.0,0.0
2023-05-21,0.0,28.22,11.88,0.0076199999999999,0.49022,0.0761999999999999,0.0,0.2844799999999999,0.0127,0.61976,0.00508,0.0,0.0
2023-05-22,2.3,27.18,13.09,0.0,0.44958,0.03302,0.0,0.25908,0.0,0.59182,0.0,0.0,0.0
2023-05-23,0.95,28.86,12.59,0.0,0.4165599999999999,0.0,0.0,0.21844,0.0,0.5588,0.0,0.0,0.0
2023-05-24,0.73,26.61,10.46,0.0,0.38354,0.0,0.0,0.1777999999999999,0.0,0.5257799999999999,0.0,0.0,0.0
2023-05-25,0.47,26.01,9.6,0.0,0.35306,0.0,0.0,0.14478,0.0,0.4952999999999999,0.0,0.0,0.0
2023-05-26,0.54,23.86,11.06,0.0,0.32512,0.0,0.0,0.11176,0.0,0.4673599999999999,0.0,0.0,0.0
2023-05-27,0.0,22.68,9.84,0.0,0.31242,0.0,0.0,0.0888999999999999,0.0,0.44958,0.0,0.0,0.0
2023-05-28,0.0,22.54,9.56,0.0,0.2920999999999999,0.0,0.0,0.04572,0.0,0.4317999999999999,0.0,0.0,0.0
2023-05-29,0.0,26.0,11.13,0.0,0.26416,0.0,0.0,0.00508,0.0,0.40386,0.0,0.0,0.0
2023-05-30,0.0,29.03,10.61,0.0,0.2311399999999999,0.0,0.0,0.0,0.0,0.3682999999999999,0.0,0.0,0.0
2023-05-31,0.0,26.64,11.16,0.0,0.19304,0.0,0.0,0.0,0.0,0.33274,0.0,0.0,0.0
2023-06-01,0.0,23.13,10.87,0.0,0.16256,0.0,0.0,0.0,0.0,0.30734,0.0,0.0,0.0
2023-06-02,0.0,21.94,10.26,0.0,0.1473199999999999,0.0,0.0,0.0,0.0,0.2844799999999999,0.0,0.0,0.0
2023-06-03,0.0,23.72,10.78,0.0,0.13716,0.0,0.0,0.0,0.0,0.26162,0.0,0.0,0.0
2023-06-04,0.0,25.04,11.51,0.0,0.10668,0.0,0.0,0.0,0.0,0.2438399999999999,0.0,0.0,0.0
2023-06-05,0.0,27.44,10.06,0.0,0.0761999999999999,0.0,0.0,0.0,0.0,0.2082799999999999,0.0,0.0,0.0
2023-06-06,1.82,29.63,13.06,0.0,0.0431799999999999,0.0,0.0,0.0,0.0,0.1803399999999999,0.0,0.0,0.0
2023-06-07,0.32,26.34,14.08,0.0,0.01016,0.0,0.0,0.0,0.0,0.13462,0.0,0.0,0.0
2023-06-08,1.91,25.64,12.11,0.0,0.0,0.0,0.0,0.0,0.0,0.0838199999999999,0.0,0.0,0.0
2023-06-09,0.0,26.41,10.49,0.0,0.0,0.0,0.0,0.0,0.0,0.0609599999999999,0.0,0.0,0.0
2023-06-10,0.0,26.82,11.05,0.0,0.0,0.0,0.0,0.0,0.0,0.04064,0.0,0.0,0.0
2023-06-11,0.0,26.96,11.99,0.0,0.0,0.0,0.0,0.0,0.0,0.02794,0.0,0.0,0.0
2023-06-12,0.0,23.41,11.87,0.0,0.0,0.0,0.0,0.0,0.0,0.02032,0.0,0.0,0.0
2023-06-13,0.0,23.18,11.11,0.0,0.0,0.0,0.0,0.0,0.0,0.0127,0.0,0.0,0.0
2023-06-14,5.27,24.93,13.01,0.0,0.0,0.0,0.0,0.0,0.0,0.01016,0.0,0.0,0.0
2023-06-15,2.18,22.9,12.78,0.0,0.0,0.0,0.0,0.0,0.0,0.0,0.0,0.0,0.0
2023-06-16,0.0,23.02,8.56,0.0,0.0,0.0,0.0,0.0,0.0,0.0,0.0,0.0,0.0
2023-06-17,0.0,25.87,10.93,0.0,0.0,0.0,0.0,0.0,0.0,0.0,0.0,0.0,0.0
2023-06-18,0.71,25.22,13.42,0.0,0.0,0.0,0.0,0.0,0.0,0.0,0.0,0.0,0.0
2023-06-19,1.17,28.16,11.98,0.0,0.0,0.0,0.0,0.0,0.0,0.0,0.0,0.0,0.0
2023-06-20,0.0,21.76,10.13,0.0,0.0,0.0,0.0,0.0,0.0,0.0,0.0,0.0,0.0
2023-06-21,0.0,23.5,9.93,0.0,0.0,0.0,0.0,0.0,0.0,0.0,0.0,0.0,0.0
2023-06-22,0.0,29.34,9.48,0.0,0.0,0.0,0.0,0.0,0.0,0.0,0.0,0.0,0.0
2023-06-23,0.0,28.04,13.44,0.0,0.0,0.0,0.0,0.0,0.0,0.0,0.0,0.0,0.0
2023-06-24,0.0,28.61,9.98,0.0,0.0,0.0,0.0,0.0,0.0,0.0,0.0,0.0,0.0
2023-06-25,0.0,32.75,12.2,0.0,0.0,0.0,0.0,0.0,0.0,0.0,0.0,0.0,0.0
2023-06-26,0.0,30.98,13.48,0.0,0.0,0.0,0.0,0.0,0.0,0.0,0.0,0.0,0.0
2023-06-27,0.0,28.12,14.5,0.0,0.0,0.0,0.0,0.0,0.0,0.0,0.0,0.0,0.0
2023-06-28,0.0,27.51,13.36,0.0,0.0,0.0,0.0,0.0,0.0,0.0,0.0,0.0,0.0
2023-06-29,0.0,26.67,13.4,0.0,0.0,0.0,0.0,0.0,0.0,0.0,0.0,0.0,0.0
2023-06-30,0.0,30.51,13.63,0.0,0.0,0.0,0.0,0.0,0.0,0.0,0.0,0.0,0.0
2023-07-01,0.0,33.13,16.05,0.0,0.0,0.0,0.0,0.0,0.0,0.0,0.0,0.0,0.0
2023-07-02,0.0,34.35,17.91,0.0,0.0,0.0,0.0,0.0,0.0,0.0,0.0,0.0,0.0
2023-07-03,2.52,36.15,17.72,0.0,0.0,0.0,0.0,0.0,0.0,0.0,0.0,0.0,0.0
2023-07-04,0.0,29.56,18.02,0.0,0.0,0.0,0.0,0.0,0.0,0.0,0.0,0.0,0.0
2023-07-05,0.0,30.82,15.42,0.0,0.0,0.0,0.0,0.0,0.0,0.0,0.0,0.0,0.0
2023-07-06,0.0,31.3,16.93,0.0,0.0,0.0,0.0,0.0,0.0,0.0,0.0,0.0,0.0
2023-07-07,0.0,33.56,16.19,0.0,0.0,0.0,0.0,0.0,0.0,0.0,0.0,0.0,0.0
2023-07-08,0.0,33.96,18.78,0.0,0.0,0.0,0.0,0.0,0.0,0.0,0.0,0.0,0.0
2023-07-09,0.0,34.47,17.23,0.0,0.0,0.0,0.0,0.0,0.0,0.0,0.0,0.0,0.0
2023-07-10,0.0,33.62,20.53,0.0,0.0,0.0,0.0,0.0,0.0,0.0,0.0,0.0,0.0
2023-07-11,0.0,34.03,15.53,0.0,0.0,0.0,0.0,0.0,0.0,0.0,0.0,0.0,0.0
2023-07-12,0.0,33.75,15.97,0.0,0.0,0.0,0.0,0.0,0.0,0.0,0.0,0.0,0.0
2023-07-13,0.0,33.06,16.32,0.0,0.0,0.0,0.0,0.0,0.0,0.0,0.0,0.0,0.0
2023-07-14,0.0,31.91,14.9,0.0,0.0,0.0,0.0,0.0,0.0,0.0,0.0,0.0,0.0
2023-07-15,0.0,34.78,15.84,0.0,0.0,0.0,0.0,0.0,0.0,0.0,0.0,0.0,0.0
2023-07-16,0.0,38.99,18.28,0.0,0.0,0.0,0.0,0.0,0.0,0.0,0.0,0.0,0.0
2023-07-17,0.0,37.95,20.82,0.0,0.0,0.0,0.0,0.0,0.0,0.0,0.0,0.0,0.0
2023-07-18,0.0,35.57,21.63,0.0,0.0,0.0,0.0,0.0,0.0,0.0,0.0,0.0,0.0
2023-07-19,5.5,34.7,18.59,0.0,0.0,0.0,0.0,0.0,0.0,0.0,0.0,0.0,0.0
2023-07-20,0.0,32.92,18.43,0.0,0.0,0.0,0.0,0.0,0.0,0.0,0.0,0.0,0.0
2023-07-21,0.0,37.16,20.21,0.0,0.0,0.0,0.0,0.0,0.0,0.0,0.0,0.0,0.0
2023-07-22,0.0,39.15,20.62,0.0,0.0,0.0,0.0,0.0,0.0,0.0,0.0,0.0,0.0
2023-07-23,0.0,39.08,22.22,0.0,0.0,0.0,0.0,0.0,0.0,0.0,0.0,0.0,0.0
2023-07-24,2.07,35.89,20.79,0.0,0.0,0.0,0.0,0.0,0.0,0.0,0.0,0.0,0.0
2023-07-25,0.0,34.61,16.41,0.0,0.0,0.0,0.0,0.0,0.0,0.0,0.0,0.0,0.0
2023-07-26,0.0,34.68,18.54,0.0,0.0,0.0,0.0,0.0,0.0,0.0,0.0,0.0,0.0
2023-07-27,0.0,36.81,20.77,0.0,0.0,0.0,0.0,0.0,0.0,0.0,0.0,0.0,0.0
2023-07-28,0.0,37.34,19.04,0.0,0.0,0.0,0.0,0.0,0.0,0.0,0.0,0.0,0.0
2023-07-29,0.0,36.69,18.62,0.0,0.0,0.0,0.0,0.0,0.0,0.0,0.0,0.0,0.0
2023-07-30,0.0,36.45,20.53,0.0,0.0,0.0,0.0,0.0,0.0,0.0,0.0,0.0,0.0
2023-07-31,0.0,34.51,21.54,0.0,0.0,0.0,0.0,0.0,0.0,0.0,0.0,0.0,0.0
2023-08-01,3.29,31.47,20.19,0.0,0.0,0.0,0.0,0.0,0.0,0.0,0.0,0.0,0.0
2023-08-02,18.89,25.48,15.61,0.0,0.0,0.0,0.0,0.0,0.0,0.0,0.0,0.0,0.0
2023-08-03,9.46,24.86,15.04,0.0,0.0,0.0,0.0,0.0,0.0,0.0,0.0,0.0,0.0
2023-08-04,0.0,28.12,13.99,0.0,0.0,0.0,0.0,0.0,0.0,0.0,0.0,0.0,0.0
2023-08-05,0.0,29.84,15.21,0.0,0.0,0.0,0.0,0.0,0.0,0.0,0.0,0.0,0.0
2023-08-06,0.0,29.42,17.49,0.0,0.0,0.0,0.0,0.0,0.0,0.0,0.0,0.0,0.0
2023-08-07,0.0,28.91,15.38,0.0,0.0,0.0,0.0,0.0,0.0,0.0,0.0,0.0,0.0
2023-08-08,0.0,24.92,15.76,0.0,0.0,0.0,0.0,0.0,0.0,0.0,0.0,0.0,0.0
2023-08-09,0.0,29.2,12.53,0.0,0.0,0.0,0.0,0.0,0.0,0.0,0.0,0.0,0.0
2023-08-10,0.0,31.55,15.83,0.0,0.0,0.0,0.0,0.0,0.0,0.0,0.0,0.0,0.0
2023-08-11,0.0,32.74,16.86,0.0,0.0,0.0,0.0,0.0,0.0,0.0,0.0,0.0,0.0
2023-08-12,0.0,32.6,18.37,0.0,0.0,0.0,0.0,0.0,0.0,0.0,0.0,0.0,0.0
2023-08-13,0.0,32.42,17.78,0.0,0.0,0.0,0.0,0.0,0.0,0.0,0.0,0.0,0.0
2023-08-14,0.0,33.8,18.02,0.0,0.0,0.0,0.0,0.0,0.0,0.0,0.0,0.0,0.0
2023-08-15,0.0,34.15,17.63,0.0,0.0,0.0,0.0,0.0,0.0,0.0,0.0,0.0,0.0
2023-08-16,0.0,33.03,18.36,0.0,0.0,0.0,0.0,0.0,0.0,0.0,0.0,0.0,0.0
2023-08-17,0.62,35.2,19.77,0.0,0.0,0.0,0.0,0.0,0.0,0.0,0.0,0.0,0.0
2023-08-18,0.0,34.15,20.09,0.0,0.0,0.0,0.0,0.0,0.0,0.0,0.0,0.0,0.0
2023-08-19,1.39,30.49,19.55,0.0,0.0,0.0,0.0,0.0,0.0,0.0,0.0,0.0,0.0
2023-08-20,1.97,27.96,17.21,0.0,0.0,0.0,0.0,0.0,0.0,0.0,0.0,0.0,0.0
2023-08-21,1.78,28.26,17.55,0.0,0.0,0.0,0.0,0.0,0.0,0.0,0.0,0.0,0.0
2023-08-22,7.72,22.46,15.62,0.0,0.0,0.0,0.0,0.0,0.0,0.0,0.0,0.0,0.0
2023-08-23,1.49,29.29,13.52,0.0,0.0,0.0,0.0,0.0,0.0,0.0,0.0,0.0,0.0
2023-08-24,0.0,30.99,15.84,0.0,0.0,0.0,0.0,0.0,0.0,0.0,0.0,0.0,0.0
2023-08-25,0.0,31.41,16.0,0.0,0.0,0.0,0.0,0.0,0.0,0.0,0.0,0.0,0.0
2023-08-26,2.75,32.6,19.37,0.0,0.0,0.0,0.0,0.0,0.0,0.0,0.0,0.0,0.0
2023-08-27,0.0,31.44,17.23,0.0,0.0,0.0,0.0,0.0,0.0,0.0,0.0,0.0,0.0
2023-08-28,0.0,33.63,16.54,0.0,0.0,0.0,0.0,0.0,0.0,0.0,0.0,0.0,0.0
2023-08-29,0.0,36.82,16.42,0.0,0.0,0.0,0.0,0.0,0.0,0.0,0.0,0.0,0.0
2023-08-30,0.0,29.98,14.14,0.0,0.0,0.0,0.0,0.0,0.0,0.0,0.0,0.0,0.0
2023-08-31,0.0,32.21,11.7,0.0,0.0,0.0,0.0,0.0,0.0,0.0,0.0,0.0,0.0
2023-09-01,0.0,26.98,16.71,0.0,0.0,0.0,0.0,0.0,0.0,0.0,0.0,0.0,0.0
2023-09-02,0.0,27.74,16.94,0.0,0.0,0.0,0.0,0.0,0.0,0.0,0.0,0.0,0.0
2023-09-03,13.05,28.13,14.76,0.0,0.0,0.0,0.0,0.0,0.0,0.0,0.0,0.0,0.0
2023-09-04,23.01,19.87,11.38,0.0,0.0,0.0,0.0,0.0,0.0,0.0,0.0,0.0,0.0
2023-09-05,0.0,25.03,9.82,0.0,0.0,0.0,0.0,0.0,0.0,0.0,0.0,0.0,0.0
2023-09-06,0.0,26.92,9.76,0.0,0.0,0.0,0.0,0.0,0.0,0.0,0.0,0.0,0.0
2023-09-07,0.0,29.29,12.22,0.0,0.0,0.0,0.0,0.0,0.0,0.0,0.0,0.0,0.0
2023-09-08,0.0,30.12,14.05,0.0,0.0,0.0,0.0,0.0,0.0,0.0,0.0,0.0,0.0
2023-09-09,0.0,29.45,12.14,0.0,0.0,0.0,0.0,0.0,0.0,0.0,0.0,0.0,0.0
2023-09-10,0.0,28.44,13.65,0.0,0.0,0.0,0.0,0.0,0.0,0.0,0.0,0.0,0.0
2023-09-11,0.0,28.36,12.64,0.0,0.0,0.0,0.0,0.0,0.0,0.0,0.0,0.0,0.0
2023-09-12,0.0,27.61,13.09,0.0,0.0,0.0,0.0,0.0,0.0,0.0,0.0,0.0,0.0
2023-09-13,0.0,25.91,13.5,0.0,0.0,0.0,0.0,0.0,0.0,0.0,0.0,0.0,0.0
2023-09-14,0.0,25.01,10.6,0.0,0.0,0.0,0.0,0.0,0.0,0.0,0.0,0.0,0.0
2023-09-15,0.0,26.21,11.36,0.0,0.0,0.0,0.0,0.0,0.0,0.0,0.0,0.0,0.0
2023-09-16,0.0,27.27,10.64,0.0,0.0,0.0,0.0,0.0,0.0,0.0,0.0,0.0,0.0
2023-09-17,0.0,28.92,10.98,0.0,0.0,0.0,0.0,0.0,0.0,0.0,0.0,0.0,0.0
2023-09-18,0.0,28.92,12.54,0.0,0.0,0.0,0.0,0.0,0.0,0.0,0.0,0.0,0.0
2023-09-19,0.0,27.27,13.47,0.0,0.0,0.0,0.0,0.0,0.0,0.0,0.0,0.0,0.0
2023-09-20,6.7,26.9,12.39,0.0,0.0,0.0,0.0,0.0,0.0,0.0,0.0,0.0,0.0
2023-09-21,18.38,17.63,9.39,0.0,0.0,0.0,0.0,0.0,0.0,0.0,0.0,0.0,0.0
2023-09-22,5.76,16.07,7.45,0.0,0.0,0.0,0.0,0.0,0.0,0.0,0.0,0.0,0.0
2023-09-23,0.0,19.69,4.84,0.0,0.0,0.0,0.0,0.0,0.0,0.0,0.0,0.0,0.0
2023-09-24,0.0,23.91,6.84,0.0,0.0,0.0,0.0,0.0,0.0,0.0,0.0,0.0,0.0
2023-09-25,0.0,27.84,8.44,0.0,0.0,0.0,0.0,0.0,0.0,0.0,0.0,0.0,0.0
2023-09-26,0.0,28.66,11.69,0.0,0.0,0.0,0.0,0.0,0.0,0.0,0.0,0.0,0.0
2023-09-27,0.0,28.41,11.95,0.0,0.0,0.0,0.0,0.0,0.0,0.0,0.0,0.0,0.0
2023-09-28,0.0,24.0,9.72,0.0,0.0,0.0,0.0,0.0,0.0,0.0,0.0,0.0,0.0
2023-09-29,0.0,25.4,7.61,0.0,0.0,0.0,0.0,0.0,0.0,0.0,0.0,0.0,0.0
2023-09-30,8.2,24.05,10.18,0.0,0.0,0.0,0.0,0.0,0.0,0.0,0.0,0.0,0.0
2023-10-01,2.8,19.85,9.01,0.0,0.0,0.0,0.0,0.0,0.0,0.0,0.0,0.0,0.0
2023-10-02,14.89,11.83,7.47,0.0,0.0,0.0,0.0,0.0,0.0,0.0,0.0,0.0,0.0
2023-10-03,5.07,11.86,7.09,0.0,0.0152399999999999,0.0,0.0,0.0,0.00508,0.0127,0.0,0.0,0.0
2023-10-04,0.0,16.94,8.84,0.0,0.0127,0.0,0.0,0.0,0.0,0.00508,0.0,0.0,0.0
2023-10-05,0.0,19.62,7.04,0.0,0.00508,0.0,0.0,0.0,0.0,0.00254,0.0,0.0,0.0
2023-10-06,0.0,20.46,6.02,0.0,0.0,0.0,0.0,0.0,0.0,0.0,0.0,0.0,0.0
2023-10-07,0.0,21.96,7.14,0.0,0.0,0.0,0.0,0.0,0.0,0.0,0.0,0.0,0.0
2023-10-08,0.0,23.62,7.12,0.0,0.0,0.0,0.0,0.0,0.0,0.0,0.0,0.0,0.0
2023-10-09,0.0,24.92,7.49,0.0,0.0,0.0,0.0,0.0,0.0,0.0,0.0,0.0,0.0
2023-10-10,0.0,25.61,10.16,0.0,0.0,0.0,0.0,0.0,0.0,0.0,0.0,0.0,0.0
2023-10-11,5.36,14.25,7.36,0.0,0.0,0.0,0.0,0.0,0.0,0.0,0.0,0.0,0.0
2023-10-12,3.46,8.53,5.3,0.0,0.00508,0.00508,0.0,0.0,0.0076199999999999,0.00254,0.0,0.0,0.0
2023-10-13,0.0,16.95,4.58,0.0,0.0177799999999999,0.0127,0.0,0.0,0.00508,0.00254,0.0,0.0,0.0
2023-10-14,0.0,19.02,5.75,0.0,0.0127,0.0,0.0,0.0,0.0,0.0,0.0,0.0,0.0
2023-10-15,0.0,20.93,4.36,0.0,0.0076199999999999,0.0,0.0,0.0,0.0,0.0,0.0,0.0,0.0
2023-10-16,0.0,22.9,5.91,0.0,0.0,0.0,0.0,0.0,0.0,0.0,0.0,0.0,0.0
2023-10-17,0.0,22.86,7.3,0.0,0.0,0.0,0.0,0.0,0.0,0.0,0.0,0.0,0.0
2023-10-18,0.0,21.93,7.18,0.0,0.0,0.0,0.0,0.0,0.0,0.0,0.0,0.0,0.0
2023-10-19,0.0,21.9,6.43,0.0,0.0,0.0,0.0,0.0,0.0,0.0,0.0,0.0,0.0
2023-10-20,0.0,23.53,7.18,0.0,0.0,0.0,0.0,0.0,0.0,0.0,0.0,0.0,0.0
2023-10-21,0.0,22.87,8.27,0.0,0.0,0.0,0.0,0.0,0.0,0.0,0.0,0.0,0.0
2023-10-22,0.0,25.12,8.59,0.0,0.0,0.0,0.0,0.0,0.0,0.0,0.0,0.0,0.0
2023-10-23,0.0,20.99,9.01,0.0,0.0,0.0,0.0,0.0,0.0,0.0,0.0,0.0,0.0
2023-10-24,0.0,18.54,7.45,0.0,0.0,0.0,0.0,0.0,0.0,0.0,0.0,0.0,0.0
2023-10-25,8.99,21.32,8.02,0.0,0.0,0.0,0.0,0.0,0.0,0.0,0.0,0.0,0.0
2023-10-26,4.15,10.12,2.06,0.0,0.0,0.0,0.0,0.0,0.0,0.0,0.0,0.0,0.0
2023-10-27,0.0,11.51,-0.93,0.00508,0.01016,0.0152399999999999,0.0,0.01016,0.0076199999999999,0.00508,0.01016,0.0,0.00254
2023-10-28,0.0,7.58,-2.07,0.0076199999999999,0.0152399999999999,0.0177799999999999,0.0,0.01016,0.0076199999999999,0.00508,0.01016,0.0,0.00254
2023-10-29,0.0,7.18,-3.37,0.0076199999999999,0.0152399999999999,0.0177799999999999,0.0,0.01016,0.01016,0.0076199999999999,0.01016,0.0,0.00254
2023-10-30,0.0,7.9,-3.77,0.0076199999999999,0.0152399999999999,0.0177799999999999,0.0,0.01016,0.01016,0.0076199999999999,0.01016,0.0,0.00254
2023-10-31,0.0,12.53,-4.76,0.0076199999999999,0.0152399999999999,0.0152399999999999,0.0,0.00254,0.01016,0.0076199999999999,0.01016,0.0,0.00254
2023-11-01,0.0,12.9,-1.19,0.0076199999999999,0.01016,0.0152399999999999,0.0,0.0,0.01016,0.0076199999999999,0.01016,0.0,0.00254
2023-11-02,0.0,15.57,0.47,0.00508,0.0076199999999999,0.01016,0.0,0.0,0.01016,0.0076199999999999,0.01016,0.0,0.0
2023-11-03,0.0,17.78,4.4,0.00508,0.0076199999999999,0.01016,0.0,0.0,0.0076199999999999,0.0076199999999999,0.0076199999999999,0.0,0.0
2023-11-04,0.0,19.05,4.28,0.0,0.00508,0.01016,0.0,0.0,0.0,0.00254,0.0,0.0,0.0
2023-11-05,0.0,18.49,7.0,0.0,0.00508,0.01016,0.0,0.0,0.0,0.00254,0.0,0.0,0.0
2023-11-06,3.88,19.57,8.46,0.0,0.00254,0.0076199999999999,0.0,0.0,0.0,0.0,0.0,0.0,0.0
2023-11-07,6.73,10.66,2.16,0.0,0.00254,0.00508,0.0,0.0,0.0,0.0,0.0,0.0,0.0
2023-11-08,0.0,8.53,-1.25,0.0,0.0177799999999999,0.02286,0.0076199999999999,0.0177799999999999,0.00508,0.02032,0.0076199999999999,0.0076199999999999,0.01016
2023-11-09,0.0,8.57,-2.88,0.0,0.0152399999999999,0.02286,0.0076199999999999,0.0177799999999999,0.00508,0.02032,0.01016,0.0076199999999999,0.0076199999999999
2023-11-10,0.0,8.96,-2.49,0.0,0.0152399999999999,0.02286,0.0076199999999999,0.0177799999999999,0.00508,0.02032,0.01016,0.0076199999999999,0.0076199999999999
2023-11-11,0.0,11.92,-2.24,0.0,0.0152399999999999,0.02286,0.0076199999999999,0.0177799999999999,0.00508,0.02032,0.01016,0.0076199999999999,0.0076199999999999
2023-11-12,0.0,15.03,0.22,0.0,0.0177799999999999,0.02286,0.00508,0.0177799999999999,0.0,0.02032,0.0076199999999999,0.0076199999999999,0.0076199999999999
2023-11-13,0.0,17.33,3.59,0.0,0.0177799999999999,0.02286,0.00254,0.0152399999999999,0.0,0.02032,0.0076199999999999,0.0076199999999999,0.0076199999999999
2023-11-14,0.0,18.02,3.59,0.0,0.0177799999999999,0.02286,0.00254,0.0152399999999999,0.0,0.02032,0.0,0.0076199999999999,0.0076199999999999
2023-11-15,5.32,19.01,5.1,0.0,0.0177799999999999,0.02286,0.00254,0.0152399999999999,0.0,0.02032,0.0,0.0076199999999999,0.0
2023-11-16,2.75,13.0,5.03,0.0,0.0177799999999999,0.02286,0.00254,0.0152399999999999,0.0,0.02032,0.0,0.0076199999999999,0.0
2023-11-17,0.0,12.37,0.32,0.0076199999999999,0.0431799999999999,0.0380999999999999,0.0152399999999999,0.0152399999999999,0.0,0.0304799999999999,0.0,0.0076199999999999,0.0
2023-11-18,3.49,8.76,1.42,0.0076199999999999,0.0431799999999999,0.0380999999999999,0.0152399999999999,0.0152399999999999,0.0,0.0304799999999999,0.0,0.0076199999999999,0.0
2023-11-19,10.32,6.49,1.09,0.0127,0.04826,0.0431799999999999,0.0177799999999999,0.02286,0.0,0.0355599999999999,0.0,0.01016,0.0
2023-11-20,0.0,8.73,-0.69,0.0127,0.0584199999999999,0.05334,0.02286,0.0254,0.0076199999999999,0.04064,0.00254,0.01016,0.0
2023-11-21,0.0,8.92,-3.84,0.0127,0.0584199999999999,0.05334,0.02286,0.0254,0.0076199999999999,0.04064,0.00254,0.01016,0.0
2023-11-22,0.0,8.22,-2.97,0.0127,0.0584199999999999,0.05334,0.02286,0.0254,0.0076199999999999,0.0431799999999999,0.00254,0.01016,0.0
2023-11-23,1.37,5.17,-1.63,0.0127,0.0584199999999999,0.05334,0.02286,0.0254,0.0076199999999999,0.0431799999999999,0.00508,0.01016,0.0
2023-11-24,0.0,1.39,-2.88,0.0127,0.0584199999999999,0.05334,0.02286,0.03302,0.01016,0.0508,0.01016,0.0127,0.00254
2023-11-25,0.0,2.7,-5.12,0.0152399999999999,0.0584199999999999,0.05588,0.0254,0.0380999999999999,0.0152399999999999,0.0584199999999999,0.0177799999999999,0.0152399999999999,0.00508
2023-11-26,0.0,1.32,-5.9,0.0152399999999999,0.0584199999999999,0.05588,0.0254,0.0380999999999999,0.0152399999999999,0.0584199999999999,0.0177799999999999,0.0152399999999999,0.00508
2023-11-27,0.0,2.36,-7.44,0.0152399999999999,0.0584199999999999,0.05588,0.0254,0.0380999999999999,0.0152399999999999,0.0584199999999999,0.0177799999999999,0.0152399999999999,0.00508
2023-11-28,0.0,4.72,-6.42,0.0152399999999999,0.0609599999999999,0.0609599999999999,0.0254,0.0380999999999999,0.0152399999999999,0.0584199999999999,0.0177799999999999,0.0152399999999999,0.00508
2023-11-29,0.0,3.86,-5.8,0.0152399999999999,0.0635,0.0609599999999999,0.0254,0.0380999999999999,0.0152399999999999,0.0584199999999999,0.0177799999999999,0.0152399999999999,0.00508
2023-11-30,0.0,0.18,-5.53,0.0152399999999999,0.0635,0.0609599999999999,0.0254,0.0380999999999999,0.0152399999999999,0.0584199999999999,0.0177799999999999,0.0152399999999999,0.00508
2023-12-01,10.53,1.34,-5.16,0.0152399999999999,0.0635,0.0609599999999999,0.0254,0.0380999999999999,0.0152399999999999,0.0584199999999999,0.0177799999999999,0.0152399999999999,0.00508
2023-12-02,18.51,4.33,-3.33,0.0304799999999999,0.06858,0.0609599999999999,0.0254,0.05588,0.02794,0.0635,0.02794,0.02286,0.02286
2023-12-03,15.11,4.68,-1.2,0.04572,0.0838199999999999,0.0736599999999999,0.0355599999999999,0.09398,0.0431799999999999,0.0761999999999999,0.0508,0.04064,0.0508
2023-12-04,0.0,8.32,0.22,0.0761999999999999,0.10668,0.0863599999999999,0.0508,0.1168399999999999,0.09398,0.09652,0.09906,0.05588,0.0761999999999999
2023-12-05,0.0,7.89,-0.1,0.0761999999999999,0.10668,0.09652,0.0508,0.11938,0.09652,0.09906,0.1016,0.0584199999999999,0.0761999999999999
2023-12-06,0.0,11.47,0.44,0.0761999999999999,0.10668,0.09652,0.0508,0.11938,0.09652,0.09906,0.1016,0.0584199999999999,0.0761999999999999
2023-12-07,9.06,9.23,-0.64,0.0761999999999999,0.10922,0.09652,0.05334,0.11938,0.09652,0.09906,0.1016,0.0584199999999999,0.07874
2023-12-08,4.0,1.71,-4.58,0.0761999999999999,0.11938,0.1016,0.05334,0.12954,0.09906,0.1041399999999999,0.10668,0.0609599999999999,0.09144
2023-12-09,0.0,0.91,-8.96,0.0863599999999999,0.13462,0.1168399999999999,0.0584199999999999,0.14986,0.10922,0.11176,0.12954,0.06858,0.1016
2023-12-10,0.0,2.89,-6.87,0.0863599999999999,0.13462,0.1168399999999999,0.0584199999999999,0.14986,0.10922,0.11176,0.12954,0.06858,0.1016
2023-12-11,0.0,5.81,-3.55,0.0888999999999999,0.13716,0.11938,0.0609599999999999,0.14986,0.10922,0.1143,0.13208,0.06858,0.1016
2023-12-12,0.0,5.49,-3.54,0.0888999999999999,0.13716,0.11938,0.0609599999999999,0.14986,0.10922,0.1143,0.13208,0.06858,0.1016
2023-12-13,0.0,7.2,-2.09,0.0888999999999999,0.13716,0.11938,0.0609599999999999,0.14986,0.10922,0.1143,0.13208,0.06858,0.1016
2023-12-14,0.0,5.19,-4.63,0.0888999999999999,0.13716,0.11938,0.0609599999999999,0.14986,0.10922,0.1143,0.13208,0.06858,0.1016
2023-12-15,0.0,5.82,-4.7,0.0888999999999999,0.13716,0.11938,0.0609599999999999,0.14986,0.10922,0.1143,0.13208,0.06858,0.1016
2023-12-16,0.0,4.88,-4.35,0.0888999999999999,0.13716,0.11938,0.0609599999999999,0.14986,0.10922,0.1143,0.13208,0.06858,0.1016
2023-12-17,0.0,4.45,-5.31,0.0888999999999999,0.13716,0.11938,0.0609599999999999,0.14986,0.10922,0.1143,0.13208,0.06858,0.1016
2023-12-18,0.0,3.73,-3.94,0.0888999999999999,0.1397,0.11938,0.0609599999999999,0.14986,0.10922,0.1143,0.13208,0.06858,0.1016
2023-12-19,0.0,9.83,-1.18,0.0888999999999999,0.1397,0.11938,0.0609599999999999,0.14986,0.10922,0.1143,0.13208,0.06858,0.1016
2023-12-20,0.0,10.94,1.46,0.0888999999999999,0.1397,0.11938,0.06604,0.14986,0.10922,0.1219199999999999,0.13208,0.06858,0.1016
2023-12-21,0.0,10.76,1.06,0.0888999999999999,0.1397,0.11938,0.06858,0.14986,0.10922,0.1219199999999999,0.13208,0.06858,0.1016
2023-12-22,4.07,9.57,-0.28,0.0888999999999999,0.1397,0.11938,0.06858,0.14986,0.10922,0.1219199999999999,0.13208,0.06858,0.1016
2023-12-23,0.0,4.48,-2.89,0.0888999999999999,0.1397,0.11938,0.06858,0.14986,0.10922,0.1219199999999999,0.13462,0.06858,0.1016
2023-12-24,0.0,0.58,-7.82,0.09144,0.14478,0.12446,0.0736599999999999,0.14986,0.11176,0.12446,0.13716,0.06858,0.1016
2023-12-25,0.0,-0.89,-10.08,0.09144,0.14478,0.12446,0.0736599999999999,0.14986,0.11176,0.12446,0.13716,0.06858,0.1016
2023-12-26,0.0,0.56,-10.7,0.0888999999999999,0.14478,0.12446,0.0736599999999999,0.14986,0.11176,0.12446,0.13716,0.06858,0.1016
2023-12-27,0.0,3.55,-5.79,0.0838199999999999,0.14478,0.12446,0.0736599999999999,0.14986,0.11176,0.12446,0.1397,0.06858,0.1016
2023-12-28,0.0,5.53,-3.45,0.0838199999999999,0.14478,0.12446,0.0736599999999999,0.14986,0.11176,0.12446,0.1397,0.06858,0.1016
2023-12-29,0.0,6.62,-3.59,0.08128,0.14478,0.12446,0.0736599999999999,0.14986,0.11176,0.12446,0.1397,0.06858,0.1016
2023-12-30,0.0,6.58,-2.36,0.08128,0.14478,0.12446,0.0736599999999999,0.14986,0.11176,0.12446,0.1422399999999999,0.06858,0.1016
2023-12-31,0.0,5.82,-3.7,0.08128,0.14478,0.12446,0.0736599999999999,0.14986,0.11176,0.12446,0.1422399999999999,0.06858,0.1016
2024-01-01,0.0,4.75,-4.94,0.08128,0.14478,0.12446,0.0711199999999999,0.14986,0.11176,0.12446,0.1422399999999999,0.06858,0.1016
2024-01-02,0.0,4.1,-5.75,0.08128,0.14478,0.12446,0.0711199999999999,0.14986,0.11176,0.12446,0.1422399999999999,0.06858,0.1016
2024-01-03,0.0,4.06,-5.3,0.08128,0.14478,0.12446,0.0711199999999999,0.14986,0.11176,0.12446,0.1422399999999999,0.06858,0.1016
2024-01-04,1.57,1.24,-4.94,0.08128,0.14478,0.12446,0.0711199999999999,0.14986,0.1143,0.127,0.14478,0.06858,0.1016
2024-01-05,5.49,0.32,-5.34,0.08128,0.14986,0.127,0.0736599999999999,0.1523999999999999,0.1168399999999999,0.12954,0.1473199999999999,0.06858,0.1041399999999999
2024-01-06,15.71,2.23,-7.33,0.08128,0.15494,0.13208,0.0761999999999999,0.1523999999999999,0.11938,0.13208,0.1473199999999999,0.0711199999999999,0.1041399999999999
2024-01-07,5.23,-1.27,-9.02,0.0838199999999999,0.15494,0.13208,0.07874,0.15494,0.12446,0.13462,0.1523999999999999,0.0736599999999999,0.10668
2024-01-08,0.0,-1.63,-12.16,0.0863599999999999,0.17018,0.1473199999999999,0.0888999999999999,0.15748,0.12954,0.13716,0.16002,0.0761999999999999,0.10922
2024-01-09,0.82,1.62,-11.39,0.0863599999999999,0.17018,0.1473199999999999,0.0888999999999999,0.15748,0.12954,0.14478,0.16002,0.0761999999999999,0.10922
2024-01-10,3.32,-0.86,-7.63,0.0888999999999999,0.1777999999999999,0.15748,0.1016,0.17018,0.14478,0.15494,0.1651,0.07874,0.1168399999999999
2024-01-11,2.58,-1.74,-10.4,0.1016,0.19304,0.1676399999999999,0.1143,0.1905,0.16002,0.17018,0.1777999999999999,0.0863599999999999,0.13208
2024-01-12,2.73,1.02,-6.66,0.1041399999999999,0.19558,0.1676399999999999,0.1143,0.2082799999999999,0.1651,0.1727199999999999,0.18796,0.09652,0.1397
2024-01-13,19.49,2.02,-7.33,0.127,0.21082,0.18542,0.13716,0.2438399999999999,0.1727199999999999,0.18288,0.20066,0.1219199999999999,0.1777999999999999
2024-01-14,5.96,2.47,-2.95,0.1397,0.22606,0.18796,0.14478,0.26162,0.1905,0.19812,0.2209799999999999,0.13208,0.18542
2024-01-15,0.0,0.5,-7.41,0.15494,0.2463799999999999,0.2032,0.1651,0.2819399999999999,0.21336,0.2286,0.2438399999999999,0.1397,0.19812
2024-01-16,6.74,-1.86,-13.72,0.15494,0.2463799999999999,0.2032,0.1651,0.2844799999999999,0.21336,0.2286,0.2438399999999999,0.1397,0.19812
2024-01-17,9.55,3.53,-7.14,0.15494,0.25146,0.2057399999999999,0.1651,0.2844799999999999,0.21336,0.2286,0.2438399999999999,0.1397,0.20066
2024-01-18,0.0,8.14,-2.67,0.18288,0.2717799999999999,0.21844,0.18796,0.30988,0.2413,0.25908,0.27432,0.15494,0.21082
2024-01-19,0.0,6.59,-0.39,0.18288,0.2717799999999999,0.21844,0.18796,0.30988,0.2413,0.25908,0.27432,0.15494,0.2158999999999999
2024-01-20,1.15,7.5,-0.65,0.18542,0.2717799999999999,0.21844,0.18796,0.30988,0.2413,0.26416,0.27432,0.15494,0.2158999999999999
2024-01-21,1.53,6.15,0.74,0.18542,0.2717799999999999,0.21844,0.18796,0.30988,0.2413,0.26924,0.27686,0.15748,0.21844
2024-01-22,0.0,8.03,1.49,0.18796,0.27432,0.21844,0.19558,0.31242,0.2438399999999999,0.2717799999999999,0.2794,0.15748,0.21844
2024-01-23,1.98,7.65,1.65,0.18796,0.27432,0.21844,0.19558,0.31242,0.2438399999999999,0.27432,0.2794,0.15748,0.21844
2024-01-24,0.54,7.68,0.79,0.1905,0.27432,0.21844,0.19558,0.31242,0.2438399999999999,0.2794,0.2794,0.15748,0.21844
2024-01-25,3.01,3.88,0.76,0.1905,0.27432,0.21844,0.19558,0.31242,0.2438399999999999,0.2794,0.2794,0.15748,0.21844
2024-01-26,0.0,6.76,0.11,0.19304,0.2844799999999999,0.22352,0.2032,0.32258,0.2463799999999999,0.2844799999999999,0.2819399999999999,0.16002,0.2209799999999999
2024-01-27,0.0,7.93,-0.41,0.19304,0.2844799999999999,0.22606,0.2032,0.32258,0.2463799999999999,0.2844799999999999,0.2819399999999999,0.16002,0.2209799999999999
2024-01-28,0.0,9.56,-0.09,0.19558,0.2844799999999999,0.22606,0.2032,0.32258,0.2463799999999999,0.2844799999999999,0.2819399999999999,0.16002,0.2209799999999999
2024-01-29,0.0,10.2,-0.15,0.19558,0.2844799999999999,0.22606,0.2032,0.32258,0.2463799999999999,0.2844799999999999,0.2819399999999999,0.16002,0.2209799999999999
2024-01-30,0.0,11.01,-0.41,0.19558,0.2844799999999999,0.22606,0.2032,0.32258,0.2463799999999999,0.2844799999999999,0.2819399999999999,0.16002,0.2209799999999999
2024-01-31,0.0,14.81,0.51,0.19558,0.2844799999999999,0.22606,0.2032,0.32258,0.2463799999999999,0.2844799999999999,0.2819399999999999,0.16002,0.2209799999999999
2024-02-01,7.38,13.07,2.83,0.19558,0.2844799999999999,0.22606,0.2032,0.32258,0.2463799999999999,0.2844799999999999,0.2819399999999999,0.16002,0.2209799999999999
2024-02-02,14.17,7.03,-0.72,0.19812,0.2844799999999999,0.22606,0.2082799999999999,0.32258,0.2463799999999999,0.28956,0.2819399999999999,0.16002,0.2209799999999999
2024-02-03,0.0,5.74,0.36,0.21082,0.30226,0.2438399999999999,0.2209799999999999,0.32766,0.254,0.30988,0.2819399999999999,0.1651,0.22606
2024-02-04,0.75,7.05,-1.62,0.21336,0.30734,0.24892,0.2336799999999999,0.3352799999999999,0.25654,0.31496,0.28702,0.1676399999999999,0.2286
2024-02-05,9.45,7.81,3.15,0.2158999999999999,0.30734,0.24892,0.2336799999999999,0.3352799999999999,0.25654,0.32004,0.28702,0.1676399999999999,0.2286
2024-02-06,7.04,10.64,3.26,0.2209799999999999,0.3175,0.25654,0.2463799999999999,0.35306,0.2717799999999999,0.35052,0.31242,0.18288,0.254
2024-02-07,43.98,5.3,0.98,0.22606,0.3175,0.25654,0.2463799999999999,0.3555999999999999,0.27686,0.37846,0.32004,0.18796,0.25654
2024-02-08,3.53,4.5,-0.81,0.24892,0.34036,0.27432,0.26924,0.37084,0.28956,0.38862,0.3429,0.19812,0.2819399999999999
2024-02-09,0.0,2.75,-2.74,0.25146,0.3479799999999999,0.27686,0.27432,0.37338,0.2971799999999999,0.40386,0.3454399999999999,0.20066,0.2819399999999999
2024-02-10,0.0,4.36,-7.82,0.25146,0.35052,0.27686,0.2794,0.37592,0.3047999999999999,0.4114799999999999,0.3454399999999999,0.2032,0.2819399999999999
2024-02-11,0.0,2.24,-9.09,0.25146,0.35052,0.2794,0.2794,0.37592,0.3047999999999999,0.4114799999999999,0.3454399999999999,0.2032,0.2819399999999999
2024-02-12,0.0,4.82,-7.83,0.25146,0.35052,0.2794,0.2794,0.37592,0.3047999999999999,0.4114799999999999,0.3454399999999999,0.2032,0.2819399999999999
2024-02-13,0.0,6.91,-5.02,0.25146,0.35052,0.2794,0.2794,0.37592,0.3047999999999999,0.4114799999999999,0.3479799999999999,0.2032,0.2819399999999999
2024-02-14,3.28,9.15,-2.01,0.25146,0.35052,0.2794,0.2794,0.37592,0.3047999999999999,0.41402,0.3479799999999999,0.2032,0.2819399999999999
2024-02-15,11.82,6.51,-0.26,0.254,0.3555999999999999,0.2844799999999999,0.28702,0.37846,0.30734,0.4191,0.35052,0.2057399999999999,0.2819399999999999
2024-02-16,3.73,6.56,-1.98,0.25654,0.37338,0.28956,0.2946399999999999,0.40386,0.32004,0.43688,0.37084,0.2158999999999999,0.2946399999999999
2024-02-17,0.19,4.35,-5.65,0.26162,0.37592,0.2946399999999999,0.29972,0.42164,0.33274,0.44704,0.38862,0.21844,0.30226
2024-02-18,2.13,6.33,-3.25,0.26162,0.37846,0.29972,0.30226,0.42164,0.33274,0.44704,0.38862,0.21844,0.3047999999999999
2024-02-19,15.47,8.04,-3.47,0.26416,0.39116,0.29972,0.30734,0.4317999999999999,0.34036,0.4622799999999999,0.40386,0.22352,0.30988
2024-02-20,8.61,6.83,-0.6,0.27432,0.40132,0.31242,0.3175,0.4445,0.35052,0.4826,0.40894,0.22606,0.31242
2024-02-21,11.63,3.93,-0.05,0.2819399999999999,0.4191,0.32512,0.32766,0.4546599999999999,0.3606799999999999,0.4952999999999999,0.42672,0.23876,0.32258
2024-02-22,3.2,7.16,-0.75,0.28702,0.4292599999999999,0.33274,0.3352799999999999,0.4673599999999999,0.37338,0.508,0.43688,0.2438399999999999,0.3302
2024-02-23,0.0,9.22,-1.83,0.28702,0.4292599999999999,0.33274,0.3352799999999999,0.4673599999999999,0.37338,0.508,0.43688,0.2438399999999999,0.3302
2024-02-24,0.0,10.33,-3.08,0.28702,0.4292599999999999,0.33274,0.3352799999999999,0.4673599999999999,0.37338,0.508,0.43688,0.2438399999999999,0.3302
2024-02-25,0.0,14.12,-1.18,0.28702,0.4292599999999999,0.33274,0.33782,0.4673599999999999,0.37338,0.508,0.43688,0.2438399999999999,0.3302
2024-02-26,1.12,12.29,-0.79,0.28956,0.4317999999999999,0.33274,0.34036,0.4673599999999999,0.37338,0.508,0.43688,0.2413,0.3302
2024-02-27,0.0,0.34,-4.88,0.2971799999999999,0.4419599999999999,0.3429,0.3454399999999999,0.47752,0.381,0.5206999999999999,0.44704,0.23876,0.3352799999999999
2024-02-28,0.0,6.74,-7.07,0.2971799999999999,0.45212,0.35052,0.3454399999999999,0.48514,0.381,0.5257799999999999,0.44958,0.2413,0.34036
2024-02-29,0.0,13.54,-2.57,0.2971799999999999,0.4546599999999999,0.35052,0.35052,0.48514,0.381,0.52832,0.44958,0.2413,0.34036
2024-03-01,0.0,15.87,4.46,0.29972,0.4546599999999999,0.35052,0.35052,0.48514,0.381,0.5308599999999999,0.44958,0.2413,0.34036
2024-03-02,16.13,11.41,-1.46,0.29972,0.4546599999999999,0.35052,0.35052,0.4876799999999999,0.381,0.5308599999999999,0.44958,0.2413,0.34036
2024-03-03,3.63,1.48,-7.14,0.30734,0.4826,0.37592,0.3682999999999999,0.5054599999999999,0.4064,0.5461,0.46482,0.2463799999999999,0.35052
2024-03-04,0.79,2.77,-7.9,0.31242,0.4927599999999999,0.381,0.37084,0.51308,0.4114799999999999,0.55118,0.4699,0.25146,0.3581399999999999
2024-03-05,0.06,7.0,-5.7,0.31496,0.5003799999999999,0.381,0.37338,0.51816,0.41402,0.5588,0.4699,0.254,0.36576
2024-03-06,1.46,9.21,-0.55,0.31496,0.5003799999999999,0.381,0.37592,0.52324,0.41402,0.56642,0.47244,0.254,0.36576
2024-03-07,7.04,4.68,-2.67,0.3175,0.5054599999999999,0.381,0.37592,0.53594,0.4165599999999999,0.56642,0.4749799999999999,0.254,0.37084
2024-03-08,0.0,3.74,-6.96,0.32004,0.51308,0.38862,0.38608,0.53848,0.4191,0.57404,0.4749799999999999,0.25908,0.37592
2024-03-09,0.0,8.41,-7.01,0.32004,0.51308,0.39116,0.38608,0.53848,0.4191,0.57404,0.4749799999999999,0.25908,0.37592
2024-03-10,0.0,12.53,-1.95,0.32004,0.51308,0.3937,0.38608,0.53848,0.4191,0.57404,0.4749799999999999,0.25908,0.37592
2024-03-11,0.0,12.16,0.34,0.32004,0.51308,0.3937,0.38608,0.53848,0.4191,0.57404,0.4749799999999999,0.25908,0.37592
2024-03-12,5.97,9.01,0.43,0.32004,0.51308,0.3937,0.38608,0.53848,0.4191,0.57404,0.4749799999999999,0.25908,0.37592
2024-03-13,0.0,7.1,-1.56,0.32512,0.5257799999999999,0.4064,0.39624,0.5461,0.43688,0.59182,0.4876799999999999,0.26162,0.37592
2024-03-14,0.0,9.61,-1.7,0.32512,0.5308599999999999,0.4064,0.39624,0.5461,0.4419599999999999,0.5943599999999999,0.4876799999999999,0.26162,0.37592
2024-03-15,0.0,11.49,1.16,0.32766,0.5308599999999999,0.4064,0.3987799999999999,0.55372,0.4419599999999999,0.5943599999999999,0.4876799999999999,0.26162,0.38862
2024-03-16,0.0,12.18,2.2,0.33274,0.5334,0.40894,0.3987799999999999,0.55372,0.4419599999999999,0.5943599999999999,0.48514,0.25654,0.38862
2024-03-17,0.0,13.8,4.5,0.33274,0.5334,0.40894,0.3987799999999999,0.55372,0.4419599999999999,0.5943599999999999,0.4800599999999999,0.2463799999999999,0.38862
2024-03-18,0.0,15.32,1.58,0.33274,0.5334,0.40894,0.3987799999999999,0.55372,0.4419599999999999,0.5943599999999999,0.47752,0.2286,0.38862
2024-03-19,0.0,14.69,2.3,0.33274,0.5334,0.40894,0.3987799999999999,0.55372,0.4419599999999999,0.5943599999999999,0.4749799999999999,0.2158999999999999,0.38862
2024-03-20,0.0,17.57,2.88,0.33274,0.5334,0.40894,0.3987799999999999,0.55372,0.4419599999999999,0.5943599999999999,0.47244,0.20066,0.38862
2024-03-21,0.0,15.58,3.69,0.33274,0.5334,0.40894,0.3987799999999999,0.55372,0.4317999999999999,0.5943599999999999,0.4699,0.18288,0.38608
2024-03-22,0.0,17.91,1.86,0.33274,0.5334,0.40894,0.3987799999999999,0.54864,0.4241799999999999,0.5943599999999999,0.45974,0.1676399999999999,0.381
2024-03-23,16.96,15.29,0.68,0.3352799999999999,0.5334,0.40894,0.3987799999999999,0.54102,0.4165599999999999,0.5943599999999999,0.44958,0.14986,0.37846
2024-03-24,8.69,6.9,-0.75,0.34036,0.5461,0.4165599999999999,0.4064,0.54864,0.4292599999999999,0.61468,0.4546599999999999,0.13716,0.38354
2024-03-25,3.34,7.03,-2.03,0.3429,0.55372,0.42164,0.40894,0.54864,0.4419599999999999,0.6223,0.46482,0.12954,0.38354
2024-03-26,3.98,6.32,-1.13,0.3454399999999999,0.55626,0.42164,0.40894,0.55626,0.4419599999999999,0.6223,0.46482,0.12446,0.39116
2024-03-27,0.0,10.22,-1.22,0.3606799999999999,0.5689599999999999,0.43434,0.42672,0.5689599999999999,0.46482,0.64008,0.4800599999999999,0.11938,0.39624
2024-03-28,5.57,9.07,-0.85,0.36322,0.57404,0.43688,0.4292599999999999,0.5715,0.4673599999999999,0.64262,0.48514,0.11938,0.39624
2024-03-29,3.12,10.51,-0.93,0.36576,0.5969,0.45212,0.43434,0.58674,0.4800599999999999,0.6527799999999999,0.5003799999999999,0.1143,0.40386
2024-03-30,9.73,9.24,2.5,0.3682999999999999,0.60198,0.4546599999999999,0.43942,0.58674,0.4826,0.6604,0.50292,0.09906,0.4064
2024-03-31,17.5,8.07,1.44,0.37338,0.61722,0.45974,0.45212,0.6070599999999999,0.49022,0.68072,0.51816,0.10668,0.4292599999999999
2024-04-01,0.0,10.06,0.27,0.381,0.635,0.46482,0.45974,0.61976,0.4927599999999999,0.6908799999999999,0.52832,0.09398,0.43942
2024-04-02,0.0,14.75,0.9,0.37846,0.635,0.46482,0.45974,0.61976,0.4927599999999999,0.6908799999999999,0.52832,0.0761999999999999,0.43688
2024-04-03,0.0,20.04,3.52,0.37846,0.635,0.46482,0.45974,0.61976,0.49022,0.69342,0.52324,0.04572,0.43434
2024-04-04,0.0,21.46,8.57,0.37592,0.635,0.46482,0.4572,0.61976,0.47752,0.6908799999999999,0.5206999999999999,0.02794,0.4292599999999999
2024-04-05,6.49,16.05,1.71,0.37592,0.635,0.46482,0.4572,0.61214,0.4673599999999999,0.6883400000000001,0.51054,0.0177799999999999,0.42164
2024-04-06,2.39,4.54,-1.85,0.37846,0.635,0.4622799999999999,0.45974,0.61214,0.4673599999999999,0.6883400000000001,0.51308,0.0127,0.4241799999999999
2024-04-07,0.0,7.75,-2.1,0.381,0.635,0.4622799999999999,0.4622799999999999,0.62992,0.4876799999999999,0.70866,0.5206999999999999,0.0076199999999999,0.4317999999999999
2024-04-08,0.0,10.27,-2.82,0.381,0.63754,0.4622799999999999,0.45974,0.635,0.4876799999999999,0.70866,0.5206999999999999,0.00508,0.4317999999999999
2024-04-09,0.0,13.15,-0.35,0.381,0.63754,0.46482,0.4572,0.635,0.4876799999999999,0.70866,0.5206999999999999,0.00254,0.4317999999999999
2024-04-10,0.0,16.18,3.3,0.3682999999999999,0.63754,0.46482,0.4546599999999999,0.635,0.4876799999999999,0.70866,0.51308,0.0,0.4317999999999999
2024-04-11,0.0,20.9,3.88,0.35306,0.63754,0.4622799999999999,0.44958,0.635,0.4876799999999999,0.70866,0.508,0.0,0.42164
2024-04-12,0.0,25.11,5.51,0.3302,0.6324599999999999,0.4572,0.4419599999999999,0.62992,0.4622799999999999,0.70612,0.4927599999999999,0.0,0.40894
2024-04-13,0.0,23.17,9.61,0.31242,0.61976,0.4419599999999999,0.42672,0.60198,0.4292599999999999,0.70612,0.46482,0.0,0.38862
2024-04-14,12.92,20.75,6.85,0.2971799999999999,0.6095999999999999,0.4292599999999999,0.4064,0.5715,0.4064,0.6985,0.4419599999999999,0.0,0.37084
2024-04-15,9.57,9.13,2.39,0.2794,0.60198,0.4114799999999999,0.38862,0.54864,0.37338,0.6908799999999999,0.4241799999999999,0.0,0.3479799999999999
2024-04-16,0.0,16.36,4.38,0.28956,0.61214,0.4241799999999999,0.40386,0.5461,0.37338,0.69342,0.40894,0.0,0.3352799999999999
2024-04-17,0.0,14.0,4.78,0.2844799999999999,0.61214,0.4165599999999999,0.3937,0.5308599999999999,0.35052,0.68326,0.38354,0.0,0.32004
2024-04-18,0.0,12.58,-0.23,0.27686,0.61214,0.4165599999999999,0.38354,0.5308599999999999,0.3352799999999999,0.67818,0.3606799999999999,0.0,0.3175
2024-04-19,0.0,15.33,-0.45,0.2667,0.6095999999999999,0.4114799999999999,0.37084,0.5257799999999999,0.3175,0.6705599999999999,0.3454399999999999,0.0,0.30226
2024-04-20,0.0,18.5,4.09,0.25908,0.60452,0.4064,0.3606799999999999,0.4952999999999999,0.2946399999999999,0.66294,0.32766,0.0,0.2794
2024-04-21,0.0,23.34,4.85,0.23876,0.5969,0.3937,0.34036,0.47752,0.26924,0.65532,0.29972,0.0,0.26162
2024-04-22,0.0,19.93,5.98,0.2158999999999999,0.5841999999999999,0.37084,0.30988,0.43688,0.2336799999999999,0.64008,0.2667,0.0,0.2336799999999999
2024-04-23,0.0,22.88,8.62,0.18796,0.5638799999999999,0.35052,0.2920999999999999,0.4064,0.19812,0.61976,0.2336799999999999,0.0,0.2082799999999999
2024-04-24,0.0,25.33,10.82,0.1676399999999999,0.5435599999999999,0.3302,0.27432,0.37338,0.17018,0.60198,0.20066,0.0,0.18542
2024-04-25,8.76,18.7,9.69,0.1523999999999999,0.52324,0.3047999999999999,0.24892,0.3429,0.1422399999999999,0.57912,0.1676399999999999,0.0,0.16256
2024-04-26,17.02,13.12,7.71,0.13716,0.51562,0.2946399999999999,0.2311399999999999,0.3302,0.12954,0.57404,0.15494,0.0,0.1523999999999999
2024-04-27,19.98,10.73,6.68,0.1422399999999999,0.5206999999999999,0.30226,0.2286,0.3429,0.12446,0.5969,0.1473199999999999,0.0,0.1523999999999999
2024-04-28,2.68,15.65,4.91,0.13716,0.5206999999999999,0.30988,0.22352,0.35052,0.11176,0.5969,0.12446,0.0,0.1422399999999999
2024-04-29,1.32,20.15,6.55,0.12954,0.51562,0.30988,0.21844,0.35052,0.1016,0.59944,0.11938,0.0,0.13208
2024-04-30,0.0,15.25,2.32,0.11938,0.52324,0.29972,0.20066,0.33274,0.0711199999999999,0.59944,0.09652,0.0,0.1143
2024-05-01,0.0,11.57,3.51,0.10668,0.51816,0.28956,0.18796,0.32004,0.04826,0.5969,0.0711199999999999,0.0,0.09652
2024-05-02,0.42,16.75,0.44,0.09398,0.508,0.2844799999999999,0.1777999999999999,0.3175,0.02032,0.5943599999999999,0.04572,0.0,0.0888999999999999
2024-05-03,0.0,13.83,4.15,0.07874,0.5054599999999999,0.26416,0.16256,0.2819399999999999,0.0076199999999999,0.58166,0.03302,0.0,0.0711199999999999
2024-05-04,0.0,25.05,3.63,0.07874,0.5054599999999999,0.2717799999999999,0.1676399999999999,0.30988,0.0,0.57912,0.0254,0.0,0.06604
2024-05-05,44.99,18.26,2.6,0.05588,0.4952999999999999,0.23876,0.13716,0.25146,0.0,0.55626,0.0152399999999999,0.0,0.0431799999999999
2024-05-06,13.98,10.56,0.85,0.04826,0.49022,0.23622,0.12446,0.2463799999999999,0.0152399999999999,0.5613400000000001,0.02794,0.0,0.0304799999999999
2024-05-07,0.56,11.82,0.88,0.0609599999999999,0.5003799999999999,0.2463799999999999,0.13208,0.2794,0.05588,0.56642,0.0761999999999999,0.0,0.04826
2024-05-08,0.0,9.26,0.35,0.0761999999999999,0.51816,0.26924,0.14986,0.2946399999999999,0.0736599999999999,0.58674,0.09144,0.0,0.05334
2024-05-09,0.0,14.84,1.96,0.0761999999999999,0.5206999999999999,0.26924,0.14986,0.29972,0.0736599999999999,0.5892799999999999,0.09144,0.0,0.05334
2024-05-10,0.0,18.35,7.45,0.0736599999999999,0.5206999999999999,0.26162,0.1422399999999999,0.2971799999999999,0.06858,0.59182,0.0888999999999999,0.0,0.04064
2024-05-11,0.0,22.77,6.29,0.06858,0.51816,0.25908,0.13716,0.28956,0.0609599999999999,0.59182,0.0863599999999999,0.0,0.02286
2024-05-12,0.0,24.65,8.85,0.05588,0.51308,0.2413,0.1143,0.26416,0.0431799999999999,0.5892799999999999,0.0609599999999999,0.0,0.0127
2024-05-13,0.0,26.69,10.54,0.0177799999999999,0.4952999999999999,0.21336,0.08128,0.2336799999999999,0.00508,0.5638799999999999,0.02794,0.0,0.0
2024-05-14,0.0,22.84,6.74,0.0,0.49022,0.18796,0.0508,0.19558,0.0,0.53594,0.0152399999999999,0.0,0.0
2024-05-15,0.0,21.93,7.38,0.0,0.47244,0.1676399999999999,0.02032,0.1777999999999999,0.0,0.4952999999999999,0.01016,0.0,0.0
2024-05-16,0.0,23.58,8.1,0.0,0.44958,0.1473199999999999,0.0,0.15494,0.0,0.4749799999999999,0.00508,0.0,0.0
2024-05-17,0.0,26.48,10.12,0.0,0.4114799999999999,0.11938,0.0,0.11938,0.0,0.4419599999999999,0.0,0.0,0.0
2024-05-18,0.0,25.35,8.52,0.0,0.37846,0.0863599999999999,0.0,0.0761999999999999,0.0,0.4064,0.0,0.0,0.0
2024-05-19,0.82,21.9,11.33,0.0,0.33782,0.0508,0.0,0.04064,0.0,0.37846,0.0,0.0,0.0
2024-05-20,0.98,16.28,7.79,0.0,0.30226,0.0254,0.0,0.0,0.0,0.32766,0.0,0.0,0.0
2024-05-21,0.0,16.67,1.41,0.0,0.29972,0.0,0.0,0.0,0.0,0.3454399999999999,0.00254,0.0,0.0
2024-05-22,0.0,21.56,5.67,0.0,0.30734,0.0,0.0,0.0,0.0,0.3454399999999999,0.0,0.0,0.0
2024-05-23,0.0,13.64,3.85,0.0,0.2844799999999999,0.0,0.0,0.0,0.0,0.32004,0.0,0.0,0.0
2024-05-24,0.0,20.78,3.18,0.0,0.2844799999999999,0.0,0.0,0.0,0.0,0.31242,0.0,0.0,0.0
2024-05-25,10.38,14.94,7.1,0.0,0.26416,0.0,0.0,0.0,0.0,0.2844799999999999,0.0,0.0,0.0
2024-05-26,0.0,22.01,8.44,0.0,0.26924,0.0,0.0,0.0,0.0,0.2920999999999999,0.00254,0.0,0.0
2024-05-27,0.0,26.45,8.41,0.0,0.25654,0.0,0.0,0.0,0.0,0.2794,0.0,0.0,0.0
2024-05-28,0.0,29.38,8.06,0.0,0.22352,0.0,0.0,0.0,0.0,0.23876,0.0,0.0,0.0
2024-05-29,0.0,25.18,11.38,0.0,0.1905,0.0,0.0,0.0,0.0,0.20066,0.0,0.0,0.0
2024-05-30,0.0,20.82,5.41,0.0,0.1523999999999999,0.0,0.0,0.0,0.0,0.16002,0.0,0.0,0.0
2024-05-31,0.0,23.98,6.7,0.0,0.12446,0.0,0.0,0.0,0.0,0.13208,0.0,0.0,0.0
2024-06-01,0.0,27.56,10.67,0.0,0.09398,0.0,0.0,0.0,0.0,0.09652,0.0,0.0,0.0
2024-06-02,0.0,27.01,14.11,0.0,0.0609599999999999,0.0,0.0,0.0,0.0,0.0584199999999999,0.0,0.0,0.0
2024-06-03,0.75,21.54,13.95,0.0,0.0254,0.0,0.0,0.0,0.0,0.0254,0.0,0.0,0.0
2024-06-04,0.0,25.68,11.54,0.0,0.0127,0.0,0.0,0.0,0.0,0.01016,0.0,0.0,0.0
2024-06-05,0.0,29.47,11.44,0.0,0.00508,0.0,0.0,0.0,0.0,0.0,0.0,0.0,0.0
2024-06-06,0.0,34.47,13.46,0.0,0.0,0.0,0.0,0.0,0.0,0.0,0.0,0.0,0.0
2024-06-07,0.0,32.68,18.08,0.0,0.0,0.0,0.0,0.0,0.0,0.0,0.0,0.0,0.0
2024-06-08,0.0,31.26,13.94,0.0,0.0,0.0,0.0,0.0,0.0,0.0,0.0,0.0,0.0
2024-06-09,0.31,33.42,17.36,0.0,0.0,0.0,0.0,0.0,0.0,0.0,0.0,0.0,0.0
2024-06-10,0.0,28.55,15.21,0.0,0.0,0.0,0.0,0.0,0.0,0.0,0.0,0.0,0.0
2024-06-11,0.0,32.8,13.12,0.0,0.0,0.0,0.0,0.0,0.0,0.0,0.0,0.0,0.0
2024-06-12,0.0,35.88,14.85,0.0,0.0,0.0,0.0,0.0,0.0,0.0,0.0,0.0,0.0
2024-06-13,0.0,36.52,15.89,0.0,0.0,0.0,0.0,0.0,0.0,0.0,0.0,0.0,0.0
2024-06-14,0.0,32.94,17.13,0.0,0.0,0.0,0.0,0.0,0.0,0.0,0.0,0.0,0.0
2024-06-15,0.0,28.73,15.14,0.0,0.0,0.0,0.0,0.0,0.0,0.0,0.0,0.0,0.0
2024-06-16,0.0,24.78,11.76,0.0,0.0,0.0,0.0,0.0,0.0,0.0,0.0,0.0,0.0
2024-06-17,0.0,21.98,7.15,0.0,0.0,0.0,0.0,0.0,0.0,0.0,0.0,0.0,0.0
2024-06-18,0.0,18.45,2.55,0.0,0.0,0.0,0.0,0.0,0.0,0.0,0.0,0.0,0.0
2024-06-19,0.0,26.04,5.79,0.0,0.0,0.0,0.0,0.0,0.0,0.0,0.0,0.0,0.0
2024-06-20,0.0,32.36,11.45,0.0,0.0,0.0,0.0,0.0,0.0,0.0,0.0,0.0,0.0
2024-06-21,0.0,31.34,15.59,0.0,0.0,0.0,0.0,0.0,0.0,0.0,0.0,0.0,0.0
2024-06-22,0.0,34.12,15.92,0.0,0.0,0.0,0.0,0.0,0.0,0.0,0.0,0.0,0.0
2024-06-23,0.0,35.97,18.22,0.0,0.0,0.0,0.0,0.0,0.0,0.0,0.0,0.0,0.0
2024-06-24,0.0,34.21,17.97,0.0,0.0,0.0,0.0,0.0,0.0,0.0,0.0,0.0,0.0
2024-06-25,0.0,36.98,18.0,0.0,0.0,0.0,0.0,0.0,0.0,0.0,0.0,0.0,0.0
2024-06-26,0.0,35.26,20.34,0.0,0.0,0.0,0.0,0.0,0.0,0.0,0.0,0.0,0.0
2024-06-27,0.0,32.87,18.17,0.0,0.0,0.0,0.0,0.0,0.0,0.0,0.0,0.0,0.0
2024-06-28,0.0,29.92,12.31,0.0,0.0,0.0,0.0,0.0,0.0,0.0,0.0,0.0,0.0
2024-06-29,0.0,36.12,12.89,0.0,0.0,0.0,0.0,0.0,0.0,0.0,0.0,0.0,0.0
2024-06-30,0.0,36.58,18.13,0.0,0.0,0.0,0.0,0.0,0.0,0.0,0.0,0.0,0.0
2024-07-01,0.0,27.86,17.87,0.0,0.0,0.0,0.0,0.0,0.0,0.0,0.0,0.0,0.0
2024-07-02,0.0,27.0,11.38,0.0,0.0,0.0,0.0,0.0,0.0,0.0,0.0,0.0,0.0
2024-07-03,0.0,29.8,12.98,0.0,0.0,0.0,0.0,0.0,0.0,0.0,0.0,0.0,0.0
2024-07-04,0.0,28.49,11.56,0.0,0.0,0.0,0.0,0.0,0.0,0.0,0.0,0.0,0.0
2024-07-05,0.0,31.04,11.49,0.0,0.0,0.0,0.0,0.0,0.0,0.0,0.0,0.0,0.0
2024-07-06,0.0,32.81,13.98,0.0,0.0,0.0,0.0,0.0,0.0,0.0,0.0,0.0,0.0
2024-07-07,0.0,32.49,15.28,0.0,0.0,0.0,0.0,0.0,0.0,0.0,0.0,0.0,0.0
2024-07-08,0.0,34.0,15.55,0.0,0.0,0.0,0.0,0.0,0.0,0.0,0.0,0.0,0.0
2024-07-09,0.0,36.51,16.71,0.0,0.0,0.0,0.0,0.0,0.0,0.0,0.0,0.0,0.0
2024-07-10,0.0,38.6,18.28,0.0,0.0,0.0,0.0,0.0,0.0,0.0,0.0,0.0,0.0
2024-07-11,0.0,39.63,20.33,0.0,0.0,0.0,0.0,0.0,0.0,0.0,0.0,0.0,0.0
2024-07-12,0.0,39.76,20.21,0.0,0.0,0.0,0.0,0.0,0.0,0.0,0.0,0.0,0.0
2024-07-13,0.0,38.34,20.57,0.0,0.0,0.0,0.0,0.0,0.0,0.0,0.0,0.0,0.0
2024-07-14,0.0,37.54,22.83,0.0,0.0,0.0,0.0,0.0,0.0,0.0,0.0,0.0,0.0
2024-07-15,0.0,34.17,21.35,0.0,0.0,0.0,0.0,0.0,0.0,0.0,0.0,0.0,0.0
2024-07-16,0.0,34.07,18.35,0.0,0.0,0.0,0.0,0.0,0.0,0.0,0.0,0.0,0.0
2024-07-17,0.0,37.34,19.71,0.0,0.0,0.0,0.0,0.0,0.0,0.0,0.0,0.0,0.0
2024-07-18,0.0,37.63,21.09,0.0,0.0,0.0,0.0,0.0,0.0,0.0,0.0,0.0,0.0
2024-07-19,0.0,36.43,21.52,0.0,0.0,0.0,0.0,0.0,0.0,0.0,0.0,0.0,0.0
2024-07-20,0.0,37.41,20.87,0.0,0.0,0.0,0.0,0.0,0.0,0.0,0.0,0.0,0.0
2024-07-21,0.0,36.61,21.65,0.0,0.0,0.0,0.0,0.0,0.0,0.0,0.0,0.0,0.0
2024-07-22,0.0,36.74,23.02,0.0,0.0,0.0,0.0,0.0,0.0,0.0,0.0,0.0,0.0
2024-07-23,0.0,37.37,21.35,0.0,0.0,0.0,0.0,0.0,0.0,0.0,0.0,0.0,0.0
2024-07-24,0.0,38.37,21.57,0.0,0.0,0.0,0.0,0.0,0.0,0.0,0.0,0.0,0.0
2024-07-25,0.0,34.58,20.98,0.0,0.0,0.0,0.0,0.0,0.0,0.0,0.0,0.0,0.0
2024-07-26,0.48,32.99,19.71,0.0,0.0,0.0,0.0,0.0,0.0,0.0,0.0,0.0,0.0
2024-07-27,0.54,33.02,19.26,0.0,0.0,0.0,0.0,0.0,0.0,0.0,0.0,0.0,0.0
2024-07-28,0.0,32.41,15.68,0.0,0.0,0.0,0.0,0.0,0.0,0.0,0.0,0.0,0.0
2024-07-29,0.0,34.8,17.28,0.0,0.0,0.0,0.0,0.0,0.0,0.0,0.0,0.0,0.0
2024-07-30,0.0,33.04,17.34,0.0,0.0,0.0,0.0,0.0,0.0,0.0,0.0,0.0,0.0
2024-07-31,0.0,33.22,16.39,0.0,0.0,0.0,0.0,0.0,0.0,0.0,0.0,0.0,0.0
2024-08-01,0.0,36.72,17.61,0.0,0.0,0.0,0.0,0.0,0.0,0.0,0.0,0.0,0.0
2024-08-02,0.0,38.34,18.56,0.0,0.0,0.0,0.0,0.0,0.0,0.0,0.0,0.0,0.0
2024-08-03,0.0,36.72,20.85,0.0,0.0,0.0,0.0,0.0,0.0,0.0,0.0,0.0,0.0
2024-08-04,0.0,36.1,20.9,0.0,0.0,0.0,0.0,0.0,0.0,0.0,0.0,0.0,0.0
2024-08-05,0.0,37.98,20.23,0.0,0.0,0.0,0.0,0.0,0.0,0.0,0.0,0.0,0.0
2024-08-06,0.0,38.33,23.0,0.0,0.0,0.0,0.0,0.0,0.0,0.0,0.0,0.0,0.0
2024-08-07,0.0,36.62,21.63,0.0,0.0,0.0,0.0,0.0,0.0,0.0,0.0,0.0,0.0
2024-08-08,0.0,35.48,20.59,0.0,0.0,0.0,0.0,0.0,0.0,0.0,0.0,0.0,0.0
2024-08-09,1.44,35.96,21.0,0.0,0.0,0.0,0.0,0.0,0.0,0.0,0.0,0.0,0.0
2024-08-10,0.0,35.7,19.13,0.0,0.0,0.0,0.0,0.0,0.0,0.0,0.0,0.0,0.0
2024-08-11,0.0,35.01,19.16,0.0,0.0,0.0,0.0,0.0,0.0,0.0,0.0,0.0,0.0
2024-08-12,13.27,32.33,18.67,0.0,0.0,0.0,0.0,0.0,0.0,0.0,0.0,0.0,0.0
2024-08-13,4.69,31.11,17.13,0.0,0.0,0.0,0.0,0.0,0.0,0.0,0.0,0.0,0.0
2024-08-14,0.0,31.28,15.69,0.0,0.0,0.0,0.0,0.0,0.0,0.0,0.0,0.0,0.0
2024-08-15,0.0,33.83,16.93,0.0,0.0,0.0,0.0,0.0,0.0,0.0,0.0,0.0,0.0
2024-08-16,0.0,34.29,15.85,0.0,0.0,0.0,0.0,0.0,0.0,0.0,0.0,0.0,0.0
2024-08-17,13.88,31.42,16.58,0.0,0.0,0.0,0.0,0.0,0.0,0.0,0.0,0.0,0.0
2024-08-18,1.12,32.75,16.52,0.0,0.0,0.0,0.0,0.0,0.0,0.0,0.0,0.0,0.0
2024-08-19,4.35,33.2,16.95,0.0,0.0,0.0,0.0,0.0,0.0,0.0,0.0,0.0,0.0
2024-08-20,0.0,36.01,20.9,0.0,0.0,0.0,0.0,0.0,0.0,0.0,0.0,0.0,0.0
2024-08-21,0.0,32.98,19.68,0.0,0.0,0.0,0.0,0.0,0.0,0.0,0.0,0.0,0.0
2024-08-22,0.0,32.9,17.04,0.0,0.0,0.0,0.0,0.0,0.0,0.0,0.0,0.0,0.0
2024-08-23,0.0,31.96,19.06,0.0,0.0,0.0,0.0,0.0,0.0,0.0,0.0,0.0,0.0
2024-08-24,0.0,31.81,17.97,0.0,0.0,0.0,0.0,0.0,0.0,0.0,0.0,0.0,0.0
2024-08-25,0.0,26.8,14.88,0.0,0.0,0.0,0.0,0.0,0.0,0.0,0.0,0.0,0.0
2024-08-26,0.0,25.4,11.73,0.0,0.0,0.0,0.0,0.0,0.0,0.0,0.0,0.0,0.0
2024-08-27,0.0,30.12,10.19,0.0,0.0,0.0,0.0,0.0,0.0,0.0,0.0,0.0,0.0
2024-08-28,0.0,28.8,12.98,0.0,0.0,0.0,0.0,0.0,0.0,0.0,0.0,0.0,0.0
2024-08-29,0.0,26.11,8.86,0.0,0.0,0.0,0.0,0.0,0.0,0.0,0.0,0.0,0.0
2024-08-30,0.0,29.6,9.42,0.0,0.0,0.0,0.0,0.0,0.0,0.0,0.0,0.0,0.0
2024-08-31,0.0,32.19,12.14,0.0,0.0,0.0,0.0,0.0,0.0,0.0,0.0,0.0,0.0
2024-09-01,0.0,33.34,12.95,0.0,0.0,0.0,0.0,0.0,0.0,0.0,0.0,0.0,0.0
2024-09-02,0.0,33.71,14.92,0.0,0.0,0.0,0.0,0.0,0.0,0.0,0.0,0.0,0.0
2024-09-03,0.0,32.05,17.55,0.0,0.0,0.0,0.0,0.0,0.0,0.0,0.0,0.0,0.0
2024-09-04,0.0,26.96,15.63,0.0,0.0,0.0,0.0,0.0,0.0,0.0,0.0,0.0,0.0
2024-09-05,0.0,30.46,14.48,0.0,0.0,0.0,0.0,0.0,0.0,0.0,0.0,0.0,0.0
2024-09-06,0.0,31.85,15.61,0.0,0.0,0.0,0.0,0.0,0.0,0.0,0.0,0.0,0.0
2024-09-07,0.0,32.23,13.8,0.0,0.0,0.0,0.0,0.0,0.0,0.0,0.0,0.0,0.0
2024-09-08,0.0,31.74,14.89,0.0,0.0,0.0,0.0,0.0,0.0,0.0,0.0,0.0,0.0
2024-09-09,0.0,31.57,17.38,0.0,0.0,0.0,0.0,0.0,0.0,0.0,0.0,0.0,0.0
2024-09-10,0.0,32.48,16.45,0.0,0.0,0.0,0.0,0.0,0.0,0.0,0.0,0.0,0.0
2024-09-11,0.0,31.73,18.37,0.0,0.0,0.0,0.0,0.0,0.0,0.0,0.0,0.0,0.0
2024-09-12,0.0,21.29,12.77,0.0,0.0,0.0,0.0,0.0,0.0,0.0,0.0,0.0,0.0
2024-09-13,0.0,24.32,7.92,0.0,0.0,0.0,0.0,0.0,0.0,0.0,0.0,0.0,0.0
2024-09-14,0.0,27.75,7.6,0.0,0.0,0.0,0.0,0.0,0.0,0.0,0.0,0.0,0.0
2024-09-15,0.0,29.73,11.75,0.0,0.0,0.0,0.0,0.0,0.0,0.0,0.0,0.0,0.0
2024-09-16,1.21,25.56,14.01,0.0,0.0,0.0,0.0,0.0,0.0,0.0,0.0,0.0,0.0
2024-09-17,5.58,17.84,8.12,0.0,0.0,0.0,0.0,0.0,0.0,0.0,0.0,0.0,0.0
2024-09-18,0.0,20.08,6.65,0.0,0.0,0.0,0.0,0.0,0.0,0.0,0.0,0.0,0.0
2024-09-19,0.0,23.23,7.37,0.0,0.0,0.0,0.0,0.0,0.0,0.0,0.0,0.0,0.0
2024-09-20,0.0,25.21,8.88,0.0,0.0,0.0,0.0,0.0,0.0,0.0,0.0,0.0,0.0
2024-09-21,0.0,24.94,9.87,0.0,0.0,0.0,0.0,0.0,0.0,0.0,0.0,0.0,0.0
2024-09-22,0.0,24.86,9.67,0.0,0.0,0.0,0.0,0.0,0.0,0.0,0.0,0.0,0.0
2024-09-23,0.0,23.95,9.1,0.0,0.0,0.0,0.0,0.0,0.0,0.0,0.0,0.0,0.0
2024-09-24,0.0,27.18,10.36,0.0,0.0,0.0,0.0,0.0,0.0,0.0,0.0,0.0,0.0
2024-09-25,0.0,31.71,11.94,0.0,0.0,0.0,0.0,0.0,0.0,0.0,0.0,0.0,0.0
2024-09-26,0.0,31.06,15.14,0.0,0.0,0.0,0.0,0.0,0.0,0.0,0.0,0.0,0.0
2024-09-27,0.0,29.28,10.55,0.0,0.0,0.0,0.0,0.0,0.0,0.0,0.0,0.0,0.0
2024-09-28,0.0,32.25,11.85,0.0,0.0,0.0,0.0,0.0,0.0,0.0,0.0,0.0,0.0
2024-09-29,0.0,33.12,14.7,0.0,0.0,0.0,0.0,0.0,0.0,0.0,0.0,0.0,0.0
2024-09-30,0.0,24.75,9.97,0.0,0.0,0.0,0.0,0.0,0.0,0.0,0.0,0.0,0.0
2024-10-01,0.0,25.66,7.66,0.0,0.0,0.0,0.0,0.0,0.0,0.0,0.0,0.0,0.0
2024-10-02,0.0,28.03,9.54,0.0,0.0,0.0,0.0,0.0,0.0,0.0,0.0,0.0,0.0
2024-10-03,0.0,26.88,10.02,0.0,0.0,0.0,0.0,0.0,0.0,0.0,0.0,0.0,0.0
2024-10-04,0.0,31.55,10.39,0.0,0.0,0.0,0.0,0.0,0.0,0.0,0.0,0.0,0.0
2024-10-05,0.0,25.91,11.09,0.0,0.0,0.0,0.0,0.0,0.0,0.0,0.0,0.0,0.0
2024-10-06,0.0,27.67,10.46,0.0,0.0,0.0,0.0,0.0,0.0,0.0,0.0,0.0,0.0
2024-10-07,0.0,27.5,10.87,0.0,0.0,0.0,0.0,0.0,0.0,0.0,0.0,0.0,0.0
2024-10-08,0.0,27.85,11.61,0.0,0.0,0.0,0.0,0.0,0.0,0.0,0.0,0.0,0.0
2024-10-09,0.0,29.5,11.67,0.0,0.0,0.0,0.0,0.0,0.0,0.0,0.0,0.0,0.0
2024-10-10,0.0,29.86,12.7,0.0,0.0,0.0,0.0,0.0,0.0,0.0,0.0,0.0,0.0
2024-10-11,0.0,27.92,12.26,0.0,0.0,0.0,0.0,0.0,0.0,0.0,0.0,0.0,0.0
2024-10-12,0.0,26.94,11.35,0.0,0.0,0.0,0.0,0.0,0.0,0.0,0.0,0.0,0.0
2024-10-13,0.0,26.36,9.67,0.0,0.0,0.0,0.0,0.0,0.0,0.0,0.0,0.0,0.0
2024-10-14,0.0,26.48,10.12,0.0,0.0,0.0,0.0,0.0,0.0,0.0,0.0,0.0,0.0
2024-10-15,0.0,26.25,11.13,0.0,0.0,0.0,0.0,0.0,0.0,0.0,0.0,0.0,0.0
2024-10-16,2.64,26.69,11.64,0.0,0.0,0.0,0.0,0.0,0.0,0.0,0.0,0.0,0.0
2024-10-17,11.0,16.15,6.22,0.0,0.0,0.0,0.0,0.0,0.0,0.0,0.0,0.0,0.0
2024-10-18,0.0,11.35,4.52,0.0,0.0076199999999999,0.0,0.0,0.0,0.0,0.0,0.00254,0.0,0.0
2024-10-19,0.0,16.48,3.85,0.0,0.0152399999999999,0.0152399999999999,0.0,0.0,0.0,0.00508,0.0076199999999999,0.0,0.0
2024-10-20,0.0,17.99,4.94,0.0,0.0127,0.0152399999999999,0.0,0.0,0.0,0.00254,0.00508,0.0,0.0
2024-10-21,0.0,20.95,6.53,0.0,0.0,0.0127,0.0,0.0,0.0,0.0,0.00254,0.0,0.0
2024-10-22,0.0,21.95,8.41,0.0,0.0,0.0076199999999999,0.0,0.0,0.0,0.0,0.0,0.0,0.0
2024-10-23,0.0,24.42,7.85,0.0,0.0,0.0,0.0,0.0,0.0,0.0,0.0,0.0,0.0
2024-10-24,0.0,17.09,4.46,0.0,0.0,0.0,0.0,0.0,0.0,0.0,0.0,0.0,0.0
2024-10-25,0.0,17.69,0.64,0.0,0.0,0.0,0.0,0.0,0.0,0.0,0.0,0.0,0.0
2024-10-26,0.0,19.37,4.66,0.0,0.0,0.0,0.0,0.0,0.0,0.0,0.0,0.0,0.0
2024-10-27,0.0,19.3,7.08,0.0,0.0,0.0,0.0,0.0,0.0,0.0,0.0,0.0,0.0
2024-10-28,2.49,16.95,4.01,0.0,0.0,0.0,0.0,0.0,0.0,0.0,0.0,0.0,0.0
2024-10-29,0.0,8.69,2.76,0.0,0.0,0.0,0.0,0.0,0.0,0.0,0.0,0.00254,0.0
2024-10-30,0.0,9.15,0.38,0.01016,0.03302,0.0304799999999999,0.0177799999999999,0.00508,0.01016,0.00508,0.01016,0.00508,0.0076199999999999
2024-10-31,0.0,10.63,1.52,0.01016,0.03302,0.0355599999999999,0.0127,0.00508,0.01016,0.00508,0.01016,0.0,0.0076199999999999
2024-11-01,0.0,11.32,-0.9,0.0127,0.03302,0.0380999999999999,0.0127,0.0076199999999999,0.01016,0.0076199999999999,0.01016,0.0,0.0076199999999999
2024-11-02,7.69,11.32,0.71,0.0127,0.0304799999999999,0.0380999999999999,0.0127,0.0,0.01016,0.0076199999999999,0.01016,0.0,0.0076199999999999
2024-11-03,0.0,6.42,-0.82,0.0177799999999999,0.0304799999999999,0.0380999999999999,0.0127,0.0,0.01016,0.0076199999999999,0.01016,0.0,0.01016
2024-11-04,0.0,7.29,-4.03,0.0177799999999999,0.0355599999999999,0.04572,0.0152399999999999,0.0076199999999999,0.0127,0.01016,0.0127,0.0,0.01016
2024-11-05,0.0,5.63,-1.57,0.0177799999999999,0.0380999999999999,0.04572,0.0152399999999999,0.0076199999999999,0.0127,0.01016,0.0127,0.0,0.01016
2024-11-06,0.0,7.31,-3.68,0.02032,0.04064,0.0508,0.02032,0.00508,0.02032,0.0127,0.02032,0.0,0.0127
2024-11-07,0.0,7.97,-3.78,0.02032,0.04064,0.0508,0.02032,0.00254,0.02032,0.0127,0.02032,0.0,0.0127
2024-11-08,0.0,8.46,-3.49,0.02286,0.04064,0.0508,0.02032,0.00254,0.02032,0.0127,0.02032,0.0,0.0127
2024-11-09,0.0,10.59,-1.77,0.0254,0.04064,0.05588,0.02032,0.0,0.02032,0.0152399999999999,0.02032,0.0,0.0127
2024-11-10,0.0,14.53,-1.25,0.0254,0.04064,0.05588,0.02032,0.0,0.02032,0.0152399999999999,0.02032,0.0,0.0127
2024-11-11,3.51,18.64,2.38,0.0254,0.0431799999999999,0.0609599999999999,0.02032,0.0,0.02032,0.0152399999999999,0.02032,0.0,0.0127
2024-11-12,4.64,11.37,0.8,0.02794,0.0431799999999999,0.0609599999999999,0.02032,0.0,0.02032,0.0152399999999999,0.02032,0.0,0.0127
2024-11-13,0.0,9.92,-0.72,0.0304799999999999,0.0508,0.0736599999999999,0.02794,0.0,0.0304799999999999,0.02032,0.0254,0.0,0.0152399999999999
2024-11-14,0.0,12.31,0.16,0.03302,0.0508,0.0761999999999999,0.02794,0.0,0.0304799999999999,0.02032,0.0254,0.0,0.0152399999999999
2024-11-15,8.82,9.83,-1.07,0.03302,0.0508,0.0761999999999999,0.02794,0.0,0.0304799999999999,0.02032,0.0254,0.0,0.0152399999999999
2024-11-16,4.7,3.37,-0.61,0.03302,0.05334,0.07874,0.03302,0.01016,0.04064,0.0254,0.0304799999999999,0.0,0.0152399999999999
2024-11-17,0.0,6.72,-2.39,0.03302,0.0609599999999999,0.0863599999999999,0.04064,0.0127,0.04572,0.02794,0.0304799999999999,0.00508,0.0177799999999999
2024-11-18,0.0,5.04,-1.82,0.03302,0.0609599999999999,0.0863599999999999,0.04064,0.0127,0.04572,0.02794,0.0304799999999999,0.00508,0.0177799999999999
2024-11-19,0.0,3.7,-5.5,0.03302,0.0609599999999999,0.0863599999999999,0.04064,0.0152399999999999,0.04572,0.0355599999999999,0.0355599999999999,0.0076199999999999,0.02286
2024-11-20,0.0,8.5,-6.43,0.03302,0.0609599999999999,0.0863599999999999,0.04064,0.0152399999999999,0.04572,0.0355599999999999,0.04064,0.0076199999999999,0.02794
2024-11-21,0.0,12.86,-0.22,0.03302,0.06604,0.0888999999999999,0.0431799999999999,0.0152399999999999,0.0508,0.0355599999999999,0.04064,0.0076199999999999,0.02794
2024-11-22,0.0,13.66,2.26,0.03302,0.06604,0.0888999999999999,0.0431799999999999,0.0152399999999999,0.0508,0.0355599999999999,0.04064,0.0076199999999999,0.02794
2024-11-23,6.94,15.37,3.21,0.03302,0.06604,0.0888999999999999,0.0431799999999999,0.0152399999999999,0.0508,0.0355599999999999,0.04064,0.01016,0.0304799999999999
2024-11-24,2.18,7.11,-0.31,0.03302,0.06604,0.0888999999999999,0.0431799999999999,0.02032,0.0508,0.0355599999999999,0.04064,0.01016,0.0304799999999999
2024-11-25,0.53,6.03,-3.77,0.03302,0.06858,0.09144,0.04572,0.03302,0.0584199999999999,0.04064,0.04826,0.0152399999999999,0.0355599999999999
2024-11-26,18.3,5.9,-2.49,0.0380999999999999,0.07874,0.1016,0.04572,0.03302,0.0584199999999999,0.04064,0.0508,0.0152399999999999,0.0380999999999999
2024-11-27,0.0,5.56,-3.35,0.04572,0.09144,0.1143,0.05588,0.05588,0.0711199999999999,0.05588,0.06858,0.03302,0.04572
2024-11-28,0.0,4.93,-5.83,0.04572,0.09144,0.1143,0.05588,0.05588,0.0711199999999999,0.05588,0.06858,0.03302,0.04572
2024-11-29,0.0,4.44,-7.62,0.04572,0.09144,0.1143,0.05588,0.05588,0.0711199999999999,0.05588,0.06858,0.03302,0.04572
2024-11-30,0.0,5.21,-6.7,0.04572,0.09144,0.1143,0.05588,0.05588,0.0711199999999999,0.05588,0.06858,0.03302,0.04572
2024-12-01,0.0,6.28,-4.54,0.04826,0.09144,0.1143,0.05588,0.05588,0.0711199999999999,0.05588,0.06858,0.03302,0.04572
2024-12-02,0.0,7.44,-3.02,0.04826,0.09144,0.1143,0.05588,0.05588,0.0711199999999999,0.05588,0.06858,0.03302,0.04572
2024-12-03,0.0,7.35,-3.06,0.04826,0.09144,0.1143,0.0584199999999999,0.05588,0.0711199999999999,0.05588,0.06858,0.03302,0.04572
2024-12-04,0.0,7.07,-3.11,0.04826,0.09144,0.1143,0.0584199999999999,0.05588,0.0711199999999999,0.05588,0.06858,0.03302,0.04572
2024-12-05,0.0,6.59,-3.51,0.04826,0.09144,0.1143,0.0584199999999999,0.05588,0.0711199999999999,0.05588,0.06858,0.03302,0.04572
2024-12-06,0.0,6.01,-4.13,0.04826,0.09144,0.1143,0.0584199999999999,0.05588,0.0711199999999999,0.05588,0.06858,0.03302,0.04572
2024-12-07,0.0,4.88,-4.89,0.04826,0.09144,0.1143,0.0584199999999999,0.05588,0.0711199999999999,0.05588,0.06858,0.03302,0.04572
2024-12-08,0.0,6.21,-3.09,0.04826,0.09144,0.1143,0.0584199999999999,0.05588,0.0711199999999999,0.05588,0.06858,0.03302,0.04572
2024-12-09,0.0,3.35,-5.06,0.04826,0.09144,0.1143,0.0584199999999999,0.05588,0.0711199999999999,0.05588,0.06858,0.03302,0.04572
2024-12-10,0.0,3.46,-6.13,0.04826,0.09144,0.1143,0.0584199999999999,0.05588,0.0711199999999999,0.05588,0.06858,0.03302,0.04572
2024-12-11,0.0,3.43,-6.39,0.04826,0.09144,0.1143,0.0584199999999999,0.05588,0.0711199999999999,0.05588,0.06858,0.03302,0.04572
2024-12-12,3.93,7.95,-3.95,0.04826,0.09652,0.1168399999999999,0.0609599999999999,0.05588,0.0736599999999999,0.05588,0.06858,0.03302,0.04572
2024-12-13,6.12,5.27,-2.08,0.04826,0.09652,0.1168399999999999,0.0609599999999999,0.05588,0.0736599999999999,0.05588,0.06858,0.03302,0.04572
2024-12-14,0.0,9.35,-1.22,0.0508,0.09652,0.1168399999999999,0.0635,0.0584199999999999,0.07874,0.0584199999999999,0.0736599999999999,0.0355599999999999,0.04826
2024-12-15,0.0,6.28,-2.38,0.05588,0.1016,0.11938,0.0635,0.0635,0.0838199999999999,0.0635,0.0761999999999999,0.0355599999999999,0.0508
2024-12-16,0.0,5.95,-4.5,0.05588,0.1016,0.1219199999999999,0.0635,0.0736599999999999,0.0863599999999999,0.06604,0.09144,0.04064,0.0508
2024-12-17,0.0,8.72,-2.19,0.0635,0.10668,0.12446,0.06858,0.08128,0.0863599999999999,0.0711199999999999,0.09144,0.04064,0.0508
2024-12-18,0.0,9.22,-2.16,0.0635,0.11176,0.12954,0.06858,0.0838199999999999,0.0863599999999999,0.0736599999999999,0.09144,0.0431799999999999,0.0508
2024-12-19,0.0,9.03,-1.5,0.0635,0.1143,0.13208,0.06858,0.0838199999999999,0.0863599999999999,0.0736599999999999,0.09906,0.0431799999999999,0.0508
2024-12-20,0.0,9.17,-1.01,0.0635,0.1143,0.13208,0.06858,0.0838199999999999,0.0863599999999999,0.0736599999999999,0.09906,0.0431799999999999,0.0508
2024-12-21,0.0,9.52,-0.5,0.0635,0.1143,0.13208,0.06858,0.0838199999999999,0.0863599999999999,0.0736599999999999,0.09906,0.0431799999999999,0.0508
2024-12-22,1.46,7.22,-0.49,0.0635,0.1143,0.13208,0.06858,0.0838199999999999,0.0863599999999999,0.0736599999999999,0.09906,0.0431799999999999,0.0508
2024-12-23,3.61,6.74,0.98,0.0635,0.1143,0.13208,0.06858,0.0863599999999999,0.0863599999999999,0.0736599999999999,0.09906,0.0431799999999999,0.0508
2024-12-24,10.44,6.57,-0.58,0.0635,0.1143,0.13208,0.06858,0.0888999999999999,0.0863599999999999,0.0736599999999999,0.09906,0.0431799999999999,0.05334
2024-12-25,4.46,4.23,-1.78,0.06604,0.1143,0.13208,0.0711199999999999,0.09144,0.0863599999999999,0.0736599999999999,0.09906,0.0431799999999999,0.05334
2024-12-26,6.0,5.17,-2.65,0.0711199999999999,0.1219199999999999,0.13716,0.07874,0.09398,0.0888999999999999,0.0761999999999999,0.10668,0.04826,0.05588
2024-12-27,12.46,5.44,0.71,0.07874,0.12954,0.1422399999999999,0.0863599999999999,0.1143,0.09906,0.09144,0.1143,0.0584199999999999,0.06604
2024-12-28,12.41,7.24,0.56,0.0863599999999999,0.14478,0.1523999999999999,0.09906,0.13462,0.1143,0.11938,0.13208,0.0711199999999999,0.0761999999999999
2024-12-29,4.51,7.44,0.28,0.1016,0.15748,0.15748,0.10922,0.16256,0.13208,0.13462,0.15748,0.07874,0.09144
2024-12-30,1.61,3.81,-3.16,0.10922,0.1727199999999999,0.1727199999999999,0.1219199999999999,0.18542,0.1473199999999999,0.1473199999999999,0.1651,0.0863599999999999,0.1041399999999999
2024-12-31,,,,0.10922,0.1803399999999999,0.18542,0.1219199999999999,0.18796,0.1523999999999999,0.1473199999999999,0.1777999999999999,0.0863599999999999,0.1041399999999999
2025-01-01,,,,0.10922,0.1803399999999999,0.18542,0.1219199999999999,0.18796,0.1523999999999999,0.1473199999999999,0.1777999999999999,0.0863599999999999,0.1041399999999999
2025-01-02,,,,0.12446,0.18796,0.1905,0.127,0.2057399999999999,0.15748,0.15748,0.1777999999999999,0.09398,0.11176
2025-01-03,,,,0.1397,0.19558,0.19812,0.13716,0.2082799999999999,0.17018,0.1651,0.2057399999999999,0.09906,0.1168399999999999
2025-01-04,,,,0.1397,0.19812,0.20066,0.1397,0.2082799999999999,0.17018,0.1651,0.2057399999999999,0.09906,0.1168399999999999
2025-01-05,,,,0.15494,0.2057399999999999,0.2057399999999999,0.14478,0.2209799999999999,0.18796,0.17018,0.22352,0.1016,0.1219199999999999
2025-01-06,,,,0.15748,0.2057399999999999,0.2082799999999999,0.14478,0.2209799999999999,0.18796,0.17018,0.22352,0.1016,0.1219199999999999
2025-01-07,,,,0.15748,0.2082799999999999,0.21082,0.14478,0.2209799999999999,0.1905,0.1727199999999999,0.2286,0.1041399999999999,0.1219199999999999
2025-01-08,,,,0.15748,0.2082799999999999,0.21082,0.14478,0.2209799999999999,0.1905,0.1727199999999999,0.2286,0.1041399999999999,0.1219199999999999
2025-01-09,,,,0.15748,0.2082799999999999,0.2082799999999999,0.14478,0.2209799999999999,0.1905,0.1727199999999999,0.2286,0.1041399999999999,0.1219199999999999
2025-01-10,,,,0.15748,0.2082799999999999,0.2057399999999999,0.14478,0.2209799999999999,0.1905,0.1727199999999999,0.2286,0.1041399999999999,0.1219199999999999
2025-01-11,,,,0.1651,0.21082,0.2082799999999999,0.14478,0.2209799999999999,0.1905,0.17526,0.2311399999999999,0.1041399999999999,0.1219199999999999
2025-01-12,,,,0.17018,0.21336,0.2082799999999999,0.14986,0.2286,0.19558,0.1777999999999999,0.2413,0.1041399999999999,0.12446
2025-01-13,,,,0.17018,0.21336,0.2082799999999999,0.14986,0.2286,0.19558,0.1777999999999999,0.2413,0.1041399999999999,0.12446
2025-01-14,,,,0.17526,0.2158999999999999,0.21082,0.14986,0.2286,0.19558,0.1777999999999999,0.2413,0.1041399999999999,0.12446
2025-01-15,,,,0.17526,0.2158999999999999,0.21082,0.14986,0.2286,0.19558,0.1777999999999999,0.2413,0.1041399999999999,0.12446
2025-01-16,,,,0.1777999999999999,0.21844,0.21336,0.14986,0.2286,0.19558,0.1777999999999999,0.2413,0.1041399999999999,0.12446
2025-01-17,,,,0.1777999999999999,0.21844,0.21336,0.14986,0.2286,0.19558,0.1777999999999999,0.2413,0.1041399999999999,0.12446
2025-01-18,,,,0.1803399999999999,0.21844,0.2158999999999999,0.1523999999999999,0.2286,0.19558,0.1777999999999999,0.2413,0.1041399999999999,0.12446
2025-01-19,,,,0.1803399999999999,0.22606,0.21844,0.1523999999999999,0.2286,0.19812,0.1803399999999999,0.2463799999999999,0.1041399999999999,0.12446
2025-01-20,,,,0.18288,0.22606,0.21844,0.1523999999999999,0.2286,0.19812,0.1803399999999999,0.2463799999999999,0.1041399999999999,0.12446
2025-01-21,,,,0.18288,0.22606,0.21844,0.1523999999999999,0.2286,0.19812,0.1803399999999999,0.2463799999999999,0.1041399999999999,0.12446
2025-01-22,,,,0.18288,0.22606,0.21844,0.15494,0.2286,0.19812,0.1803399999999999,0.2463799999999999,0.1041399999999999,0.12446
2025-01-23,,,,0.18288,0.22606,0.21844,0.15494,0.2286,0.19812,0.1803399999999999,0.2463799999999999,0.1041399999999999,0.12446
2025-01-24,,,,0.18288,0.22606,0.21844,0.15494,0.2286,0.19812,0.1803399999999999,0.2463799999999999,0.1041399999999999,0.12446
2025-01-25,,,,0.18796,0.22606,0.21844,0.15748,0.2311399999999999,0.19812,0.18542,0.2463799999999999,0.1041399999999999,0.12446
2025-01-26,,,,0.1905,0.22606,0.21844,0.16002,0.2311399999999999,0.20066,0.19304,0.2463799999999999,0.10668,0.127
2025-01-27,,,,0.1905,0.22606,0.21844,0.16002,0.2311399999999999,0.20066,0.19304,0.24892,0.10668,0.127
2025-01-28,,,,0.1905,0.2286,0.2209799999999999,0.16002,0.2311399999999999,0.20066,0.19304,0.24892,0.10668,0.127
2025-01-29,,,,0.1905,0.2286,0.2209799999999999,0.16002,0.2311399999999999,0.20066,0.19304,0.24892,0.10668,0.127
2025-01-30,,,,0.1905,0.2286,0.2209799999999999,0.16002,0.2311399999999999,0.20066,0.19304,0.24892,0.10668,0.127
2025-01-31,,,,0.1905,0.2286,0.2209799999999999,0.16002,0.2311399999999999,0.20066,0.19304,0.24892,0.10668,0.127
2025-02-01,,,,0.19304,0.2311399999999999,0.22352,0.16002,0.2413,0.20066,0.19812,0.24892,0.10668,0.12954
2025-02-02,,,,0.2082799999999999,0.2438399999999999,0.22606,0.1651,0.27686,0.2082799999999999,0.21336,0.2819399999999999,0.1168399999999999,0.14478
2025-02-03,,,,0.2082799999999999,0.2463799999999999,0.22606,0.1651,0.2819399999999999,0.2082799999999999,0.21336,0.26162,0.1168399999999999,0.1473199999999999
2025-02-04,,,,0.2082799999999999,0.2463799999999999,0.22606,0.16002,0.2819399999999999,0.2082799999999999,0.21336,0.2413,0.1168399999999999,0.1473199999999999
2025-02-05,,,,0.2082799999999999,0.2463799999999999,0.2286,0.1523999999999999,0.2819399999999999,0.2082799999999999,0.21336,0.21336,0.1168399999999999,0.1473199999999999
2025-02-06,,,,0.2082799999999999,0.25654,0.23876,0.15494,0.2946399999999999,0.2158999999999999,0.22352,0.21336,0.1168399999999999,0.15748
2025-02-07,,,,0.2082799999999999,0.25908,0.23876,0.15748,0.2946399999999999,0.2158999999999999,0.22352,0.21336,0.1168399999999999,0.15748
2025-02-08,,,,0.22606,0.2920999999999999,0.2667,0.17018,0.3175,0.23622,0.26924,0.2336799999999999,0.1219199999999999,0.1676399999999999
2025-02-09,,,,0.22606,0.2920999999999999,0.2667,0.1727199999999999,0.32004,0.23876,0.2717799999999999,0.2336799999999999,0.1219199999999999,0.17018
2025-02-10,,,,0.22606,0.2920999999999999,0.2667,0.1727199999999999,0.32004,0.23876,0.2717799999999999,0.23622,0.1219199999999999,0.17018
2025-02-11,,,,0.22606,0.2971799999999999,0.26924,0.1727199999999999,0.32004,0.23876,0.2717799999999999,0.23622,0.1219199999999999,0.17018
2025-02-12,,,,0.22606,0.2971799999999999,0.26924,0.1803399999999999,0.32258,0.2413,0.2717799999999999,0.2438399999999999,0.12446,0.1727199999999999
2025-02-13,,,,0.22606,0.2971799999999999,0.26924,0.1803399999999999,0.32258,0.2413,0.2717799999999999,0.25146,0.12446,0.1727199999999999
2025-02-14,,,,0.25654,0.32004,0.2844799999999999,0.18542,0.3454399999999999,0.25654,0.2920999999999999,0.27432,0.13462,0.1905
2025-02-15,,,,0.27432,0.3454399999999999,0.29972,0.18796,0.37084,0.27686,0.31242,0.31242,0.1422399999999999,0.2057399999999999
2025-02-16,,,,0.27432,0.35052,0.30226,0.19304,0.381,0.2794,0.31242,0.3302,0.1523999999999999,0.21336
2025-02-17,,,,0.2819399999999999,0.3606799999999999,0.30988,0.2032,0.39624,0.28956,0.32512,0.3454399999999999,0.16002,0.22606
2025-02-18,,,,0.2946399999999999,0.37592,0.32258,0.2158999999999999,0.40386,0.2971799999999999,0.33274,0.3555999999999999,0.1676399999999999,0.2336799999999999
2025-02-19,,,,0.2946399999999999,0.37846,0.32512,0.2209799999999999,0.41402,0.29972,0.3352799999999999,0.3581399999999999,0.1676399999999999,0.23622
2025-02-20,,,,0.2971799999999999,0.381,0.32766,0.2209799999999999,0.4165599999999999,0.30226,0.33782,0.3581399999999999,0.1676399999999999,0.23876
2025-02-21,,,,0.3047999999999999,0.38862,0.3352799999999999,0.2209799999999999,0.4241799999999999,0.32004,0.3454399999999999,0.3682999999999999,0.1727199999999999,0.2413
2025-02-22,,,,0.3047999999999999,0.38862,0.3352799999999999,0.2209799999999999,0.4241799999999999,0.32004,0.3454399999999999,0.3682999999999999,0.1727199999999999,0.2413
2025-02-23,,,,0.3047999999999999,0.38862,0.3352799999999999,0.2209799999999999,0.4241799999999999,0.32004,0.3454399999999999,0.3682999999999999,0.1727199999999999,0.2413
2025-02-24,,,,0.3047999999999999,0.38862,0.3352799999999999,0.2209799999999999,0.4292599999999999,0.32004,0.35052,0.3682999999999999,0.1727199999999999,0.2413
2025-02-25,,,,0.3047999999999999,0.38862,0.3352799999999999,0.2209799999999999,0.4292599999999999,0.32004,0.35052,0.3682999999999999,0.1727199999999999,0.2413
2025-02-26,,,,0.3047999999999999,0.38862,0.3352799999999999,0.2209799999999999,0.4292599999999999,0.32004,0.35052,0.3682999999999999,0.1727199999999999,0.2413
2025-02-27,,,,0.3047999999999999,0.38862,0.3352799999999999,0.2209799999999999,0.4292599999999999,0.32004,0.35052,0.3682999999999999,0.1727199999999999,0.2413
2025-02-28,,,,0.3047999999999999,0.38862,0.3352799999999999,0.2209799999999999,0.4292599999999999,0.3175,0.35052,0.3682999999999999,0.1727199999999999,0.2413
2025-03-01,,,,0.3047999999999999,0.38862,0.3352799999999999,0.2209799999999999,0.4292599999999999,0.3175,0.35052,0.3682999999999999,0.16256,0.2413
2025-03-02,,,,0.3047999999999999,0.38862,0.3352799999999999,0.2209799999999999,0.4292599999999999,0.3175,0.35052,0.3682999999999999,0.15748,0.23876
2025-03-03,,,,0.3047999999999999,0.38862,0.3352799999999999,0.2209799999999999,0.42164,0.3175,0.35052,0.3682999999999999,0.15494,0.23876
2025-03-04,,,,0.30734,0.39624,0.34036,0.2286,0.42164,0.32004,0.3581399999999999,0.37084,0.1523999999999999,0.23876
2025-03-05,,,,0.30988,0.4064,0.3454399999999999,0.2311399999999999,0.42164,0.32258,0.3606799999999999,0.37084,0.1473199999999999,0.23876
2025-03-06,,,,0.31496,0.4114799999999999,0.35052,0.2336799999999999,0.43434,0.32512,0.38354,0.38608,0.15494,0.254
2025-03-07,,,,0.32766,0.4241799999999999,0.3581399999999999,0.2413,0.44704,0.3429,0.4064,0.4241799999999999,0.17018,0.26924
2025-03-08,,,,0.32766,0.42672,0.3606799999999999,0.2438399999999999,0.44958,0.35052,0.40894,0.4241799999999999,0.17526,0.27432
2025-03-09,,,,0.32766,0.42672,0.3606799999999999,0.2438399999999999,0.44958,0.35052,0.40894,0.4241799999999999,0.17526,0.27432
2025-03-10,,,,0.32766,0.42672,0.3606799999999999,0.2438399999999999,0.44958,0.35052,0.40894,0.4191,0.17526,0.27432
2025-03-11,,,,0.32766,0.42672,0.3606799999999999,0.2438399999999999,0.44958,0.35052,0.40894,0.4191,0.1651,0.27432
2025-03-12,,,,0.32766,0.42672,0.3606799999999999,0.2438399999999999,0.44958,0.3479799999999999,0.40894,0.4165599999999999,0.15494,0.27432
2025-03-13,,,,0.3302,0.42672,0.3606799999999999,0.2463799999999999,0.44958,0.34036,0.40894,0.41402,0.13716,0.27432
2025-03-14,,,,0.3352799999999999,0.43688,0.37592,0.25908,0.4572,0.36576,0.43688,0.43688,0.13716,0.2844799999999999
2025-03-15,,,,0.34036,0.4419599999999999,0.381,0.25908,0.45974,0.37338,0.4445,0.44704,0.13716,0.28702
2025-03-16,,,,0.3454399999999999,0.44704,0.38354,0.26416,0.4673599999999999,0.38354,0.4546599999999999,0.4622799999999999,0.1473199999999999,0.2920999999999999
2025-03-17,,,,0.3479799999999999,0.44958,0.38354,0.26416,0.4699,0.38354,0.4546599999999999,0.4622799999999999,0.1473199999999999,0.2920999999999999
2025-03-18,,,,0.35052,0.44958,0.38862,0.26416,0.47244,0.3937,0.46482,0.46482,0.12446,0.2946399999999999
2025-03-19,,,,0.36322,0.4699,0.40894,0.2794,0.4749799999999999,0.4114799999999999,0.4800599999999999,0.4800599999999999,0.127,0.2971799999999999
2025-03-20,,,,0.36322,0.4699,0.40894,0.2794,0.4749799999999999,0.4114799999999999,0.4826,0.4800599999999999,0.127,0.2971799999999999
2025-03-21,,,,0.36322,0.4699,0.40894,0.2794,0.4749799999999999,0.4114799999999999,0.4826,0.4800599999999999,0.127,0.2971799999999999
2025-03-22,,,,0.3682999999999999,0.47752,0.4114799999999999,0.2844799999999999,0.4749799999999999,0.41402,0.4876799999999999,0.4826,0.10922,0.29972
2025-03-23,,,,0.37084,0.4800599999999999,0.4165599999999999,0.28956,0.49022,0.42164,0.4927599999999999,0.4876799999999999,0.1016,0.30226
2025-03-24,,,,0.35052,0.4800599999999999,0.4165599999999999,0.28956,0.49022,0.4165599999999999,0.4927599999999999,0.4876799999999999,0.0863599999999999,0.2946399999999999
2025-03-25,,,,0.3352799999999999,0.4749799999999999,0.4114799999999999,0.28702,0.49022,0.4064,0.4927599999999999,0.47752,0.0635,0.2920999999999999
2025-03-26,,,,0.32004,0.4699,0.40894,0.2794,0.4800599999999999,0.39624,0.4927599999999999,0.46482,0.03302,0.28702
2025-03-27,,,,0.3047999999999999,0.46482,0.40386,0.25908,0.4546599999999999,0.37846,0.49022,0.44958,0.0127,0.27686
2025-03-28,,,,0.29972,0.45974,0.3987799999999999,0.2463799999999999,0.43688,0.3606799999999999,0.4876799999999999,0.4241799999999999,0.0,0.26162
2025-03-29,,,,0.29972,0.4622799999999999,0.3987799999999999,0.23876,0.43434,0.3555999999999999,0.4876799999999999,0.41402,0.0,0.25908
2025-03-30,,,,0.30226,0.4699,0.40132,0.2413,0.43688,0.35306,0.49022,0.4165599999999999,0.0,0.25654
2025-03-31,,,,0.3047999999999999,0.4699,0.40132,0.2438399999999999,0.43942,0.35052,0.49022,0.4165599999999999,0.0,0.25654
2025-04-01,,,,0.31496,0.4952999999999999,0.42164,0.25654,0.45212,0.3606799999999999,0.50292,0.42672,0.0,0.2667
2025-04-02,,,,0.32258,0.5054599999999999,0.4317999999999999,0.26416,0.4622799999999999,0.37846,0.51562,0.4445,0.00508,0.27432
2025-04-03,,,,0.32258,0.508,0.43688,0.26416,0.4673599999999999,0.37846,0.51816,0.44704,0.0,0.27432
2025-04-04,,,,0.32258,0.51054,0.4419599999999999,0.26416,0.4673599999999999,0.38608,0.52324,0.4546599999999999,0.0,0.2794
2025-04-05,,,,0.32512,0.51054,0.4419599999999999,0.26416,0.4673599999999999,0.38608,0.52832,0.4572,0.0,0.2794
2025-04-06,,,,0.3175,0.51054,0.4419599999999999,0.26416,0.4673599999999999,0.38608,0.52832,0.4546599999999999,0.0,0.2794
2025-04-07,,,,0.30226,0.51054,0.4419599999999999,0.25908,0.4673599999999999,0.38354,0.52832,0.45212,0.0,0.2794
2025-04-08,,,,0.2920999999999999,0.51054,0.43688,0.254,0.44704,0.37084,0.5257799999999999,0.43688,0.0,0.2717799999999999
2025-04-09,,,,0.2794,0.5054599999999999,0.43688,0.23622,0.43434,0.3606799999999999,0.52324,0.4165599999999999,0.0,0.26416
2025-04-10,,,,0.2667,0.49784,0.42672,0.22606,0.4165599999999999,0.3429,0.5206999999999999,0.3987799999999999,0.0,0.2463799999999999
2025-04-11,,,,0.25146,0.4927599999999999,0.4114799999999999,0.2032,0.3937,0.31496,0.51054,0.37592,0.0,0.2286
2025-04-12,,,,0.23622,0.47752,0.39116,0.17526,0.3682999999999999,0.27686,0.4927599999999999,0.34036,0.0,0.2057399999999999
2025-04-13,,,,0.22352,0.4622799999999999,0.37084,0.1473199999999999,0.3454399999999999,0.25146,0.47752,0.31242,0.0,0.18542
2025-04-14,,,,0.2158999999999999,0.44958,0.37084,0.13716,0.34036,0.2438399999999999,0.4673599999999999,0.29972,0.0,0.18288
2025-04-15,,,,0.20066,0.44958,0.37084,0.12446,0.32766,0.22606,0.46482,0.2844799999999999,0.0,0.1777999999999999
2025-04-16,,,,0.18796,0.43942,0.35306,0.11176,0.30734,0.20066,0.45212,0.25654,0.0,0.16002
2025-04-17,,,,0.1777999999999999,0.4317999999999999,0.3429,0.11176,0.28956,0.1777999999999999,0.43942,0.2286,0.0,0.14478
2025-04-18,,,,0.1905,0.44958,0.36322,0.13208,0.31496,0.1905,0.45212,0.23876,0.0,0.14986
2025-04-19,,,,0.1777999999999999,0.44958,0.36322,0.12954,0.31496,0.19558,0.45974,0.2463799999999999,0.0,0.15494
2025-04-20,,,,0.17018,0.44958,0.36576,0.12446,0.31496,0.18288,0.45974,0.2336799999999999,0.0,0.1473199999999999
2025-04-21,,,,0.1651,0.45212,0.3606799999999999,0.11176,0.30226,0.16002,0.45974,0.20066,0.0,0.12954
2025-04-22,,,,0.1523999999999999,0.45212,0.3555999999999999,0.09906,0.29972,0.13208,0.45212,0.1651,0.0,0.1168399999999999
2025-04-23,,,,0.13716,0.44704,0.34036,0.0838199999999999,0.27432,0.10668,0.43688,0.11938,0.0,0.09652
2025-04-24,,,,0.13462,0.43688,0.31496,0.0635,0.254,0.0863599999999999,0.42164,0.09906,0.0,0.07874
2025-04-25,,,,0.1168399999999999,0.43688,0.30988,0.04826,0.23876,0.06604,0.41402,0.0761999999999999,0.0,0.0609599999999999
2025-04-26,,,,0.1016,0.42672,0.2946399999999999,0.0304799999999999,0.2158999999999999,0.03302,0.3987799999999999,0.0635,0.0,0.04064
2025-04-27,,,,0.0761999999999999,0.40894,0.27432,0.0152399999999999,0.18542,0.0,0.381,0.0431799999999999,0.0,0.0127
2025-04-28,,,,0.0508,0.40894,0.27432,0.0,0.1803399999999999,0.0,0.37592,0.0355599999999999,0.0,0.0
2025-04-29,,,,0.0254,0.4064,0.26162,0.0,0.1651,0.0,0.37592,0.02794,0.0,0.0
2025-04-30,,,,0.0,0.38354,0.2463799999999999,0.0,0.13462,0.0,0.3555999999999999,0.0177799999999999,0.0,0.0
2025-05-01,,,,0.0,0.38354,0.23876,0.0,0.13716,0.0,0.3555999999999999,0.01016,0.0,0.0
2025-05-02,,,,0.0,0.37084,0.22352,0.0,0.10668,0.0,0.34036,0.0,0.0,0.0
2025-05-03,,,,0.0,0.3479799999999999,0.19558,0.0,0.0761999999999999,0.0,0.31496,0.0,0.0,0.0
2025-05-04,,,,0.0,0.32512,0.1651,0.0,0.0355599999999999,0.0,0.2971799999999999,0.0,0.0,0.0
2025-05-05,,,,0.0,0.30226,0.1397,0.0,0.0127,0.0,0.28956,0.0,0.0,0.0
2025-05-06,,,,0.0,0.3047999999999999,0.13716,0.0,0.0127,0.0,0.30226,0.0,0.0,0.0
2025-05-07,,,,0.0,0.29972,0.12446,0.0,0.00508,0.0,0.30226,0.0,0.0,0.0
2025-05-08,,,,0.0,0.26924,0.1016,0.0,0.0,0.0,0.2794,0.0,0.0,0.0
2025-05-09,,,,0.0,0.2438399999999999,0.06604,0.0,0.0,0.0,0.25654,0.0,0.0,0.0
2025-05-10,,,,0.0,0.21082,0.02032,0.0,0.0,0.0,0.22606,0.0,0.0,0.0
2025-05-11,,,,0.0,0.1727199999999999,0.0,0.0,0.0,0.0,0.1905,0.0,0.0,0.0
2025-05-12,,,,0.0,0.13716,0.0,0.0,0.0,0.0,0.15748,0.0,0.0,0.0
2025-05-13,,,,0.0,0.09398,0.0,0.0,0.0,0.0,0.11938,0.0,0.0,0.0
2025-05-14,,,,0.0,0.0863599999999999,0.0,0.0,0.0,0.0,0.10922,0.0,0.0,0.0
2025-05-15,,,,0.0,0.09398,0.0,0.0,0.0,0.0,0.11176,0.0152399999999999,0.0,0.0
2025-05-16,,,,0.0,0.09906,0.0,0.0,0.0,0.0,0.1016,0.0,0.0,0.0
2025-05-17,,,,0.0,0.09398,0.0,0.0,0.0,0.0,0.09398,0.0,0.0,0.0
2025-05-18,,,,0.0,0.07874,0.0,0.0,0.0,0.0,0.07874,0.0,0.0,0.0
2025-05-19,,,,0.0,0.0888999999999999,0.0,0.0,0.0,0.0,0.08128,0.0,0.0,0.0
2025-05-20,,,,0.0,0.0838199999999999,0.0,0.0,0.0,0.0,0.0736599999999999,0.0,0.0,0.0
2025-05-21,,,,0.0,0.0736599999999999,0.0,0.0,0.0,0.0,0.05588,0.0,0.0,0.0
2025-05-22,,,,0.0,0.0431799999999999,0.0,0.0,0.0,0.0,0.0254,0.0,0.0,0.0
2025-05-23,,,,0.0,0.0152399999999999,0.0,0.0,0.0,0.0,0.02032,0.0,0.0,0.0
2025-05-24,,,,0.0,0.0,0.0,0.0,0.0,0.0,0.0,0.0,0.0,0.0
2025-05-25,,,,0.0,0.0,0.0,0.0,0.0,0.0,0.0,0.0,0.0,0.0
2025-05-26,,,,0.0,0.0,0.0,0.0,0.0,0.0,0.0,0.0,0.0,0.0
2025-05-27,,,,0.0,0.0,0.0,0.0,0.0,0.0,0.0,0.0,0.0,0.0
2025-05-28,,,,0.0,0.0,0.0,0.0,0.0,0.0,0.0,0.0,0.0,0.0
2025-05-29,,,,0.0,0.0,0.0,0.0,0.0,0.0,0.0,0.0,0.0,0.0
2025-05-30,,,,0.0,0.0,0.0,0.0,0.0,0.0,0.0,0.0,0.0,0.0
2025-05-31,,,,0.0,0.0,0.0,0.0,0.0,0.0,0.0,0.0,0.0,0.0
2025-06-01,,,,0.0,0.0,0.0,0.0,0.0,0.0,0.0,0.0,0.0,0.0
2025-06-02,,,,0.0,0.0,0.0,0.0,0.0,0.0,0.0,0.0,0.0,0.0
2025-06-03,,,,0.0,0.0,0.0,0.0,0.0,0.0,0.0,0.0,0.0,0.0
2025-06-04,,,,0.0,0.0,0.0,0.0,0.0,0.0,0.0,0.0,0.0,0.0
2025-06-05,,,,0.0,0.0,0.0,0.0,0.0,0.0,0.0,0.0,0.0,0.0
2025-06-06,,,,0.0,0.0,0.0,0.0,0.0,0.0,0.0,0.0,0.0,0.0
2025-06-07,,,,0.0,0.0,0.0,0.0,0.0,0.0,0.0,0.0,0.0,0.0
2025-06-08,,,,0.0,0.0,0.0,0.0,0.0,0.0,0.0,0.0,0.0,0.0
2025-06-09,,,,0.0,0.0,0.0,0.0,0.0,0.0,0.0,0.0,0.0,0.0
2025-06-10,,,,0.0,0.0,0.0,0.0,0.0,0.0,0.0,0.0,0.0,0.0
2025-06-11,,,,0.0,0.0,0.0,0.0,0.0,0.0,0.0,0.0,0.0,0.0
2025-06-12,,,,0.0,0.0,0.0,0.0,0.0,0.0,0.0,0.0,0.0,0.0
2025-06-13,,,,0.0,0.0,0.0,0.0,0.0,0.0,0.0,0.0,0.0,0.0
2025-06-14,,,,0.0,0.0,0.0,0.0,0.0,0.0,0.0,0.0,0.0,0.0
2025-06-15,,,,0.0,0.0,0.0,0.0,0.0,0.0,0.0,0.0,0.0,0.0
2025-06-16,,,,0.0,0.0,0.0,0.0,0.0,0.0,0.0,0.0,0.0,0.0
2025-06-17,,,,0.0,0.0,0.0,0.0,0.0,0.0,0.0,0.0,0.0,0.0
2025-06-18,,,,0.0,0.0,0.0,0.0,0.0,0.0,0.0,0.0,0.0,0.0
2025-06-19,,,,0.0,0.0,0.0,0.0,0.0,0.0,0.0,0.0,0.0,0.0
2025-06-20,,,,0.0,0.0,0.0,0.0,0.0,0.0,0.0,0.0,0.0,0.0
2025-06-21,,,,0.0,0.0,0.0,0.0,0.0,0.0,0.0,0.0,0.0,0.0
2025-06-22,,,,0.0,0.0,0.0,0.0,0.0,0.0,0.0,0.0,0.0,0.0
2025-06-23,,,,0.0,0.0,0.0,0.0,0.0,0.0,0.0,0.0,0.0,0.0
2025-06-24,,,,0.0,0.0,0.0,0.0,0.0,0.0,0.0,0.0,0.0,0.0
2025-06-25,,,,0.0,0.0,0.0,0.0,0.0,0.0,0.0,0.0,0.0,0.0
2025-06-26,,,,0.0,0.0,0.0,0.0,0.0,0.0,0.0,0.0,0.0,0.0
2025-06-27,,,,0.0,0.0,0.0,0.0,0.0,0.0,0.0,0.0,0.0,0.0
2025-06-28,,,,0.0,0.0,0.0,0.0,0.0,0.0,0.0,0.0,0.0,0.0
2025-06-29,,,,0.0,0.0,0.0,0.0,0.0,0.0,0.0,0.0,0.0,0.0
2025-06-30,,,,0.0,0.0,0.0,0.0,0.0,0.0,0.0,0.0,0.0,0.0
2025-07-01,,,,0.0,0.0,0.0,0.0,0.0,0.0,0.0,0.0,0.0,0.0
2025-07-02,,,,0.0,0.0,0.0,0.0,0.0,0.0,0.0,0.0,0.0,0.0
2025-07-03,,,,0.0,0.0,0.0,0.0,0.0,0.0,0.0,0.0,0.0,0.0
2025-07-04,,,,0.0,0.0,0.0,0.0,0.0,0.0,0.0,0.0,0.0,0.0
2025-07-05,,,,0.0,0.0,0.0,0.0,0.0,0.0,0.0,0.0,0.0,0.0
2025-07-06,,,,0.0,0.0,0.0,0.0,0.0,0.0,0.0,0.0,0.0,0.0
2025-07-07,,,,0.0,0.0,0.0,0.0,0.0,0.0,0.0,0.0,0.0,0.0
2025-07-08,,,,0.0,0.0,0.0,0.0,0.0,0.0,0.0,0.0,0.0,0.0
2025-07-09,,,,0.0,0.0,0.0,0.0,0.0,0.0,0.0,0.0,0.0,0.0
2025-07-10,,,,0.0,0.0,0.0,0.0,0.0,0.0,0.0,0.0,0.0,0.0
2025-07-11,,,,0.0,0.0,0.0,0.0,0.0,0.0,0.0,0.0,0.0,0.0
2025-07-12,,,,0.0,0.0,0.0,0.0,0.0,0.0,0.0,0.0,0.0,0.0
2025-07-13,,,,0.0,0.0,0.0,0.0,0.0,0.0,0.0,0.0,0.0,0.0
2025-07-14,,,,0.0,0.0,0.0,0.0,0.0,0.0,0.0,0.0,0.0,0.0
2025-07-15,,,,0.0,0.0,0.0,0.0,0.0,0.0,0.0,0.0,0.0,0.0
2025-07-16,,,,0.0,0.0,0.0,0.0,0.0,0.0,0.0,0.0,0.0,0.0
2025-07-17,,,,0.0,0.0,0.0,0.0,0.0,0.0,0.0,0.0,0.0,0.0
2025-07-18,,,,0.0,0.0,0.0,0.0,0.0,0.0,0.0,0.0,0.0,0.0
2025-07-19,,,,0.0,0.0,0.0,0.0,0.0,0.0,0.0,0.0,0.0,0.0
2025-07-20,,,,0.0,0.0,0.0,0.0,0.0,0.0,0.0,0.0,0.0,0.0
2025-07-21,,,,0.0,0.0,0.0,0.0,0.0,0.0,0.0,0.0,0.0,0.0
2025-07-22,,,,0.0,0.0,0.0,0.0,0.0,0.0,0.0,0.0,0.0,0.0
2025-07-23,,,,0.0,0.0,0.0,0.0,0.0,0.0,0.0,0.0,0.0,0.0
2025-07-24,,,,0.0,0.0,0.0,0.0,0.0,0.0,0.0,0.0,0.0,0.0
2025-07-25,,,,0.0,0.0,0.0,0.0,0.0,0.0,0.0,0.0,0.0,0.0
2025-07-26,,,,0.0,0.0,0.0,0.0,0.0,0.0,0.0,0.0,0.0,0.0
2025-07-27,,,,0.0,0.0,0.0,0.0,0.0,0.0,0.0,0.0,0.0,0.0
2025-07-28,,,,0.0,0.0,0.0,0.0,0.0,0.0,0.0,0.0,0.0,0.0
2025-07-29,,,,0.0,0.0,0.0,0.0,0.0,0.0,0.0,0.0,0.0,0.0
2025-07-30,,,,0.0,0.0,0.0,0.0,0.0,0.0,0.0,0.0,0.0,0.0
2025-07-31,,,,0.0,0.0,0.0,0.0,0.0,0.0,0.0,0.0,0.0,0.0
2025-08-01,,,,0.0,0.0,0.0,0.0,0.0,0.0,0.0,0.0,0.0,0.0
2025-08-02,,,,0.0,0.0,0.0,0.0,0.0,0.0,0.0,0.0,0.0,0.0
2025-08-03,,,,0.0,0.0,0.0,0.0,0.0,0.0,0.0,0.0,0.0,0.0
2025-08-04,,,,0.0,0.0,0.0,0.0,0.0,0.0,0.0,0.0,0.0,0.0
2025-08-05,,,,0.0,0.0,0.0,0.0,0.0,0.0,0.0,0.0,0.0,0.0
2025-08-06,,,,0.0,0.0,0.0,0.0,0.0,0.0,0.0,0.0,0.0,0.0
2025-08-07,,,,0.0,0.0,0.0,0.0,0.0,0.0,0.0,0.0,0.0,0.0
2025-08-08,,,,0.0,0.0,0.0,0.0,0.0,0.0,0.0,0.0,0.0,0.0
2025-08-09,,,,0.0,0.0,0.0,0.0,0.0,0.0,0.0,0.0,0.0,0.0
2025-08-10,,,,0.0,0.0,0.0,0.0,0.0,0.0,0.0,0.0,0.0,0.0
2025-08-11,,,,0.0,0.0,0.0,0.0,0.0,0.0,0.0,0.0,0.0,0.0
2025-08-12,,,,0.0,0.0,0.0,0.0,0.0,0.0,0.0,0.0,0.0,0.0
2025-08-13,,,,0.0,0.0,0.0,0.0,0.0,0.0,0.0,0.0,0.0,0.0
2025-08-14,,,,0.0,0.0,0.0,0.0,0.0,0.0,0.0,0.0,0.0,0.0
2025-08-15,,,,0.0,0.0,0.0,0.0,0.0,0.0,0.0,0.0,0.0,0.0
2025-08-16,,,,0.0,0.0,0.0,0.0,0.0,0.0,0.0,0.0,0.0,0.0
2025-08-17,,,,0.0,0.0,0.0,0.0,0.0,0.0,0.0,0.0,0.0,0.0
2025-08-18,,,,0.0,0.0,0.0,0.0,0.0,0.0,0.0,0.0,0.0,0.0
2025-08-19,,,,0.0,0.0,0.0,0.0,0.0,0.0,0.0,0.0,0.0,0.0
2025-08-20,,,,0.0,0.0,0.0,0.0,0.0,0.0,0.0,0.0,0.0,0.0
2025-08-21,,,,0.0,0.0,0.0,0.0,0.0,0.0,0.0,0.0,0.0,0.0
2025-08-22,,,,0.0,0.0,0.0,0.0,0.0,0.0,0.0,0.0,0.0,0.0
2025-08-23,,,,0.0,0.0,0.0,0.0,0.0,0.0,0.0,0.0,0.0,0.0
2025-08-24,,,,0.0,0.0,0.0,0.0,0.0,0.0,0.0,0.0,0.0,0.0
2025-08-25,,,,0.0,0.0,0.0,0.0,0.0,0.0,0.0,0.0,0.0,0.0
2025-08-26,,,,0.0,0.0,0.0,0.0,0.0,0.0,0.0,0.0,0.0,0.0
2025-08-27,,,,0.0,0.0,0.0,0.0,0.0,0.0,0.0,0.0,0.0,0.0
2025-08-28,,,,0.0,0.0,0.0,0.0,0.0,0.0,0.0,0.0,0.0,0.0
2025-08-29,,,,0.0,0.0,0.0,0.0,0.0,0.0,0.0,0.0,0.0,0.0
2025-08-30,,,,0.0,0.0,0.0,0.0,0.0,0.0,0.0,0.0,0.0,0.0
2025-08-31,,,,0.0,0.0,0.0,0.0,0.0,0.0,0.0,0.0,0.0,0.0
2025-09-01,,,,0.0,0.0,0.0,0.0,0.0,0.0,0.0,0.0,0.0,0.0
2025-09-02,,,,0.0,0.0,0.0,0.0,0.0,0.0,0.0,0.0,0.0,0.0
2025-09-03,,,,0.0,0.0,0.0,0.0,0.0,0.0,0.0,0.0,0.0,0.0
2025-09-04,,,,0.0,0.0,0.0,0.0,0.0,0.0,0.0,0.0,0.0,0.0
2025-09-05,,,,0.0,0.0,0.0,0.0,0.0,0.0,0.0,0.0,0.0,0.0
2025-09-06,,,,0.0,0.0,0.0,0.0,0.0,0.0,0.0,0.0,0.0,0.0
2025-09-07,,,,0.0,0.0,0.0,0.0,0.0,0.0,0.0,0.0,0.0,0.0
2025-09-08,,,,0.0,0.0,0.0,0.0,0.0,0.0,0.0,0.0,0.0,0.0
2025-09-09,,,,0.0,0.0,0.0,0.0,0.0,0.0,0.0,0.0,0.0,0.0
2025-09-10,,,,0.0,0.0,0.0,0.0,0.0,0.0,0.0,0.0,0.0,0.0
2025-09-11,,,,0.0,0.0,0.0,0.0,0.0,0.0,0.0,0.0,0.0,0.0
2025-09-12,,,,0.0,0.0,0.0,0.0,0.0,0.0,0.0,0.0,0.0,0.0
2025-09-13,,,,0.0,0.0,0.0,0.0,0.0,0.0,0.0,0.0,0.0,0.0
2025-09-14,,,,0.0,0.0,0.0,0.0,0.0,0.0,0.0,0.0,0.0,0.0
2025-09-15,,,,0.0,0.0,0.0,0.0,0.0,0.0,0.0,0.0,0.0,0.0
2025-09-16,,,,0.0,0.0,0.0,0.0,0.0,0.0,0.0,0.0,0.0,0.0
2025-09-17,,,,0.0,0.0,0.0,0.0,0.0,0.0,0.0,0.0,0.0,0.0
2025-09-18,,,,0.0,0.0,0.0,0.0,0.0,0.0,0.0,0.0,0.0,0.0
2025-09-19,,,,0.0,0.0,0.0,0.0,0.0,0.0,0.0,0.0,0.0,0.0
2025-09-20,,,,0.0,0.0,0.0,0.0,0.0,0.0,0.0,0.0,0.0,0.0
2025-09-21,,,,0.0,0.0,0.0,0.0,0.0,0.0,0.0,0.0,0.0,0.0
2025-09-22,,,,0.0,0.0,0.0,0.0,0.0,0.0,0.0,0.0,0.0,0.0
2025-09-23,,,,0.0,0.0,0.0,0.0,0.0,0.0,0.0,0.0,0.0,0.0
2025-09-24,,,,0.0,0.0,0.0,0.0,0.0,0.0,0.0,0.0,0.0,0.0
2025-09-25,,,,0.0,0.0,0.0,0.0,0.0,0.0,0.0,0.0,0.0,0.0
2025-09-26,,,,0.0,0.0,0.0,0.0,0.0,0.0,0.0,0.0,0.0,0.0
2025-09-27,,,,0.0,0.0,0.0,0.0,0.0,0.0,0.0,0.0,0.0,0.0
2025-09-28,,,,0.0,0.0,0.0,0.0,0.0,0.0,0.0,0.0,0.0,0.0
2025-09-29,,,,0.0,0.0,0.0,0.0,0.0,0.0,0.0,0.0,0.0,0.0
2025-09-30,,,,0.0,0.0,0.0,0.0,0.0,0.0,0.0,0.0,0.0,0.0
2025-10-01,,,,0.0,0.0,0.0,0.0,0.0,0.0,0.0,0.0,0.0,0.0
2025-10-02,,,,0.0,0.0,0.0,0.0,0.0,0.0,0.0,0.0,0.0,0.0
2025-10-03,,,,0.0,0.0,0.0,0.0,0.0,0.0,0.0,0.0,0.0,0.0
2025-10-04,,,,0.0,0.0,0.0,0.0,0.0,0.0,0.0,0.00254,0.0,0.0
2025-10-05,,,,0.0,0.0,0.0,0.0,0.0,0.0,0.0,0.0,0.0,0.0
2025-10-06,,,,0.0,0.0,0.0,0.0,0.0,0.0,0.0,0.0,0.0,0.0
2025-10-07,,,,0.0,0.0,0.0,0.0,0.0,0.0,0.0,0.0,0.0,0.0
2025-10-08,,,,0.0,0.0,0.0,0.0,0.0,0.0,0.0,0.0,0.0,0.0
2025-10-09,,,,0.0,0.0,0.0,0.0,0.0,0.0,0.0,0.0,0.0,0.0
2025-10-10,,,,0.0,0.0,0.0,0.0,0.0,0.0,0.0,0.0,0.0,0.0
2025-10-11,,,,0.0,0.0,0.0,0.00254,0.0,0.0,0.0,0.0,0.0,0.0
2025-10-12,,,,0.0,0.0127,0.0152399999999999,0.00508,0.00508,0.0,0.0,0.0,0.0,0.0
2025-10-13,,,,0.0,0.01016,0.01016,0.0,0.00508,0.0,0.0,0.0,0.0,0.0
2025-10-14,,,,0.0,0.01016,0.0,0.0,0.0,0.0,0.0,0.0,0.0,0.0
2025-10-15,,,,0.0,0.01016,0.0,0.0,0.0,0.0,0.0,0.0,0.0,0.00254
2025-10-16,,,,0.0,0.0177799999999999,0.0177799999999999,0.0,0.0,0.00254,0.0,0.0,0.0,0.0076199999999999
2025-10-17,,,,0.0,0.03302,0.0355599999999999,0.02032,0.0,0.0076199999999999,0.0,0.00254,0.0,0.00508
2025-10-18,,,,0.0,0.0304799999999999,0.0355599999999999,0.0177799999999999,0.0,0.0,0.0,0.0,0.0,0.00254
2025-10-19,,,,0.0,0.0254,0.03302,0.0152399999999999,0.0,0.0,0.0,0.0,0.0,0.0
2025-10-20,,,,0.0,0.0254,0.0304799999999999,0.00508,0.0,0.0,0.0,0.0,0.0,0.0
2025-10-21,,,,0.0,0.02032,0.02794,0.0,0.0,0.0,0.0,0.0,0.0,0.0
2025-10-22,,,,0.0,0.02032,0.02794,0.0,0.0,0.0,0.0,0.0,0.0,0.0
2025-10-23,,,,0.0,0.0177799999999999,0.02794,0.0,0.0,0.0,0.0,0.0,0.0,0.0
2025-10-24,,,,0.0,0.01016,0.02794,0.0,0.0,0.0,0.0,0.0,0.0,0.0
2025-10-25,,,,0.0,0.01016,0.02794,0.0,0.0,0.0,0.0,0.0,0.0,0.0
2025-10-26,,,,0.0,0.01016,0.02794,0.0,0.0,0.0,0.0,0.0,0.0,0.0
2025-10-27,,,,0.0,0.0127,0.02794,0.0,0.0076199999999999,0.0,0.00254,0.0,0.0,0.0
2025-10-28,,,,0.0,0.03302,0.02794,0.0,0.00508,0.0,0.0152399999999999,0.0,0.0,0.0
2025-10-29,,,,0.0,0.0304799999999999,0.02794,0.0,0.0,0.0,0.0152399999999999,0.0,0.0,0.0
2025-10-30,,,,0.0,0.0304799999999999,0.02794,0.0,0.0,0.0,0.0152399999999999,0.0,0.0,0.0
2025-10-31,,,,0.0,0.0304799999999999,0.02794,0.0,0.0,0.0,0.0177799999999999,0.0,0.0,0.0
2025-11-01,,,,0.0,0.0304799999999999,0.02794,0.0,0.0,0.0,0.0177799999999999,0.0,0.0,0.0
2025-11-02,,,,0.0,0.0304799999999999,0.02794,0.0,0.0,0.0,0.0177799999999999,0.0,0.0,0.0
2025-11-03,,,,0.0,0.02794,0.02794,0.0,0.0,0.0,0.0177799999999999,0.0,0.0,0.0
2025-11-04,,,,0.0,0.02286,0.0254,0.0,0.0,0.0,0.0177799999999999,0.0,0.0,0.0
2025-11-05,,,,0.0,0.0177799999999999,0.0254,0.0,0.0,0.0,0.0177799999999999,0.0,0.0,0.0
2025-11-06,,,,0.0,0.0127,0.02032,0.0,0.0,0.0,0.0177799999999999,0.0,0.0,0.0
2025-11-07,,,,0.0,0.01016,0.02032,0.00254,0.0,0.0,0.0177799999999999,0.0,0.0,0.0
2025-11-08,,,,0.0,0.01016,0.02032,0.0,0.0,0.0,0.0177799999999999,0.0,0.0,0.0
2025-11-09,,,,0.0,0.01016,0.02032,0.0,0.0,0.0,0.0177799999999999,0.0,0.0,0.0
2025-11-10,,,,0.0,0.01016,0.02032,0.0,0.0,0.0,0.0177799999999999,0.0,0.0,0.0
2025-11-11,,,,0.0,0.01016,0.02032,0.0,0.0,0.0,0.0177799999999999,0.0,0.0,0.0
2025-11-12,,,,0.0,0.01016,0.02032,0.0,0.0,0.0,0.0177799999999999,0.0,0.0,0.0
2025-11-13,,,,0.0,0.01016,0.02032,0.0,0.0,0.0,0.0177799999999999,0.0,0.0,0.0
2025-11-14,,,,0.0,0.01016,0.02032,0.0,0.0,0.0,0.0177799999999999,0.0,0.0,0.0
2025-11-15,,,,0.0,0.01016,0.0127,0.0,0.0,0.0,0.01016,0.0,0.0,0.0
2025-11-16,,,,0.0,0.01016,0.01016,0.0,0.0,0.0,0.01016,0.0,0.0,0.0
2025-11-17,,,,0.0,0.0152399999999999,0.0127,0.00508,0.0127,0.0,0.0127,0.0,0.0,0.0
2025-11-18,,,,0.0076199999999999,0.02286,0.0152399999999999,0.0076199999999999,0.0254,0.0,0.0127,0.0127,0.0,0.0
2025-11-19,,,,0.0076199999999999,0.02286,0.0152399999999999,0.0076199999999999,0.0254,0.0,0.0127,0.01016,0.0,0.0
2025-11-20,,,,0.0076199999999999,0.0254,0.0152399999999999,0.01016,0.0254,0.0,0.0127,0.00508,0.0,0.0
2025-11-21,,,,0.0076199999999999,0.0254,0.0152399999999999,0.0152399999999999,0.0304799999999999,0.0,0.0127,0.00508,0.0,0.0
2025-11-22,,,,0.0076199999999999,0.0254,0.0152399999999999,0.0152399999999999,0.0304799999999999,0.0,0.0127,0.0,0.0,0.0
2025-11-23,,,,0.0076199999999999,0.0254,0.0152399999999999,0.0152399999999999,0.0304799999999999,0.0,0.02794,0.0,0.0,0.0
2025-11-24,,,,0.0076199999999999,0.0254,0.0152399999999999,0.0152399999999999,0.0304799999999999,0.0,0.02794,0.0,0.0,0.0
2025-11-25,,,,0.0076199999999999,0.0304799999999999,0.0152399999999999,0.0152399999999999,0.0304799999999999,0.0,0.02794,0.0,0.0,0.0
2025-11-26,,,,0.0076199999999999,0.0304799999999999,0.0152399999999999,0.0152399999999999,0.0304799999999999,0.0,0.02794,0.0,0.0,0.0
2025-11-27,,,,0.0076199999999999,0.0304799999999999,0.0152399999999999,0.0152399999999999,0.0304799999999999,0.0,0.02794,0.0,0.00254,0.0
2025-11-28,,,,0.0076199999999999,0.0304799999999999,0.0152399999999999,0.0152399999999999,0.0304799999999999,0.0,0.02794,0.0,0.00254,0.0
2025-11-29,,,,0.0076199999999999,0.0304799999999999,0.0152399999999999,0.0152399999999999,0.0304799999999999,0.0,0.02794,0.0,0.00254,0.0
2025-11-30,,,,0.0076199999999999,0.0304799999999999,0.0152399999999999,0.0152399999999999,0.0304799999999999,0.0,0.02794,0.0,0.00254,0.0
2025-12-01,,,,0.01016,0.0380999999999999,0.02286,0.0152399999999999,0.0355599999999999,0.0127,0.03302,0.0152399999999999,0.00508,0.00508
2025-12-02,,,,0.01016,0.0380999999999999,0.0254,0.0152399999999999,0.0355599999999999,0.0127,0.03302,0.0152399999999999,0.0076199999999999,0.00508
2025-12-03,,,,0.01016,0.0380999999999999,0.0254,0.0177799999999999,0.0355599999999999,0.0177799999999999,0.0355599999999999,0.0177799999999999,0.0076199999999999,0.00508
2025-12-04,,,,0.01016,0.0380999999999999,0.0254,0.0177799999999999,0.0355599999999999,0.0177799999999999,0.0355599999999999,0.0177799999999999,0.0076199999999999,0.00508
2025-12-05,,,,0.0177799999999999,0.04064,0.02794,0.0177799999999999,0.0380999999999999,0.0177799999999999,0.0380999999999999,0.0177799999999999,0.0076199999999999,0.0076199999999999
2025-12-06,,,,0.0431799999999999,0.05334,0.03302,0.03302,0.05334,0.04064,0.05588,0.0355599999999999,0.0127,0.0177799999999999
2025-12-07,,,,0.05334,0.06604,0.04064,0.0431799999999999,0.0584199999999999,0.04826,0.0761999999999999,0.04572,0.0127,0.0254
2025-12-08,,,,0.05334,0.06604,0.04064,0.0431799999999999,0.05334,0.04826,0.0761999999999999,0.04826,0.0127,0.0254
2025-12-09,,,,0.05334,0.06604,0.04064,0.0431799999999999,0.0508,0.04826,0.0761999999999999,0.04826,0.00508,0.0254
2025-12-10,,,,0.05334,0.06604,0.04064,0.0431799999999999,0.0508,0.04826,0.0761999999999999,0.04826,0.00254,0.0254
2025-12-11,,,,0.05334,0.06604,0.04064,0.0431799999999999,0.04826,0.04826,0.0761999999999999,0.04826,0.0,0.0254
2025-12-12,,,,0.05334,0.06604,0.04064,0.0431799999999999,0.0431799999999999,0.04826,0.0761999999999999,0.04826,0.0,0.0254
2025-12-13,,,,0.0508,0.06604,0.04064,0.0431799999999999,0.0431799999999999,0.04826,0.0761999999999999,0.04826,0.0,0.0254
2025-12-14,,,,0.0508,0.06604,0.04064,0.0431799999999999,0.0431799999999999,0.04826,0.0761999999999999,0.04826,0.0,0.0254
2025-12-15,,,,0.0508,0.06604,0.04064,0.0431799999999999,0.0431799999999999,0.04826,0.0761999999999999,0.04826,0.0,0.0254
2025-12-16,,,,0.0508,0.06604,0.04064,0.0431799999999999,0.0431799999999999,0.04826,0.0761999999999999,0.04826,0.0,0.0254
2025-12-17,,,,0.0508,0.06604,0.04064,0.0431799999999999,0.0431799999999999,0.04826,0.0761999999999999,0.04826,0.0,0.0254
2025-12-18,,,,0.0609599999999999,0.0761999999999999,0.04826,0.05588,0.05334,0.04826,0.0888999999999999,0.0508,0.0,0.03302
2025-12-19,,,,0.0609599999999999,0.07874,0.04826,0.05588,0.05334,0.04572,0.09398,0.0508,0.0,0.03302
2025-12-20,,,,0.0736599999999999,0.09652,0.05588,0.0635,0.0711199999999999,0.0508,0.1041399999999999,0.0508,0.00254,0.0431799999999999
2025-12-21,,,,0.0838199999999999,0.11176,0.0711199999999999,0.06604,0.0711199999999999,0.0508,0.10668,0.0508,0.0,0.0431799999999999
2025-12-22,,,,0.0838199999999999,0.11176,0.0711199999999999,0.06604,0.0711199999999999,0.0508,0.10668,0.03302,0.0,0.0431799999999999
2025-12-23,,,,0.0838199999999999,0.11176,0.0711199999999999,0.06604,0.0711199999999999,0.04826,0.10668,0.0152399999999999,0.0,0.0431799999999999
2025-12-24,,,,0.0838199999999999,0.11176,0.0711199999999999,0.0584199999999999,0.0711199999999999,0.04572,0.10668,0.0,0.0,0.04064
2025-12-25,,,,0.0838199999999999,0.11176,0.0711199999999999,0.0508,0.0711199999999999,0.04064,0.11176,0.0,0.0,0.0380999999999999
2025-12-26,,,,0.07874,0.11176,0.0736599999999999,0.0431799999999999,0.0711199999999999,0.03302,0.1143,0.0,0.0,0.0304799999999999
2025-12-27,,,,0.08128,0.1143,0.07874,0.04572,0.0863599999999999,0.0304799999999999,0.127,0.0,0.0,0.0355599999999999
2025-12-28,,,,0.0838199999999999,0.13208,0.09652,0.05334,0.09144,0.0508,0.12954,0.02032,0.01016,0.04064
2025-12-29,,,,0.0838199999999999,0.13208,0.09652,0.05334,0.09144,0.0508,0.12954,0.02032,0.01016,0.04064
2025-12-30,,,,0.0838199999999999,0.13208,0.09906,0.0431799999999999,0.09144,0.0508,0.12954,0.02032,0.01016,0.04064
2025-12-31,,,,0.0838199999999999,0.13208,0.09906,0.0431799999999999,0.09144,0.0508,0.12954,0.02032,0.01016,0.04064
