,Date,prcp (mm/day),tmax (deg c),tmin (deg c),330_SWE (m),392_SWE (m),393_SWE (m),763_SWE (m),533_SWE (m),684_SWE (m),814_SWE (m),896_SWE (m),1118_SWE (m),1145_SWE (m)
0,2016-01-01,0.0,-9.89,-23.43,0.13462,0.2158999999999999,0.1676399999999999,0.13462,,,,,,
1,2016-01-02,0.0,-4.54,-19.42,0.13462,0.21844,0.1676399999999999,0.13462,,,,,,
2,2016-01-03,0.0,-2.09,-11.7,0.13716,0.21844,0.1676399999999999,0.13462,,,,,,
3,2016-01-04,0.0,0.77,-9.67,0.13716,0.2209799999999999,0.17018,0.13462,,,,,,
4,2016-01-05,0.0,1.91,-4.03,0.1397,0.2209799999999999,0.17018,0.13716,,,,,,
5,2016-01-06,0.0,2.25,-5.38,0.1397,0.2209799999999999,0.17018,0.1422399999999999,,,,,,
6,2016-01-07,3.16,0.37,-7.0,0.1397,0.22606,0.1727199999999999,0.14478,,,,,,
7,2016-01-08,2.69,0.77,-5.15,0.1422399999999999,0.2311399999999999,0.1777999999999999,0.14986,,,,,,
8,2016-01-09,0.0,-0.99,-9.17,0.1397,0.23622,0.18288,0.14986,,,,,,
9,2016-01-10,0.0,-1.59,-8.85,0.13716,0.23622,0.18288,0.14986,,,,,,
10,2016-01-11,0.0,-3.66,-19.54,0.13462,0.2336799999999999,0.18288,0.1473199999999999,,,,,,
11,2016-01-12,0.0,-4.06,-18.63,0.13462,0.2336799999999999,0.18288,0.1473199999999999,,,,,,
12,2016-01-13,0.0,0.17,-14.71,0.1397,0.2336799999999999,0.18288,0.1473199999999999,,,,,,
13,2016-01-14,0.0,1.47,-11.76,0.14478,0.2336799999999999,0.1803399999999999,0.14986,,,,,,
14,2016-01-15,1.0,-0.37,-10.1,0.1473199999999999,0.23622,0.1803399999999999,0.14986,,,,,,
15,2016-01-16,1.44,1.49,-9.16,0.15494,0.2413,0.18288,0.15748,,,,,,
16,2016-01-17,1.29,5.07,-4.4,0.16002,0.2438399999999999,0.18796,0.16256,,,,,,
17,2016-01-18,2.01,4.81,-5.16,0.16002,0.2438399999999999,0.1905,0.16256,,,,,,
18,2016-01-19,0.0,3.15,-11.21,0.1676399999999999,0.25654,0.19558,0.17018,,,,,,
19,2016-01-20,3.99,2.42,-5.49,0.1727199999999999,0.25654,0.19558,0.1727199999999999,,,,,,
20,2016-01-21,0.0,-0.03,-15.65,0.1777999999999999,0.2667,0.2032,0.1777999999999999,,,,,,
21,2016-01-22,0.0,1.52,-11.55,0.1803399999999999,0.2667,0.2032,0.1803399999999999,,,,,,
22,2016-01-23,0.0,1.55,-10.37,0.1803399999999999,0.2667,0.2032,0.1803399999999999,,,,,,
23,2016-01-24,5.41,1.74,-4.69,0.18796,0.27686,0.21082,0.18796,,,,,,
24,2016-01-25,1.62,0.5,-9.24,0.19558,0.2920999999999999,0.2209799999999999,0.19812,,,,,,
25,2016-01-26,0.5,-3.35,-17.25,0.19558,0.2920999999999999,0.2209799999999999,0.19812,,,,,,
26,2016-01-27,0.0,-1.27,-16.38,0.19558,0.2920999999999999,0.2209799999999999,0.19812,,,,,,
27,2016-01-28,0.0,0.79,-12.83,0.19558,0.2946399999999999,0.2209799999999999,0.19812,,,,,,
28,2016-01-29,2.11,3.71,-7.51,0.19558,0.2946399999999999,0.2209799999999999,0.19812,,,,,,
29,2016-01-30,10.47,4.88,-2.75,0.2082799999999999,0.30734,0.22606,0.2082799999999999,,,,,,
30,2016-01-31,1.01,-1.87,-15.4,0.2209799999999999,0.33782,0.24892,0.21844,,,,,,
31,2016-02-01,5.05,-4.15,-9.42,0.22352,0.33782,0.254,0.22352,,,,,,
32,2016-02-02,0.0,-5.32,-20.74,0.22606,0.35306,0.26416,0.2311399999999999,,,,,,
33,2016-02-03,0.0,-4.62,-18.42,0.22606,0.35306,0.26416,0.2311399999999999,,,,,,
34,2016-02-04,0.86,-3.6,-17.44,0.22606,0.35306,0.26416,0.2311399999999999,,,,,,
35,2016-02-05,1.73,1.72,-9.34,0.2311399999999999,0.3606799999999999,0.2667,0.23876,,,,,,
36,2016-02-06,0.0,1.17,-13.03,0.2311399999999999,0.3606799999999999,0.2667,0.23876,,,,,,
37,2016-02-07,0.0,1.66,-10.91,0.2311399999999999,0.3606799999999999,0.2667,0.23876,,,,,,
38,2016-02-08,0.0,3.23,-11.5,0.2311399999999999,0.3606799999999999,0.2667,0.23876,,,,,,
39,2016-02-09,0.0,4.66,-11.05,0.2311399999999999,0.3606799999999999,0.2667,0.23876,,,,,,
40,2016-02-10,0.0,5.18,-9.06,0.2311399999999999,0.3606799999999999,0.2667,0.23876,,,,,,
41,2016-02-11,0.0,5.81,-9.89,0.2311399999999999,0.3606799999999999,0.2667,0.23876,,,,,,
42,2016-02-12,0.0,7.31,-7.64,0.2311399999999999,0.3606799999999999,0.2667,0.23876,,,,,,
43,2016-02-13,0.0,5.76,-8.09,0.2311399999999999,0.3606799999999999,0.2667,0.23876,,,,,,
44,2016-02-14,1.97,6.46,-5.92,0.2311399999999999,0.3606799999999999,0.2667,0.23876,,,,,,
45,2016-02-15,1.39,8.19,0.88,0.23876,0.36576,0.2717799999999999,0.2438399999999999,,,,,,
46,2016-02-16,0.0,9.93,-0.53,0.2413,0.36576,0.2717799999999999,0.2438399999999999,,,,,,
47,2016-02-17,0.0,12.96,-3.43,0.2413,0.36576,0.2717799999999999,0.2438399999999999,,,,,,
48,2016-02-18,8.58,11.38,-0.84,0.2413,0.36576,0.2717799999999999,0.2438399999999999,,,,,,
49,2016-02-19,0.61,5.14,-8.96,0.254,0.38354,0.2794,0.25654,,,,,,
50,2016-02-20,0.0,8.09,-2.81,0.254,0.38354,0.2844799999999999,0.25908,,,,,,
51,2016-02-21,0.0,7.93,-5.93,0.254,0.38354,0.28702,0.25908,,,,,,
52,2016-02-22,0.0,6.79,-4.89,0.254,0.38354,0.28702,0.25908,,,,,,
53,2016-02-23,0.0,4.8,-7.45,0.254,0.39116,0.28956,0.25908,,,,,,
54,2016-02-24,0.0,7.88,-9.93,0.254,0.39116,0.28702,0.26162,,,,,,
55,2016-02-25,0.0,10.73,-6.85,0.254,0.39116,0.2844799999999999,0.26162,,,,,,
56,2016-02-26,0.0,12.02,-5.35,0.254,0.39116,0.2819399999999999,0.26416,,,,,,
57,2016-02-27,0.0,14.58,-3.17,0.254,0.39116,0.27686,0.26416,,,,,,
58,2016-02-28,0.0,11.2,-5.74,0.254,0.39116,0.27432,0.26416,,,,,,
59,2016-02-29,0.0,11.12,-1.94,0.254,0.39116,0.27432,0.26416,,,,,,
60,2016-03-01,0.0,12.92,-4.29,0.254,0.39116,0.27432,0.26416,,,,,,
61,2016-03-02,1.95,13.34,-0.3,0.254,0.39116,0.27432,0.26416,,,,,,
62,2016-03-03,0.0,15.01,-3.92,0.254,0.39624,0.2794,0.2667,,,,,,
63,2016-03-04,0.0,17.3,0.15,0.25146,0.39624,0.2794,0.25654,,,,,,
64,2016-03-05,0.0,16.49,0.83,0.2438399999999999,0.39624,0.2794,0.24892,,,,,,
65,2016-03-06,2.71,15.31,-0.1,0.2413,0.39624,0.2819399999999999,0.2463799999999999,,,,,,
66,2016-03-07,3.27,9.24,-1.74,0.2463799999999999,0.40132,0.2844799999999999,0.24892,,,,,,
67,2016-03-08,0.0,9.26,-6.41,0.24892,0.4064,0.2946399999999999,0.24892,,,,,,
68,2016-03-09,1.42,8.96,-1.45,0.24892,0.40894,0.30226,0.24892,,,,,,
69,2016-03-10,0.0,16.87,-3.42,0.25146,0.41402,0.30734,0.25146,,,,,,
70,2016-03-11,0.0,17.95,0.19,0.25146,0.41402,0.31242,0.25146,,,,,,
71,2016-03-12,0.0,15.06,-1.51,0.24892,0.41402,0.31242,0.24892,,,,,,
72,2016-03-13,0.0,12.53,-2.13,0.2463799999999999,0.41402,0.31242,0.2463799999999999,,,,,,
73,2016-03-14,6.17,10.45,0.0,0.2438399999999999,0.41402,0.31242,0.2438399999999999,,,,,,
74,2016-03-15,1.88,2.99,-4.75,0.25146,0.43434,0.32258,0.24892,,,,,,
75,2016-03-16,0.35,5.86,-4.88,0.25908,0.4419599999999999,0.32258,0.254,,,,,,
76,2016-03-17,0.0,8.87,-0.75,0.25908,0.4419599999999999,0.32258,0.254,,,,,,
77,2016-03-18,0.0,8.61,-6.17,0.25908,0.4419599999999999,0.32258,0.254,,,,,,
78,2016-03-19,0.0,13.46,-6.62,0.25908,0.4419599999999999,0.32258,0.254,,,,,,
79,2016-03-20,0.0,19.12,-4.7,0.25908,0.43942,0.3175,0.254,,,,,,
80,2016-03-21,0.0,19.1,0.31,0.25146,0.43688,0.30988,0.254,,,,,,
81,2016-03-22,8.75,13.31,0.06,0.24892,0.43688,0.30226,0.25654,,,,,,
82,2016-03-23,0.25,6.92,-1.39,0.26416,0.4622799999999999,0.32766,0.26162,,,,,,
83,2016-03-24,0.0,8.6,-3.87,0.2717799999999999,0.4749799999999999,0.33782,0.26924,,,,,,
84,2016-03-25,0.0,9.39,-0.83,0.2717799999999999,0.47752,0.3429,0.2717799999999999,,,,,,
85,2016-03-26,0.0,8.59,-5.19,0.27432,0.4800599999999999,0.3429,0.2717799999999999,,,,,,
86,2016-03-27,0.0,13.87,-5.15,0.27432,0.4826,0.3429,0.27432,,,,,,
87,2016-03-28,5.6,11.78,-0.46,0.27432,0.4800599999999999,0.3429,0.27432,,,,,,
88,2016-03-29,11.04,6.03,-0.35,0.28702,0.4927599999999999,0.3454399999999999,0.27686,,,,,,
89,2016-03-30,0.57,6.16,-1.38,0.2971799999999999,0.51308,0.35306,0.2844799999999999,,,,,,
90,2016-03-31,0.65,8.47,-1.06,0.30226,0.5206999999999999,0.3555999999999999,0.28702,,,,,,
91,2016-04-01,0.0,10.6,-5.14,0.30226,0.5334,0.3606799999999999,0.2971799999999999,,,,,,
92,2016-04-02,0.0,15.64,-4.36,0.30226,0.5334,0.3606799999999999,0.2946399999999999,,,,,,
93,2016-04-03,0.0,18.1,-1.74,0.2971799999999999,0.5308599999999999,0.3606799999999999,0.28956,,,,,,
94,2016-04-04,0.0,18.62,-0.74,0.28956,0.5257799999999999,0.3555999999999999,0.2844799999999999,,,,,,
95,2016-04-05,0.95,13.44,-0.65,0.2844799999999999,0.52324,0.35306,0.27686,,,,,,
96,2016-04-06,0.0,17.54,-4.59,0.2819399999999999,0.5206999999999999,0.35306,0.27432,,,,,,
97,2016-04-07,0.0,21.6,-1.49,0.26416,0.51816,0.35306,0.26416,,,,,,
98,2016-04-08,0.0,22.48,1.06,0.2463799999999999,0.51054,0.35306,0.254,,,,,,
99,2016-04-09,0.0,21.43,5.2,0.22352,0.5003799999999999,0.3479799999999999,0.2336799999999999,,,,,,
100,2016-04-10,0.3,18.62,5.23,0.21336,0.49022,0.3429,0.21336,,,,,,
101,2016-04-11,0.5,16.42,3.22,0.2032,0.4749799999999999,0.33782,0.19558,,,,,,
102,2016-04-12,0.2,18.61,0.4,0.19812,0.4673599999999999,0.33274,0.18542,,,,,,
103,2016-04-13,0.0,18.09,3.52,0.1803399999999999,0.4546599999999999,0.32258,0.1676399999999999,,,,,,
104,2016-04-14,11.62,13.25,0.29,0.15748,0.43942,0.30734,0.1523999999999999,,,,,,
105,2016-04-15,5.75,5.21,-2.4,0.15748,0.4546599999999999,0.3175,0.1523999999999999,,,,,,
106,2016-04-16,0.0,10.03,-2.39,0.16256,0.45974,0.31496,0.15494,,,,,,
107,2016-04-17,0.0,11.03,-2.02,0.14986,0.45974,0.32258,0.15748,,,,,,
108,2016-04-18,0.0,12.04,-0.7,0.1422399999999999,0.45974,0.32258,0.14478,,,,,,
109,2016-04-19,0.0,15.65,1.41,0.1422399999999999,0.46482,0.32258,0.13716,,,,,,
110,2016-04-20,0.0,20.83,0.47,0.1422399999999999,0.4572,0.31496,0.127,,,,,,
111,2016-04-21,0.0,22.43,1.22,0.1219199999999999,0.45212,0.30226,0.11176,,,,,,
112,2016-04-22,0.0,23.64,5.96,0.09144,0.43434,0.2794,0.0838199999999999,,,,,,
113,2016-04-23,2.59,20.19,6.66,0.06604,0.40894,0.254,0.05588,,,,,,
114,2016-04-24,0.62,13.43,3.18,0.0761999999999999,0.4191,0.254,0.05334,,,,,,
115,2016-04-25,1.98,13.31,3.25,0.08128,0.4191,0.25146,0.0508,,,,,,
116,2016-04-26,5.25,12.28,3.66,0.0838199999999999,0.42672,0.25146,0.0508,,,,,,
117,2016-04-27,2.48,12.39,2.92,0.0888999999999999,0.4445,0.26416,0.0584199999999999,,,,,,
118,2016-04-28,1.97,10.25,1.74,0.0838199999999999,0.4445,0.25908,0.05334,,,,,,
119,2016-04-29,2.36,9.52,0.37,0.0838199999999999,0.45212,0.26924,0.0635,,,,,,
120,2016-04-30,3.04,12.62,0.52,0.08128,0.4546599999999999,0.2717799999999999,0.0635,,,,,,
121,2016-05-01,0.0,11.81,3.46,0.0736599999999999,0.45212,0.26416,0.0584199999999999,,,,,,
122,2016-05-02,0.0,17.37,-1.77,0.0584199999999999,0.44958,0.25908,0.04826,,,,,,
123,2016-05-03,0.0,20.84,-0.73,0.0355599999999999,0.4419599999999999,0.23876,0.02286,,,,,,
124,2016-05-04,0.0,24.15,1.38,0.0127,0.42672,0.21336,0.0,,,,,,
125,2016-05-05,0.0,24.5,6.75,0.0,0.40132,0.18288,0.0,,,,,,
126,2016-05-06,0.0,20.72,8.18,0.0,0.37592,0.15748,0.0,,,,,,
127,2016-05-07,0.0,14.8,4.48,0.00508,0.37592,0.1473199999999999,0.0,,,,,,
128,2016-05-08,4.41,10.06,5.89,0.0,0.37592,0.1422399999999999,0.0,,,,,,
129,2016-05-09,2.36,17.11,5.86,0.0177799999999999,0.39624,0.15748,0.0076199999999999,,,,,,
130,2016-05-10,12.97,14.77,-0.78,0.00508,0.38354,0.13462,0.0,,,,,,
131,2016-05-11,3.58,13.51,-1.91,0.0,0.381,0.1219199999999999,0.0,,,,,,
132,2016-05-12,0.3,20.94,-1.91,0.0,0.37338,0.09144,0.0,,,,,,
133,2016-05-13,0.0,25.36,2.52,0.0,0.35306,0.0609599999999999,0.0,,,,,,
134,2016-05-14,0.0,26.12,4.82,0.0,0.3302,0.0380999999999999,0.0,,,,,,
135,2016-05-15,4.08,21.09,8.37,0.0,0.30988,0.0254,0.0,,,,,,
136,2016-05-16,4.11,14.62,5.79,0.0,0.3047999999999999,0.0177799999999999,0.0,,,,,,
137,2016-05-17,0.0,11.89,5.99,0.0,0.32258,0.0127,0.0,,,,,,
138,2016-05-18,0.0,20.43,2.01,0.0,0.3175,0.0076199999999999,0.0,,,,,,
139,2016-05-19,0.0,22.52,3.82,0.0,0.30734,0.00508,0.0,,,,,,
140,2016-05-20,5.67,21.74,7.81,0.0,0.2819399999999999,0.0,0.0,,,,,,
141,2016-05-21,6.6,19.29,4.86,0.0,0.25146,0.0,0.0,,,,,,
142,2016-05-22,1.48,15.43,2.08,0.0,0.24892,0.0,0.0,,,,,,
143,2016-05-23,0.0,16.58,0.1,0.0,0.2463799999999999,0.0,0.0,,,,,,
144,2016-05-24,0.0,17.13,3.65,0.0,0.2413,0.0,0.0,,,,,,
145,2016-05-25,2.9,17.16,1.95,0.0,0.2311399999999999,0.0,0.0,,,,,,
146,2016-05-26,0.0,17.79,1.93,0.0,0.21336,0.0,0.0,,,,,,
147,2016-05-27,1.0,18.18,1.37,0.0,0.19558,0.0,0.0,,,,,,
148,2016-05-28,0.0,19.13,3.4,0.0,0.17526,0.0,0.0,,,,,,
149,2016-05-29,0.0,23.38,3.42,0.0,0.14986,0.0,0.0,,,,,,
150,2016-05-30,0.0,22.62,7.26,0.0,0.12446,0.0,0.0,,,,,,
151,2016-05-31,0.0,23.19,2.61,0.0,0.09144,0.0,0.0,,,,,,
152,2016-06-01,0.0,25.07,3.3,0.0,0.0609599999999999,0.0,0.0,,,,,,
153,2016-06-02,0.0,26.77,4.19,0.0,0.02286,0.0,0.0,,,,,,
154,2016-06-03,0.0,27.11,6.1,0.0,0.0,0.0,0.0,,,,,,
155,2016-06-04,0.0,29.06,6.71,0.0,0.0,0.0,0.0,,,,,,
156,2016-06-05,0.0,31.24,7.1,0.0,0.0,0.0,0.0,,,,,,
157,2016-06-06,2.11,30.95,10.72,0.0,0.0,0.0,0.0,,,,,,
158,2016-06-07,0.0,27.85,10.52,0.0,0.0,0.0,0.0,,,,,,
159,2016-06-08,0.0,29.58,7.88,0.0,0.0,0.0,0.0,,,,,,
160,2016-06-09,0.0,30.5,11.41,0.0,0.0,0.0,0.0,,,,,,
161,2016-06-10,0.0,31.0,9.77,0.0,0.0,0.0,0.0,,,,,,
162,2016-06-11,0.0,25.75,9.3,0.0,0.0,0.0,0.0,,,,,,
163,2016-06-12,5.42,25.1,7.18,0.0,0.0,0.0,0.0,,,,,,
164,2016-06-13,1.24,23.96,7.34,0.0,0.0,0.0,0.0,,,,,,
165,2016-06-14,0.0,26.0,3.55,0.0,0.0,0.0,0.0,,,,,,
166,2016-06-15,0.0,27.8,6.84,0.0,0.0,0.0,0.0,,,,,,
167,2016-06-16,0.0,27.12,10.1,0.0,0.0,0.0,0.0,,,,,,
168,2016-06-17,0.0,29.17,5.88,0.0,0.0,0.0,0.0,,,,,,
169,2016-06-18,0.0,30.92,6.95,0.0,0.0,0.0,0.0,,,,,,
170,2016-06-19,0.0,30.83,6.98,0.0,0.0,0.0,0.0,,,,,,
171,2016-06-20,0.0,34.59,8.08,0.0,0.0,0.0,0.0,,,,,,
172,2016-06-21,0.0,33.39,8.88,0.0,0.0,0.0,0.0,,,,,,
173,2016-06-22,0.0,33.5,8.31,0.0,0.0,0.0,0.0,,,,,,
174,2016-06-23,0.0,33.11,11.19,0.0,0.0,0.0,0.0,,,,,,
175,2016-06-24,0.0,30.81,6.42,0.0,0.0,0.0,0.0,,,,,,
176,2016-06-25,0.0,27.62,6.1,0.0,0.0,0.0,0.0,,,,,,
177,2016-06-26,0.0,30.88,3.56,0.0,0.0,0.0,0.0,,,,,,
178,2016-06-27,0.0,34.77,7.28,0.0,0.0,0.0,0.0,,,,,,
179,2016-06-28,0.0,35.47,9.93,0.0,0.0,0.0,0.0,,,,,,
180,2016-06-29,0.0,33.82,12.29,0.0,0.0,0.0,0.0,,,,,,
181,2016-06-30,0.3,30.48,13.87,0.0,0.0,0.0,0.0,,,,,,
182,2016-07-01,0.0,29.93,11.34,0.0,0.0,0.0,0.0,,,,,,
183,2016-07-02,0.0,29.94,11.75,0.0,0.0,0.0,0.0,,,,,,
184,2016-07-03,0.0,30.09,9.77,0.0,0.0,0.0,0.0,,,,,,
185,2016-07-04,0.0,31.76,11.26,0.0,0.0,0.0,0.0,,,,,,
186,2016-07-05,0.0,31.62,12.25,0.0,0.0,0.0,0.0,,,,,,
187,2016-07-06,0.0,30.16,8.12,0.0,0.0,0.0,0.0,,,,,,
188,2016-07-07,0.0,29.12,8.14,0.0,0.0,0.0,0.0,,,,,,
189,2016-07-08,0.0,31.82,9.54,0.0,0.0,0.0,0.0,,,,,,
190,2016-07-09,0.0,32.58,9.96,0.0,0.0,0.0,0.0,,,,,,
191,2016-07-10,0.0,30.3,10.23,0.0,0.0,0.0,0.0,,,,,,
192,2016-07-11,0.0,24.58,2.2,0.0,0.0,0.0,0.0,,,,,,
193,2016-07-12,0.0,28.2,2.9,0.0,0.0,0.0,0.0,,,,,,
194,2016-07-13,0.0,28.24,5.93,0.0,0.0,0.0,0.0,,,,,,
195,2016-07-14,0.0,31.45,5.88,0.0,0.0,0.0,0.0,,,,,,
196,2016-07-15,0.0,33.05,7.87,0.0,0.0,0.0,0.0,,,,,,
197,2016-07-16,0.0,32.01,11.45,0.0,0.0,0.0,0.0,,,,,,
198,2016-07-17,0.0,33.25,7.83,0.0,0.0,0.0,0.0,,,,,,
199,2016-07-18,0.0,32.87,9.74,0.0,0.0,0.0,0.0,,,,,,
200,2016-07-19,0.0,32.78,14.56,0.0,0.0,0.0,0.0,,,,,,
201,2016-07-20,0.0,33.48,14.05,0.0,0.0,0.0,0.0,,,,,,
202,2016-07-21,0.0,35.12,13.96,0.0,0.0,0.0,0.0,,,,,,
203,2016-07-22,0.0,34.86,16.86,0.0,0.0,0.0,0.0,,,,,,
204,2016-07-23,0.0,32.83,9.16,0.0,0.0,0.0,0.0,,,,,,
205,2016-07-24,0.0,33.16,7.61,0.0,0.0,0.0,0.0,,,,,,
206,2016-07-25,0.0,34.9,9.75,0.0,0.0,0.0,0.0,,,,,,
207,2016-07-26,0.0,35.39,13.51,0.0,0.0,0.0,0.0,,,,,,
208,2016-07-27,0.0,34.53,9.98,0.0,0.0,0.0,0.0,,,,,,
209,2016-07-28,0.0,34.92,10.95,0.0,0.0,0.0,0.0,,,,,,
210,2016-07-29,0.0,34.77,11.0,0.0,0.0,0.0,0.0,,,,,,
211,2016-07-30,0.0,34.07,11.64,0.0,0.0,0.0,0.0,,,,,,
212,2016-07-31,0.0,33.0,13.11,0.0,0.0,0.0,0.0,,,,,,
213,2016-08-01,0.0,33.66,12.43,0.0,0.0,0.0,0.0,,,,,,
214,2016-08-02,0.0,35.29,9.76,0.0,0.0,0.0,0.0,,,,,,
215,2016-08-03,0.0,34.09,12.8,0.0,0.0,0.0,0.0,,,,,,
216,2016-08-04,0.0,32.07,7.83,0.0,0.0,0.0,0.0,,,,,,
217,2016-08-05,0.0,30.75,9.34,0.0,0.0,0.0,0.0,,,,,,
218,2016-08-06,0.0,31.04,10.48,0.0,0.0,0.0,0.0,,,,,,
219,2016-08-07,0.0,31.04,12.26,0.0,0.0,0.0,0.0,,,,,,
220,2016-08-08,0.0,31.59,9.41,0.0,0.0,0.0,0.0,,,,,,
221,2016-08-09,0.0,31.23,10.16,0.0,0.0,0.0,0.0,,,,,,
222,2016-08-10,0.0,30.42,8.31,0.0,0.0,0.0,0.0,,,,,,
223,2016-08-11,3.64,26.89,8.21,0.0,0.0,0.0,0.0,,,,,,
224,2016-08-12,0.0,27.83,5.92,0.0,0.0,0.0,0.0,,,,,,
225,2016-08-13,0.0,29.68,5.54,0.0,0.0,0.0,0.0,,,,,,
226,2016-08-14,0.0,32.09,5.87,0.0,0.0,0.0,0.0,,,,,,
227,2016-08-15,0.0,31.84,9.34,0.0,0.0,0.0,0.0,,,,,,
228,2016-08-16,0.0,31.34,7.85,0.0,0.0,0.0,0.0,,,,,,
229,2016-08-17,0.0,31.12,8.76,0.0,0.0,0.0,0.0,,,,,,
230,2016-08-18,0.0,29.5,8.89,0.0,0.0,0.0,0.0,,,,,,
231,2016-08-19,0.0,28.91,9.11,0.0,0.0,0.0,0.0,,,,,,
232,2016-08-20,0.0,28.31,7.26,0.0,0.0,0.0,0.0,,,,,,
233,2016-08-21,0.0,31.2,7.12,0.0,0.0,0.0,0.0,,,,,,
234,2016-08-22,0.0,30.63,7.99,0.0,0.0,0.0,0.0,,,,,,
235,2016-08-23,0.0,29.34,7.27,0.0,0.0,0.0,0.0,,,,,,
236,2016-08-24,0.0,27.21,4.85,0.0,0.0,0.0,0.0,,,,,,
237,2016-08-25,0.0,24.54,3.47,0.0,0.0,0.0,0.0,,,,,,
238,2016-08-26,0.0,26.22,5.85,0.0,0.0,0.0,0.0,,,,,,
239,2016-08-27,0.0,27.94,5.6,0.0,0.0,0.0,0.0,,,,,,
240,2016-08-28,0.0,29.57,5.39,0.0,0.0,0.0,0.0,,,,,,
241,2016-08-29,0.0,32.68,6.43,0.0,0.0,0.0,0.0,,,,,,
242,2016-08-30,0.0,32.59,8.1,0.0,0.0,0.0,0.0,,,,,,
243,2016-08-31,0.0,32.33,8.96,0.0,0.0,0.0,0.0,,,,,,
244,2016-09-01,0.0,29.92,9.72,0.0,0.0,0.0,0.0,,,,,,
245,2016-09-02,0.0,29.41,10.8,0.0,0.0,0.0,0.0,,,,,,
246,2016-09-03,1.3,28.95,13.37,0.0,0.0,0.0,0.0,,,,,,
247,2016-09-04,0.0,27.25,9.48,0.0,0.0,0.0,0.0,,,,,,
248,2016-09-05,0.0,23.41,5.83,0.0,0.0,0.0,0.0,,,,,,
249,2016-09-06,0.0,25.14,2.5,0.0,0.0,0.0,0.0,,,,,,
250,2016-09-07,0.0,25.19,3.88,0.0,0.0,0.0,0.0,,,,,,
251,2016-09-08,0.0,25.06,3.07,0.0,0.0,0.0,0.0,,,,,,
252,2016-09-09,0.0,24.25,2.36,0.0,0.0,0.0,0.0,,,,,,
253,2016-09-10,0.0,26.64,-0.15,0.0,0.0,0.0,0.0,,,,,,
254,2016-09-11,0.0,29.01,3.12,0.0,0.0,0.0,0.0,,,,,,
255,2016-09-12,0.0,28.42,15.28,0.0,0.0,0.0,0.0,,,,,,
256,2016-09-13,4.87,25.43,6.69,0.0,0.0,0.0,0.0,,,,,,
257,2016-09-14,14.23,22.16,7.7,0.0,0.0,0.0,0.0,,,,,,
258,2016-09-15,3.73,16.9,6.56,0.0,0.0,0.0,0.0,,,,,,
259,2016-09-16,0.0,20.86,2.16,0.0,0.0,0.0,0.0,,,,,,
260,2016-09-17,0.0,22.94,1.9,0.0,0.0,0.0,0.0,,,,,,
261,2016-09-18,0.0,27.65,3.76,0.0,0.0,0.0,0.0,,,,,,
262,2016-09-19,0.0,29.73,5.18,0.0,0.0,0.0,0.0,,,,,,
263,2016-09-20,0.0,29.41,6.12,0.0,0.0,0.0,0.0,,,,,,
264,2016-09-21,0.0,28.21,7.38,0.0,0.0,0.0,0.0,,,,,,
265,2016-09-22,5.84,23.68,10.04,0.0,0.0,0.0,0.0,,,,,,
266,2016-09-23,23.88,14.97,4.71,0.0127,0.0127,0.0,0.0,,,,,,
267,2016-09-24,11.81,14.06,3.72,0.00254,0.01016,0.0,0.00254,,,,,,
268,2016-09-25,0.0,20.34,0.5,0.02286,0.0254,0.0152399999999999,0.0152399999999999,,,,,,
269,2016-09-26,0.0,24.47,1.75,0.0076199999999999,0.0177799999999999,0.00508,0.00508,,,,,,
270,2016-09-27,0.0,25.71,3.16,0.0,0.0076199999999999,0.0,0.0,,,,,,
271,2016-09-28,0.0,27.12,4.86,0.0,0.0,0.0,0.0,,,,,,
272,2016-09-29,0.61,23.49,7.8,0.0,0.0,0.0,0.0,,,,,,
273,2016-09-30,0.3,23.54,7.2,0.0,0.0,0.0,0.0,,,,,,
274,2016-10-01,1.01,23.62,5.51,0.0,0.0,0.0,0.0,,,,,,
275,2016-10-02,1.09,23.53,8.64,0.0,0.0,0.0,0.0,,,,,,
276,2016-10-03,9.55,18.1,2.55,0.0,0.0,0.0,0.0,,,,,,
277,2016-10-04,0.0,11.92,0.22,0.00508,0.01016,0.00254,0.0,,,,,,
278,2016-10-05,0.74,12.09,-1.23,0.0,0.00508,0.0,0.0,,,,,,
279,2016-10-06,1.07,12.51,-3.21,0.0,0.0076199999999999,0.00508,0.0,,,,,,
280,2016-10-07,0.0,17.25,-3.94,0.0,0.0076199999999999,0.00508,0.0,,,,,,
281,2016-10-08,0.0,21.93,-1.46,0.0,0.00508,0.00254,0.0,,,,,,
282,2016-10-09,0.0,23.32,0.12,0.0,0.00254,0.0,0.0,,,,,,
283,2016-10-10,0.0,22.94,2.61,0.0,0.0,0.0,0.0,,,,,,
284,2016-10-11,0.0,21.63,6.64,0.0,0.0,0.0,0.0,,,,,,
285,2016-10-12,0.0,19.46,-0.17,0.0,0.0,0.0,0.0,,,,,,
286,2016-10-13,0.0,22.31,-0.29,0.0,0.0,0.0,0.0,,,,,,
287,2016-10-14,0.0,21.52,6.33,0.0,0.0,0.0,0.0,,,,,,
288,2016-10-15,0.0,22.71,8.3,0.0,0.0,0.0,0.0,,,,,,
289,2016-10-16,3.02,21.42,7.69,0.0,0.0,0.0,0.0,,,,,,
290,2016-10-17,11.89,12.58,2.75,0.0,0.0,0.0,0.0,,,,,,
291,2016-10-18,0.0,11.49,-2.12,0.0,0.0127,0.01016,0.0,,,,,,
292,2016-10-19,0.0,11.88,-2.07,0.0,0.0127,0.01016,0.0,,,,,,
293,2016-10-20,0.0,15.81,-5.16,0.0,0.0127,0.00508,0.0,,,,,,
294,2016-10-21,0.0,21.38,-2.43,0.0,0.01016,0.00254,0.0,,,,,,
295,2016-10-22,0.0,22.04,1.67,0.0,0.00508,0.0,0.0,,,,,,
296,2016-10-23,0.0,22.34,1.78,0.0,0.0,0.0,0.0,,,,,,
297,2016-10-24,1.48,19.57,7.56,0.0,0.0,0.0,0.0,,,,,,
298,2016-10-25,0.0,18.03,5.79,0.0,0.0,0.0,0.0,,,,,,
299,2016-10-26,0.0,21.49,0.93,0.0,0.0,0.0,0.0,,,,,,
300,2016-10-27,0.0,23.13,2.71,0.0,0.0,0.0,0.0,,,,,,
301,2016-10-28,0.91,22.77,11.05,0.0,0.0,0.0,0.0,,,,,,
302,2016-10-29,2.72,19.14,7.85,0.0,0.0,0.0,0.0,,,,,,
303,2016-10-30,0.0,18.55,8.24,0.0,0.0,0.0,0.0,,,,,,
304,2016-10-31,8.45,15.55,3.33,0.0,0.0,0.0,0.0,,,,,,
305,2016-11-01,0.51,11.82,-1.28,0.0,0.0076199999999999,0.0076199999999999,0.0,,,,,,
306,2016-11-02,0.0,12.32,-3.19,0.0,0.0152399999999999,0.01016,0.0,,,,,,
307,2016-11-03,0.0,15.45,-3.12,0.0,0.0152399999999999,0.01016,0.0,,,,,,
308,2016-11-04,0.0,15.55,-1.53,0.0,0.0127,0.00508,0.0,,,,,,
309,2016-11-05,0.0,17.89,-0.97,0.0,0.0076199999999999,0.0,0.0,,,,,,
310,2016-11-06,0.0,18.23,-1.09,0.0,0.00254,0.0,0.0,,,,,,
311,2016-11-07,0.0,18.11,-1.22,0.0,0.0,0.0,0.0,,,,,,
312,2016-11-08,0.0,18.34,-0.87,0.0,0.0,0.0,0.0,,,,,,
313,2016-11-09,0.0,18.67,-0.75,0.0,0.0,0.0,0.0,,,,,,
314,2016-11-10,0.0,18.85,-0.64,0.0,0.0,0.0,0.0,,,,,,
315,2016-11-11,0.0,17.66,0.16,0.0,0.0,0.0,0.0,,,,,,
316,2016-11-12,0.0,17.82,-0.64,0.0,0.0,0.0,0.0,,,,,,
317,2016-11-13,0.0,16.01,-1.29,0.0,0.0,0.0,0.0,,,,,,
318,2016-11-14,0.0,18.87,-1.52,0.0,0.0,0.0,0.0,,,,,,
319,2016-11-15,0.0,20.91,-0.42,0.0,0.0,0.0,0.0,,,,,,
320,2016-11-16,0.0,18.48,0.43,0.0,0.0,0.0,0.0,,,,,,
321,2016-11-17,3.52,7.21,-3.38,0.0,0.0,0.0,0.0,,,,,,
322,2016-11-18,0.0,4.66,-10.88,0.0,0.01016,0.00508,0.00508,,,,,,
323,2016-11-19,0.0,15.73,-4.29,0.00254,0.0076199999999999,0.00508,0.00508,,,,,,
324,2016-11-20,0.0,16.1,0.32,0.00254,0.00508,0.00254,0.00508,,,,,,
325,2016-11-21,5.47,12.48,3.46,0.00254,0.00508,0.00254,0.00508,,,,,,
326,2016-11-22,6.18,6.82,-1.22,0.0127,0.02286,0.0152399999999999,0.01016,,,,,,
327,2016-11-23,0.0,9.49,-5.43,0.0152399999999999,0.02794,0.0152399999999999,0.01016,,,,,,
328,2016-11-24,7.52,5.82,-5.58,0.02286,0.04572,0.0254,0.0127,,,,,,
329,2016-11-25,0.0,8.47,-8.39,0.02286,0.04572,0.0254,0.0127,,,,,,
330,2016-11-26,0.0,9.33,-4.36,0.02032,0.04572,0.0431799999999999,0.0127,,,,,,
331,2016-11-27,4.75,6.07,-1.0,0.0254,0.04572,0.04572,0.0177799999999999,,,,,,
332,2016-11-28,6.74,1.44,-4.44,0.0355599999999999,0.0609599999999999,0.05334,0.02286,,,,,,
333,2016-11-29,0.0,0.77,-9.92,0.0431799999999999,0.1016,0.0635,0.0355599999999999,,,,,,
334,2016-11-30,0.0,-0.93,-13.78,0.0431799999999999,0.1016,0.06604,0.0355599999999999,,,,,,
335,2016-12-01,0.19,0.13,-8.38,0.04572,0.1016,0.06604,0.0355599999999999,,,,,,
336,2016-12-02,0.0,-0.21,-11.2,0.04572,0.1016,0.06604,0.0355599999999999,,,,,,
337,2016-12-03,0.0,-0.08,-11.81,0.04572,0.1016,0.06604,0.0355599999999999,,,,,,
338,2016-12-04,0.0,4.94,-8.16,0.04572,0.1016,0.06604,0.0355599999999999,,,,,,
339,2016-12-05,0.91,5.56,-7.77,0.04572,0.1143,0.0711199999999999,0.0380999999999999,,,,,,
340,2016-12-06,0.66,-2.54,-18.07,0.04572,0.11938,0.0736599999999999,0.0380999999999999,,,,,,
341,2016-12-07,0.0,-4.56,-15.87,0.04572,0.12446,0.07874,0.0380999999999999,,,,,,
342,2016-12-08,0.55,-3.89,-17.73,0.04572,0.12446,0.07874,0.0380999999999999,,,,,,
343,2016-12-09,3.43,6.37,-6.33,0.05588,0.12954,0.08128,0.0508,,,,,,
344,2016-12-10,15.73,6.8,-0.44,0.0635,0.13462,0.0838199999999999,0.0609599999999999,,,,,,
345,2016-12-11,14.04,3.02,-2.92,0.09652,0.17526,0.10668,0.09144,,,,,,
346,2016-12-12,0.0,1.04,-10.83,0.09652,0.1803399999999999,0.11176,0.09398,,,,,,
347,2016-12-13,0.0,-0.02,-12.0,0.09652,0.1803399999999999,0.11176,0.09398,,,,,,
348,2016-12-14,2.06,1.87,-4.93,0.09652,0.1803399999999999,0.11176,0.09398,,,,,,
349,2016-12-15,0.7,10.02,0.05,0.10922,0.19304,0.1219199999999999,0.1041399999999999,,,,,,
350,2016-12-16,17.81,9.5,-1.24,0.10922,0.19812,0.1219199999999999,0.1016,,,,,,
351,2016-12-17,7.1,-0.86,-11.45,0.1422399999999999,0.2438399999999999,0.127,0.11938,,,,,,
352,2016-12-18,0.0,-6.81,-19.16,0.1422399999999999,0.2438399999999999,0.127,0.11938,,,,,,
353,2016-12-19,0.0,-4.12,-13.95,0.1422399999999999,0.2438399999999999,0.127,0.11938,,,,,,
354,2016-12-20,0.0,3.62,-9.72,0.14478,0.2463799999999999,0.12954,0.127,,,,,,
355,2016-12-21,0.0,3.89,-3.09,0.14478,0.2463799999999999,0.12954,0.127,,,,,,
356,2016-12-22,0.0,0.38,-8.29,0.1473199999999999,0.2463799999999999,0.12954,0.127,,,,,,
357,2016-12-23,0.0,2.2,-11.39,0.1473199999999999,0.2463799999999999,0.12954,0.127,,,,,,
358,2016-12-24,0.0,5.64,-0.66,0.1473199999999999,0.2463799999999999,0.12954,0.127,,,,,,
359,2016-12-25,9.22,4.46,-7.38,0.16256,0.254,0.13462,0.12954,,,,,,
360,2016-12-26,0.0,-5.93,-17.94,0.1676399999999999,0.26162,0.1422399999999999,0.13716,,,,,,
361,2016-12-27,0.0,-2.41,-19.1,0.1676399999999999,0.26162,0.1422399999999999,0.13716,,,,,,
362,2016-12-28,0.0,2.28,-9.21,0.1676399999999999,0.26162,0.1422399999999999,0.1397,,,,,,
363,2016-12-29,0.0,0.8,-14.52,0.1676399999999999,0.26416,0.14478,0.1397,,,,,,
364,2016-12-30,0.0,2.4,-12.09,0.1676399999999999,0.26416,0.14478,0.1397,,,,,,
365,2016-12-31,,,,0.1676399999999999,0.26416,0.14478,0.1397,,,,,,
366,2017-01-01,0.0,1.51,-14.07,0.1676399999999999,0.26416,0.14478,0.1397,,,,,,
367,2017-01-02,3.94,1.48,-9.15,0.17018,0.26924,0.1473199999999999,0.1422399999999999,,,,,,
368,2017-01-03,6.76,-1.71,-10.76,0.18796,0.28956,0.16256,0.15748,,,,,,
369,2017-01-04,8.92,3.39,-5.98,0.19304,0.2946399999999999,0.17018,0.1651,,,,,,
370,2017-01-05,9.15,0.57,-15.23,0.2286,0.3302,0.19304,0.19558,,,,,,
371,2017-01-06,0.0,-12.03,-29.95,0.2286,0.3302,0.19304,0.19558,,,,,,
372,2017-01-07,0.0,-7.94,-23.13,0.2286,0.3302,0.19304,0.19558,,,,,,
373,2017-01-08,3.1,3.23,-8.89,0.23876,0.3454399999999999,0.19812,0.20066,,,,,,
374,2017-01-09,10.29,9.23,0.18,0.25654,0.35052,0.20066,0.2082799999999999,,,,,,
375,2017-01-10,7.57,4.84,-1.72,0.2819399999999999,0.40894,0.2311399999999999,0.2311399999999999,,,,,,
376,2017-01-11,18.49,4.01,-0.3,0.30734,0.44704,0.25146,0.24892,,,,,,
377,2017-01-12,2.49,1.22,-4.66,0.33274,0.49022,0.2946399999999999,0.2717799999999999,,,,,,
378,2017-01-13,0.59,-1.74,-9.12,0.33274,0.4952999999999999,0.3047999999999999,0.2717799999999999,,,,,,
379,2017-01-14,0.0,-0.8,-12.35,0.33274,0.4952999999999999,0.3047999999999999,0.2717799999999999,,,,,,
380,2017-01-15,0.0,-3.01,-15.59,0.33274,0.4952999999999999,0.3047999999999999,0.2717799999999999,,,,,,
381,2017-01-16,0.0,-6.29,-18.59,0.33274,0.4952999999999999,0.3047999999999999,0.2717799999999999,,,,,,
382,2017-01-17,0.0,-5.09,-20.05,0.33274,0.4952999999999999,0.3047999999999999,0.2717799999999999,,,,,,
383,2017-01-18,0.0,-0.85,-15.9,0.33274,0.4952999999999999,0.3047999999999999,0.2717799999999999,,,,,,
384,2017-01-19,0.76,1.2,-10.04,0.33274,0.4952999999999999,0.3047999999999999,0.2717799999999999,,,,,,
385,2017-01-20,0.48,2.53,-3.18,0.34036,0.5003799999999999,0.30734,0.2794,,,,,,
386,2017-01-21,4.41,1.29,-6.24,0.34036,0.50292,0.30734,0.2794,,,,,,
387,2017-01-22,2.97,2.68,-11.86,0.3479799999999999,0.51308,0.31496,0.28702,,,,,,
388,2017-01-23,7.84,2.79,-2.25,0.3555999999999999,0.51816,0.31496,0.2946399999999999,,,,,,
389,2017-01-24,2.0,-0.64,-7.27,0.381,0.54864,0.32512,0.32258,,,,,,
390,2017-01-25,1.01,-2.24,-9.52,0.381,0.55118,0.32512,0.32512,,,,,,
391,2017-01-26,0.76,-2.77,-12.26,0.381,0.55372,0.3302,0.32766,,,,,,
392,2017-01-27,0.0,-5.87,-21.95,0.381,0.55372,0.3302,0.32766,,,,,,
393,2017-01-28,0.0,-6.47,-21.24,0.381,0.55372,0.3302,0.32766,,,,,,
394,2017-01-29,0.0,-3.22,-17.52,0.381,0.55626,0.3302,0.3302,,,,,,
395,2017-01-30,0.0,0.72,-15.49,0.38354,0.55626,0.3302,0.3302,,,,,,
396,2017-01-31,0.0,1.26,-12.5,0.38354,0.55626,0.3302,0.3302,,,,,,
397,2017-02-01,0.0,6.46,-5.85,0.38354,0.55626,0.3302,0.3302,,,,,,
398,2017-02-02,0.36,4.88,-6.25,0.38354,0.55626,0.3302,0.3302,,,,,,
399,2017-02-03,0.0,8.08,-5.48,0.38354,0.55626,0.3302,0.33274,,,,,,
400,2017-02-04,1.61,8.56,0.0,0.39116,0.5638799999999999,0.33782,0.33782,,,,,,
401,2017-02-05,0.0,8.62,-3.31,0.39624,0.5689599999999999,0.34036,0.33782,,,,,,
402,2017-02-06,0.11,8.42,1.8,0.39624,0.5689599999999999,0.3429,0.33782,,,,,,
403,2017-02-07,3.64,9.17,2.19,0.3987799999999999,0.57912,0.3479799999999999,0.3429,,,,,,
404,2017-02-08,0.0,11.19,1.43,0.4165599999999999,0.6095999999999999,0.3555999999999999,0.35306,,,,,,
405,2017-02-09,0.0,14.01,3.29,0.4165599999999999,0.6095999999999999,0.3555999999999999,0.35306,,,,,,
406,2017-02-10,16.16,13.01,4.43,0.4165599999999999,0.61214,0.3555999999999999,0.3429,,,,,,
407,2017-02-11,19.89,7.3,-1.65,0.42164,0.63754,0.381,0.33782,,,,,,
408,2017-02-12,0.0,3.8,-10.85,0.42672,0.6527799999999999,0.3937,0.3429,,,,,,
409,2017-02-13,0.0,3.19,-13.34,0.42672,0.6527799999999999,0.3937,0.3429,,,,,,
410,2017-02-14,0.0,4.97,-10.71,0.42672,0.6527799999999999,0.3937,0.3429,,,,,,
411,2017-02-15,0.0,8.24,-9.55,0.42672,0.6527799999999999,0.3937,0.3429,,,,,,
412,2017-02-16,0.0,11.74,-7.07,0.42672,0.6527799999999999,0.3937,0.3429,,,,,,
413,2017-02-17,0.0,10.33,-2.29,0.42672,0.6527799999999999,0.38862,0.3429,,,,,,
414,2017-02-18,0.12,9.18,2.43,0.42672,0.6604,0.38354,0.3429,,,,,,
415,2017-02-19,6.03,7.9,1.07,0.42672,0.6604,0.38354,0.3454399999999999,,,,,,
416,2017-02-20,0.0,10.05,-2.56,0.43688,0.67818,0.39624,0.3479799999999999,,,,,,
417,2017-02-21,3.68,13.22,2.19,0.4445,0.68072,0.3987799999999999,0.3479799999999999,,,,,,
418,2017-02-22,8.08,10.83,-1.7,0.4699,0.70358,0.40894,0.3581399999999999,,,,,,
419,2017-02-23,3.98,-0.62,-6.77,0.4800599999999999,0.7162799999999999,0.4165599999999999,0.3682999999999999,,,,,,
420,2017-02-24,0.0,-0.33,-8.26,0.47752,0.73152,0.4241799999999999,0.37338,,,,,,
421,2017-02-25,0.08,-1.72,-14.82,0.47244,0.7340599999999999,0.4241799999999999,0.37338,,,,,,
422,2017-02-26,0.0,0.56,-15.37,0.4800599999999999,0.74422,0.42672,0.37592,,,,,,
423,2017-02-27,7.45,1.15,-5.46,0.4800599999999999,0.74422,0.42672,0.37592,,,,,,
424,2017-02-28,1.79,-1.02,-16.4,0.5054599999999999,0.77724,0.44704,0.40386,,,,,,
425,2017-03-01,0.0,2.59,-7.81,0.5054599999999999,0.77724,0.44704,0.40386,,,,,,
426,2017-03-02,0.0,4.42,-11.66,0.5054599999999999,0.77724,0.44704,0.40386,,,,,,
427,2017-03-03,0.0,9.04,-9.86,0.5054599999999999,0.77724,0.44704,0.40386,,,,,,
428,2017-03-04,0.0,12.05,-2.71,0.5054599999999999,0.77724,0.44704,0.40386,,,,,,
429,2017-03-05,0.0,12.43,2.07,0.5054599999999999,0.77724,0.44704,0.40386,,,,,,
430,2017-03-06,8.69,7.37,-6.53,0.51562,0.79502,0.4572,0.4165599999999999,,,,,,
431,2017-03-07,0.0,5.33,-6.9,0.5257799999999999,0.8051799999999999,0.46482,0.4292599999999999,,,,,,
432,2017-03-08,0.0,11.87,0.3,0.5308599999999999,0.8051799999999999,0.46482,0.4292599999999999,,,,,,
433,2017-03-09,0.0,14.8,-1.25,0.5308599999999999,0.8051799999999999,0.46482,0.4292599999999999,,,,,,
434,2017-03-10,0.0,15.61,-0.41,0.5308599999999999,0.8051799999999999,0.46482,0.4292599999999999,,,,,,
435,2017-03-11,0.0,14.49,-0.69,0.5308599999999999,0.80264,0.46482,0.42164,,,,,,
436,2017-03-12,0.0,13.26,0.21,0.5308599999999999,0.8000999999999999,0.46482,0.4165599999999999,,,,,,
437,2017-03-13,0.0,15.69,-3.18,0.5308599999999999,0.8000999999999999,0.46482,0.4114799999999999,,,,,,
438,2017-03-14,0.0,19.39,-1.23,0.5257799999999999,0.8000999999999999,0.46482,0.40132,,,,,,
439,2017-03-15,0.0,20.98,-0.57,0.51562,0.7975599999999999,0.46482,0.3937,,,,,,
440,2017-03-16,0.0,19.46,1.62,0.5003799999999999,0.79248,0.46482,0.381,,,,,,
441,2017-03-17,0.0,19.34,-0.6,0.4826,0.7874,0.46482,0.37084,,,,,,
442,2017-03-18,0.0,22.78,1.46,0.4673599999999999,0.7848599999999999,0.46482,0.3606799999999999,,,,,,
443,2017-03-19,0.0,21.58,3.98,0.44704,0.78232,0.46482,0.35052,,,,,,
444,2017-03-20,0.0,20.2,2.71,0.4317999999999999,0.77724,0.46482,0.33782,,,,,,
445,2017-03-21,0.0,19.31,4.33,0.42164,0.77724,0.45974,0.32766,,,,,,
446,2017-03-22,4.29,17.79,5.72,0.4064,0.76962,0.44704,0.30988,,,,,,
447,2017-03-23,12.01,13.21,0.53,0.3987799999999999,0.76708,0.44704,0.2920999999999999,,,,,,
448,2017-03-24,0.57,13.52,-2.66,0.40132,0.7746999999999999,0.4546599999999999,0.30226,,,,,,
449,2017-03-25,1.45,13.08,2.06,0.40132,0.76708,0.4546599999999999,0.2971799999999999,,,,,,
450,2017-03-26,0.0,9.93,-3.23,0.40386,0.77216,0.4572,0.29972,,,,,,
451,2017-03-27,11.03,8.78,0.79,0.40386,0.76962,0.4572,0.29972,,,,,,
452,2017-03-28,5.52,9.71,-0.21,0.4165599999999999,0.8128,0.48514,0.32004,,,,,,
453,2017-03-29,0.0,13.75,-4.18,0.4165599999999999,0.81788,0.4826,0.32258,,,,,,
454,2017-03-30,3.87,12.34,3.57,0.4165599999999999,0.81788,0.4800599999999999,0.32004,,,,,,
455,2017-03-31,9.51,7.83,2.31,0.43942,0.8483599999999999,0.4927599999999999,0.33782,,,,,,
456,2017-04-01,0.0,13.66,1.41,0.43942,0.8509,0.5003799999999999,0.34036,,,,,,
457,2017-04-02,2.46,12.53,1.09,0.43942,0.8483599999999999,0.5003799999999999,0.33274,,,,,,
458,2017-04-03,0.0,9.71,-3.5,0.4419599999999999,0.85344,0.5054599999999999,0.33782,,,,,,
459,2017-04-04,0.0,9.01,-4.35,0.44704,0.8509,0.50292,0.33782,,,,,,
460,2017-04-05,0.0,13.46,-5.93,0.44704,0.8483599999999999,0.49784,0.33782,,,,,,
461,2017-04-06,0.0,20.42,-1.31,0.44704,0.8483599999999999,0.4952999999999999,0.33782,,,,,,
462,2017-04-07,0.0,19.4,9.05,0.43688,0.84074,0.47752,0.32004,,,,,,
463,2017-04-08,10.54,14.6,0.82,0.4317999999999999,0.83566,0.45974,0.30226,,,,,,
464,2017-04-09,8.88,8.67,-2.98,0.43688,0.86614,0.4876799999999999,0.30988,,,,,,
465,2017-04-10,0.0,12.34,-6.13,0.43688,0.86868,0.4952999999999999,0.31242,,,,,,
466,2017-04-11,0.0,15.45,-2.74,0.43434,0.86868,0.4952999999999999,0.31242,,,,,,
467,2017-04-12,0.0,19.82,0.51,0.41402,0.86868,0.4952999999999999,0.3047999999999999,,,,,,
468,2017-04-13,0.0,23.08,4.23,0.39116,0.86614,0.4952999999999999,0.2794,,,,,,
469,2017-04-14,0.0,18.47,1.49,0.3606799999999999,0.8635999999999999,0.4927599999999999,0.2438399999999999,,,,,,
470,2017-04-15,0.0,11.88,-4.35,0.3606799999999999,0.8458199999999999,0.4876799999999999,0.23876,,,,,,
471,2017-04-16,0.0,20.41,-2.46,0.35306,0.8331199999999999,0.4876799999999999,0.22352,,,,,,
472,2017-04-17,0.0,19.43,5.48,0.32004,0.83058,0.4749799999999999,0.19304,,,,,,
473,2017-04-18,9.93,17.35,3.8,0.3047999999999999,0.8128,0.4572,0.1727199999999999,,,,,,
474,2017-04-19,11.14,13.32,2.08,0.3047999999999999,0.81534,0.45212,0.16002,,,,,,
475,2017-04-20,1.86,12.57,0.54,0.30988,0.7975599999999999,0.4546599999999999,0.15748,,,,,,
476,2017-04-21,1.35,9.79,0.35,0.30988,0.81026,0.46482,0.16256,,,,,,
477,2017-04-22,0.0,14.27,-3.26,0.30988,0.8128,0.46482,0.16256,,,,,,
478,2017-04-23,0.0,19.68,1.98,0.30988,0.8128,0.44958,0.14478,,,,,,
479,2017-04-24,6.23,14.78,1.32,0.2920999999999999,0.81534,0.43434,0.127,,,,,,
480,2017-04-25,7.61,8.84,0.28,0.2971799999999999,0.8255,0.44958,0.13462,,,,,,
481,2017-04-26,0.0,9.7,-0.07,0.3047999999999999,0.8382,0.4572,0.1422399999999999,,,,,,
482,2017-04-27,8.64,8.49,-0.18,0.32258,0.8458199999999999,0.4546599999999999,0.1473199999999999,,,,,,
483,2017-04-28,1.86,6.55,-4.28,0.32258,0.8610599999999999,0.45974,0.16256,,,,,,
484,2017-04-29,1.57,7.91,-1.35,0.32766,0.8763,0.4699,0.1727199999999999,,,,,,
485,2017-04-30,0.0,13.66,-3.48,0.32766,0.8763,0.4622799999999999,0.1651,,,,,,
486,2017-05-01,0.0,14.37,1.81,0.3302,0.8763,0.4546599999999999,0.1676399999999999,,,,,,
487,2017-05-02,1.1,14.71,2.93,0.31496,0.87376,0.43942,0.1523999999999999,,,,,,
488,2017-05-03,0.0,19.02,-1.31,0.30226,0.8763,0.4241799999999999,0.1473199999999999,,,,,,
489,2017-05-04,0.0,23.16,0.38,0.2844799999999999,0.8763,0.42164,0.12446,,,,,,
490,2017-05-05,0.0,27.11,3.07,0.25146,0.8763,0.4064,0.07874,,,,,,
491,2017-05-06,0.0,26.55,8.21,0.2057399999999999,0.8559800000000001,0.37846,0.02286,,,,,,
492,2017-05-07,3.95,23.66,6.76,0.17526,0.8382,0.35306,0.0,,,,,,
493,2017-05-08,0.5,21.26,7.78,0.14478,0.80772,0.32512,0.0,,,,,,
494,2017-05-09,0.0,21.04,4.87,0.127,0.79502,0.30734,0.0,,,,,,
495,2017-05-10,0.0,21.34,4.04,0.09906,0.7797799999999999,0.2717799999999999,0.0,,,,,,
496,2017-05-11,0.0,24.63,3.0,0.0635,0.75692,0.23622,0.0,,,,,,
497,2017-05-12,0.0,25.5,4.41,0.0304799999999999,0.72644,0.1905,0.0,,,,,,
498,2017-05-13,0.0,21.63,2.16,0.0,0.67818,0.1422399999999999,0.0,,,,,,
499,2017-05-14,0.0,20.38,-2.59,0.0,0.6604,0.1041399999999999,0.0,,,,,,
500,2017-05-15,0.0,18.7,3.13,0.0,0.62992,0.0635,0.0,,,,,,
501,2017-05-16,5.35,17.4,5.27,0.0,0.5969,0.0431799999999999,0.0,,,,,,
502,2017-05-17,7.78,12.13,-1.53,0.0,0.58674,0.03302,0.0,,,,,,
503,2017-05-18,0.38,6.4,-4.45,0.0,0.59944,0.0380999999999999,0.0,,,,,,
504,2017-05-19,0.0,11.3,1.19,0.0,0.6095999999999999,0.0431799999999999,0.0,,,,,,
505,2017-05-20,0.0,16.69,-0.51,0.0,0.6095999999999999,0.04064,0.0,,,,,,
506,2017-05-21,0.0,17.55,4.77,0.0,0.60198,0.0304799999999999,0.0,,,,,,
507,2017-05-22,1.59,20.35,1.83,0.0,0.59944,0.02032,0.0,,,,,,
508,2017-05-23,0.0,23.39,5.84,0.0,0.57658,0.0,0.0,,,,,,
509,2017-05-24,0.0,26.1,4.21,0.0,0.5334,0.0,0.0,,,,,,
510,2017-05-25,0.0,22.72,5.67,0.0,0.4876799999999999,0.0,0.0,,,,,,
511,2017-05-26,0.0,19.0,3.12,0.0,0.46482,0.0,0.0,,,,,,
512,2017-05-27,0.0,18.43,1.3,0.0,0.46482,0.0,0.0,,,,,,
513,2017-05-28,0.0,23.31,1.98,0.0,0.43688,0.0,0.0,,,,,,
514,2017-05-29,0.0,24.84,3.5,0.0,0.3987799999999999,0.0,0.0,,,,,,
515,2017-05-30,0.0,27.04,5.02,0.0,0.3581399999999999,0.0,0.0,,,,,,
516,2017-05-31,0.0,28.77,6.16,0.0,0.31496,0.0,0.0,,,,,,
517,2017-06-01,0.0,26.2,8.88,0.0,0.2717799999999999,0.0,0.0,,,,,,
518,2017-06-02,2.59,22.87,6.51,0.0,0.23876,0.0,0.0,,,,,,
519,2017-06-03,0.0,28.08,4.55,0.0,0.19304,0.0,0.0,,,,,,
520,2017-06-04,0.0,30.76,7.18,0.0,0.1473199999999999,0.0,0.0,,,,,,
521,2017-06-05,0.0,30.1,9.62,0.0,0.0,0.0,0.0,,,,,,
522,2017-06-06,0.0,29.8,9.18,0.0,0.0,0.0,0.0,,,,,,
523,2017-06-07,0.0,30.7,11.15,0.0,0.0,0.0,0.0,,,,,,
524,2017-06-08,0.0,30.47,7.35,0.0,0.0,0.0,0.0,,,,,,
525,2017-06-09,0.0,29.73,7.45,0.0,0.0,0.0,0.0,,,,,,
526,2017-06-10,0.0,27.45,5.3,0.0,0.0,0.0,0.0,,,,,,
527,2017-06-11,0.0,27.21,6.77,0.0,0.0,0.0,0.0,,,,,,
528,2017-06-12,0.72,24.81,5.13,0.0,0.0,0.0,0.0,,,,,,
529,2017-06-13,5.54,14.99,5.32,0.0,0.0,0.0,0.0,,,,,,
530,2017-06-14,0.0,22.84,2.79,0.0,0.0,0.0,0.0,,,,,,
531,2017-06-15,0.0,26.81,4.63,0.0,0.0,0.0,0.0,,,,,,
532,2017-06-16,0.0,27.58,6.9,0.0,0.0,0.0,0.0,,,,,,
533,2017-06-17,0.0,26.22,10.8,0.0,0.0,0.0,0.0,,,,,,
534,2017-06-18,0.0,26.3,6.35,0.0,0.0,0.0,0.0,,,,,,
535,2017-06-19,0.0,30.79,7.94,0.0,0.0,0.0,0.0,,,,,,
536,2017-06-20,0.0,33.06,9.78,0.0,0.0,0.0,0.0,,,,,,
537,2017-06-21,0.0,33.48,10.38,0.0,0.0,0.0,0.0,,,,,,
538,2017-06-22,0.0,30.86,10.1,0.0,0.0,0.0,0.0,,,,,,
539,2017-06-23,0.0,27.13,5.59,0.0,0.0,0.0,0.0,,,,,,
540,2017-06-24,0.0,27.89,5.22,0.0,0.0,0.0,0.0,,,,,,
541,2017-06-25,0.0,30.36,7.39,0.0,0.0,0.0,0.0,,,,,,
542,2017-06-26,0.0,32.39,8.27,0.0,0.0,0.0,0.0,,,,,,
543,2017-06-27,0.0,31.25,11.53,0.0,0.0,0.0,0.0,,,,,,
544,2017-06-28,0.0,28.05,6.71,0.0,0.0,0.0,0.0,,,,,,
545,2017-06-29,0.0,26.83,7.53,0.0,0.0,0.0,0.0,,,,,,
546,2017-06-30,0.0,26.44,6.94,0.0,0.0,0.0,0.0,,,,,,
547,2017-07-01,0.0,30.47,5.79,0.0,0.0,0.0,0.0,,,,,,
548,2017-07-02,0.0,32.02,10.29,0.0,0.0,0.0,0.0,,,,,,
549,2017-07-03,0.0,32.14,12.4,0.0,0.0,0.0,0.0,,,,,,
550,2017-07-04,0.0,33.88,9.39,0.0,0.0,0.0,0.0,,,,,,
551,2017-07-05,0.0,34.18,10.64,0.0,0.0,0.0,0.0,,,,,,
552,2017-07-06,0.0,35.47,10.11,0.0,0.0,0.0,0.0,,,,,,
553,2017-07-07,0.0,34.75,14.19,0.0,0.0,0.0,0.0,,,,,,
554,2017-07-08,0.0,34.58,13.79,0.0,0.0,0.0,0.0,,,,,,
555,2017-07-09,0.0,34.17,12.27,0.0,0.0,0.0,0.0,,,,,,
556,2017-07-10,0.0,32.77,17.64,0.0,0.0,0.0,0.0,,,,,,
557,2017-07-11,0.0,30.81,13.56,0.0,0.0,0.0,0.0,,,,,,
558,2017-07-12,0.0,31.86,11.18,0.0,0.0,0.0,0.0,,,,,,
559,2017-07-13,0.0,33.65,9.96,0.0,0.0,0.0,0.0,,,,,,
560,2017-07-14,0.0,34.17,10.51,0.0,0.0,0.0,0.0,,,,,,
561,2017-07-15,0.0,34.3,11.32,0.0,0.0,0.0,0.0,,,,,,
562,2017-07-16,0.0,33.92,12.99,0.0,0.0,0.0,0.0,,,,,,
563,2017-07-17,0.0,32.75,13.61,0.0,0.0,0.0,0.0,,,,,,
564,2017-07-18,1.14,33.56,12.71,0.0,0.0,0.0,0.0,,,,,,
565,2017-07-19,0.42,33.24,15.57,0.0,0.0,0.0,0.0,,,,,,
566,2017-07-20,0.0,32.0,15.5,0.0,0.0,0.0,0.0,,,,,,
567,2017-07-21,0.0,32.69,15.44,0.0,0.0,0.0,0.0,,,,,,
568,2017-07-22,0.0,33.63,10.97,0.0,0.0,0.0,0.0,,,,,,
569,2017-07-23,0.0,33.9,11.24,0.0,0.0,0.0,0.0,,,,,,
570,2017-07-24,0.0,32.4,12.89,0.0,0.0,0.0,0.0,,,,,,
571,2017-07-25,4.8,30.01,14.94,0.0,0.0,0.0,0.0,,,,,,
572,2017-07-26,7.33,27.6,14.06,0.0,0.0,0.0,0.0,,,,,,
573,2017-07-27,4.79,28.79,11.69,0.0,0.0,0.0,0.0,,,,,,
574,2017-07-28,0.0,29.27,10.75,0.0,0.0,0.0,0.0,,,,,,
575,2017-07-29,0.0,31.24,10.22,0.0,0.0,0.0,0.0,,,,,,
576,2017-07-30,0.0,31.94,10.81,0.0,0.0,0.0,0.0,,,,,,
577,2017-07-31,0.0,32.99,12.59,0.0,0.0,0.0,0.0,,,,,,
578,2017-08-01,0.0,34.01,11.03,0.0,0.0,0.0,0.0,,,,,,
579,2017-08-02,0.0,33.61,10.53,0.0,0.0,0.0,0.0,,,,,,
580,2017-08-03,0.0,32.66,12.51,0.0,0.0,0.0,0.0,,,,,,
581,2017-08-04,0.0,32.43,10.91,0.0,0.0,0.0,0.0,,,,,,
582,2017-08-05,0.0,31.31,12.64,0.0,0.0,0.0,0.0,,,,,,
583,2017-08-06,0.0,30.48,8.41,0.0,0.0,0.0,0.0,,,,,,
584,2017-08-07,0.0,28.54,12.85,0.0,0.0,0.0,0.0,,,,,,
585,2017-08-08,0.85,27.71,11.76,0.0,0.0,0.0,0.0,,,,,,
586,2017-08-09,0.0,28.57,11.01,0.0,0.0,0.0,0.0,,,,,,
587,2017-08-10,0.0,29.02,11.24,0.0,0.0,0.0,0.0,,,,,,
588,2017-08-11,0.0,30.78,11.12,0.0,0.0,0.0,0.0,,,,,,
589,2017-08-12,0.85,31.54,11.98,0.0,0.0,0.0,0.0,,,,,,
590,2017-08-13,0.74,31.08,14.78,0.0,0.0,0.0,0.0,,,,,,
591,2017-08-14,0.0,28.79,10.8,0.0,0.0,0.0,0.0,,,,,,
592,2017-08-15,0.0,27.38,10.69,0.0,0.0,0.0,0.0,,,,,,
593,2017-08-16,0.0,27.22,5.14,0.0,0.0,0.0,0.0,,,,,,
594,2017-08-17,0.0,29.01,8.22,0.0,0.0,0.0,0.0,,,,,,
595,2017-08-18,0.0,30.39,7.45,0.0,0.0,0.0,0.0,,,,,,
596,2017-08-19,0.0,30.95,6.38,0.0,0.0,0.0,0.0,,,,,,
597,2017-08-20,0.0,31.34,9.97,0.0,0.0,0.0,0.0,,,,,,
598,2017-08-21,0.0,30.97,8.42,0.0,0.0,0.0,0.0,,,,,,
599,2017-08-22,0.0,31.16,8.94,0.0,0.0,0.0,0.0,,,,,,
600,2017-08-23,0.0,28.38,13.48,0.0,0.0,0.0,0.0,,,,,,
601,2017-08-24,0.0,29.39,9.03,0.0,0.0,0.0,0.0,,,,,,
602,2017-08-25,0.0,30.69,7.72,0.0,0.0,0.0,0.0,,,,,,
603,2017-08-26,0.0,33.18,9.38,0.0,0.0,0.0,0.0,,,,,,
604,2017-08-27,0.0,33.07,8.45,0.0,0.0,0.0,0.0,,,,,,
605,2017-08-28,0.0,33.41,7.42,0.0,0.0,0.0,0.0,,,,,,
606,2017-08-29,0.0,33.53,9.47,0.0,0.0,0.0,0.0,,,,,,
607,2017-08-30,0.0,33.49,13.41,0.0,0.0,0.0,0.0,,,,,,
608,2017-08-31,0.0,29.95,13.65,0.0,0.0,0.0,0.0,,,,,,
609,2017-09-01,0.0,30.72,8.71,0.0,0.0,0.0,0.0,,,,,,
610,2017-09-02,0.0,32.71,7.75,0.0,0.0,0.0,0.0,,,,,,
611,2017-09-03,0.0,33.53,8.7,0.0,0.0,0.0,0.0,,,,,,
612,2017-09-04,0.0,34.73,8.63,0.0,0.0,0.0,0.0,,,,,,
613,2017-09-05,0.0,33.51,10.55,0.0,0.0,0.0,0.0,,,,,,
614,2017-09-06,0.0,32.25,8.34,0.0,0.0,0.0,0.0,,,,,,
615,2017-09-07,0.0,31.01,6.9,0.0,0.0,0.0,0.0,,,,,,
616,2017-09-08,0.0,30.08,12.07,0.0,0.0,0.0,0.0,,,,,,
617,2017-09-09,0.0,28.12,9.28,0.0,0.0,0.0,0.0,,,,,,
618,2017-09-10,0.0,27.45,10.83,0.0,0.0,0.0,0.0,,,,,,
619,2017-09-11,0.0,30.49,9.73,0.0,0.0,0.0,0.0,,,,,,
620,2017-09-12,0.0,30.68,8.37,0.0,0.0,0.0,0.0,,,,,,
621,2017-09-13,0.0,27.83,9.24,0.0,0.0,0.0,0.0,,,,,,
622,2017-09-14,3.66,25.15,10.38,0.0,0.0,0.0,0.0,,,,,,
623,2017-09-15,14.96,17.39,8.32,0.0,0.0,0.0,0.0,,,,,,
624,2017-09-16,1.13,16.34,2.43,0.0,0.00508,0.00254,0.0,,,,,,
625,2017-09-17,0.0,22.12,1.32,0.0,0.0,0.0,0.0,,,,,,
626,2017-09-18,0.0,24.46,3.06,0.0,0.0,0.0,0.0,,,,,,
627,2017-09-19,7.79,20.38,3.86,0.0,0.0,0.0,0.0,,,,,,
628,2017-09-20,0.0,21.31,0.02,0.0,0.01016,0.0,0.0,,,,,,
629,2017-09-21,0.0,21.25,5.96,0.0,0.0,0.0,0.0,,,,,,
630,2017-09-22,9.08,18.07,1.77,0.0,0.01016,0.0,0.0,,,,,,
631,2017-09-23,3.36,9.47,-0.86,0.0,0.0152399999999999,0.0,0.0,,,,,,
632,2017-09-24,19.45,8.08,1.71,0.0,0.02794,0.0127,0.0,,,,,,
633,2017-09-25,0.83,12.58,1.49,0.0254,0.0431799999999999,0.0304799999999999,0.0177799999999999,,,,,,
634,2017-09-26,0.0,16.05,-0.9,0.0152399999999999,0.0355599999999999,0.02794,0.0127,,,,,,
635,2017-09-27,0.0,18.2,0.5,0.00508,0.03302,0.0254,0.0076199999999999,,,,,,
636,2017-09-28,0.0,18.7,4.35,0.0,0.02794,0.02032,0.0,,,,,,
637,2017-09-29,0.0,19.78,4.36,0.0,0.02286,0.02032,0.0,,,,,,
638,2017-09-30,2.29,18.22,3.64,0.0,0.0076199999999999,0.0127,0.0,,,,,,
639,2017-10-01,4.12,12.04,2.62,0.0,0.0,0.0,0.0,,,,,,
640,2017-10-02,0.0,10.74,-3.1,0.0,0.00508,0.00508,0.0,,,,,,
641,2017-10-03,0.0,13.62,-4.46,0.0,0.0076199999999999,0.00254,0.00254,,,,,,
642,2017-10-04,0.0,15.3,-0.53,0.0,0.0076199999999999,0.00254,0.0,,,,,,
643,2017-10-05,0.0,17.49,-0.67,0.0,0.00508,0.0,0.0,,,,,,
644,2017-10-06,0.0,16.1,-1.47,0.0,0.0,0.0,0.0,,,,,,
645,2017-10-07,0.0,20.64,-0.77,0.0,0.0,0.0,0.0,,,,,,
646,2017-10-08,0.0,17.83,0.28,0.0,0.0,0.0,0.0,,,,,,
647,2017-10-09,0.0,10.89,-3.0,0.0,0.0,0.0,0.0,,,,,,
648,2017-10-10,0.0,18.01,-2.55,0.0,0.0,0.0,0.0,,,,,,
649,2017-10-11,0.0,20.19,-2.01,0.0,0.0,0.0,0.0,,,,,,
650,2017-10-12,0.0,17.72,1.55,0.0,0.0,0.0,0.0,,,,,,
651,2017-10-13,0.0,15.35,-5.76,0.0,0.0,0.0,0.0,,,,,,
652,2017-10-14,1.69,13.67,-1.8,0.0,0.0,0.0,0.0,,,,,,
653,2017-10-15,0.0,16.02,-7.19,0.0,0.00508,0.00508,0.0,,,,,,
654,2017-10-16,0.0,21.25,-4.31,0.0,0.00254,0.00254,0.0,,,,,,
655,2017-10-17,0.0,21.35,-3.89,0.0,0.0,0.0,0.0,,,,,,
656,2017-10-18,0.0,22.89,-2.08,0.0,0.0,0.0,0.0,,,,,,
657,2017-10-19,0.0,21.87,-1.08,0.0,0.0,0.0,0.0,,,,,,
658,2017-10-20,0.0,21.1,2.43,0.0,0.0,0.0,0.0,,,,,,
659,2017-10-21,0.0,8.12,-1.74,0.0,0.00508,0.00508,0.0,,,,,,
660,2017-10-22,0.0,17.37,0.53,0.0,0.00254,0.00254,0.0,,,,,,
661,2017-10-23,0.0,17.39,1.57,0.0,0.0,0.0,0.0,,,,,,
662,2017-10-24,0.0,17.31,-1.03,0.0,0.0,0.0,0.0,,,,,,
663,2017-10-25,0.0,20.8,-2.94,0.0,0.0,0.0,0.0,,,,,,
664,2017-10-26,0.0,19.54,-1.35,0.0,0.0,0.0,0.0,,,,,,
665,2017-10-27,0.0,16.15,-4.22,0.0,0.0,0.0,0.0,,,,,,
666,2017-10-28,0.0,17.5,-2.94,0.0,0.0,0.0,0.0,,,,,,
667,2017-10-29,0.0,19.8,-2.5,0.0,0.0,0.0,0.0,,,,,,
668,2017-10-30,0.0,15.92,-1.81,0.0,0.0,0.0,0.0,,,,,,
669,2017-10-31,0.0,11.61,-6.83,0.0,0.0,0.0,0.0,,,,,,
670,2017-11-01,0.0,16.75,0.85,0.0,0.0,0.0,0.0,,,,,,
671,2017-11-02,0.0,17.74,1.2,0.0,0.0,0.0,0.0,,,,,,
672,2017-11-03,0.0,16.76,7.0,0.0,0.0,0.0,0.0,,,,,,
673,2017-11-04,0.0,13.42,5.14,0.0,0.0,0.0,0.0,,,,,,
674,2017-11-05,2.24,9.73,2.33,0.00508,0.00508,0.00508,0.0,,,,,,
675,2017-11-06,2.0,8.6,-0.32,0.0076199999999999,0.0127,0.01016,0.0,,,,,,
676,2017-11-07,0.0,3.94,-5.78,0.0127,0.0177799999999999,0.0127,0.0076199999999999,,,,,,
677,2017-11-08,0.0,7.29,-10.88,0.0127,0.0177799999999999,0.0127,0.0076199999999999,,,,,,
678,2017-11-09,0.0,15.2,-2.85,0.0127,0.0177799999999999,0.0127,0.0076199999999999,,,,,,
679,2017-11-10,0.0,12.86,-2.76,0.0152399999999999,0.0177799999999999,0.0152399999999999,0.0076199999999999,,,,,,
680,2017-11-11,0.0,11.28,-5.06,0.0127,0.0177799999999999,0.0152399999999999,0.00508,,,,,,
681,2017-11-12,0.0,12.87,-7.15,0.0127,0.0177799999999999,0.0152399999999999,0.00508,,,,,,
682,2017-11-13,0.0,17.41,-4.37,0.0127,0.0177799999999999,0.0152399999999999,0.00254,,,,,,
683,2017-11-14,0.0,15.27,1.75,0.0127,0.0177799999999999,0.0152399999999999,0.0,,,,,,
684,2017-11-15,0.0,15.6,-4.8,0.0127,0.0177799999999999,0.0152399999999999,0.0,,,,,,
685,2017-11-16,8.53,14.09,7.04,0.0127,0.0177799999999999,0.0152399999999999,0.0,,,,,,
686,2017-11-17,25.32,10.46,-1.51,0.0177799999999999,0.04572,0.0380999999999999,0.0,,,,,,
687,2017-11-18,0.92,0.37,-9.53,0.0355599999999999,0.09144,0.06858,0.0177799999999999,,,,,,
688,2017-11-19,0.0,2.09,-10.49,0.0355599999999999,0.09144,0.06858,0.0177799999999999,,,,,,
689,2017-11-20,0.0,5.83,-4.4,0.0355599999999999,0.09144,0.0635,0.0177799999999999,,,,,,
690,2017-11-21,0.0,12.06,3.23,0.0355599999999999,0.09144,0.0609599999999999,0.0177799999999999,,,,,,
691,2017-11-22,0.0,17.3,1.4,0.0355599999999999,0.09144,0.0609599999999999,0.0177799999999999,,,,,,
692,2017-11-23,0.0,17.43,0.44,0.03302,0.09144,0.05588,0.0177799999999999,,,,,,
693,2017-11-24,0.0,17.03,2.11,0.03302,0.09144,0.05334,0.0152399999999999,,,,,,
694,2017-11-25,0.0,12.83,-2.05,0.02794,0.09144,0.0508,0.01016,,,,,,
695,2017-11-26,0.0,16.14,-1.04,0.0254,0.09144,0.04826,0.01016,,,,,,
696,2017-11-27,1.26,14.43,2.62,0.0254,0.0888999999999999,0.0431799999999999,0.0076199999999999,,,,,,
697,2017-11-28,0.0,7.57,-6.24,0.0254,0.09398,0.04826,0.00508,,,,,,
698,2017-11-29,0.0,8.23,-5.23,0.0254,0.09398,0.04826,0.00508,,,,,,
699,2017-11-30,0.0,8.53,-7.03,0.0254,0.09398,0.04826,0.00508,,,,,,
700,2017-12-01,0.0,10.06,-3.16,0.0254,0.09398,0.04826,0.00508,,,,,,
701,2017-12-02,0.0,10.43,-4.81,0.0254,0.09398,0.04826,0.00508,,,,,,
702,2017-12-03,2.33,13.55,-0.62,0.0254,0.09398,0.04826,0.00254,,,,,,
703,2017-12-04,2.18,0.45,-8.36,0.0355599999999999,0.10668,0.0635,0.0127,,,,,,
704,2017-12-05,0.0,-2.06,-15.17,0.0355599999999999,0.10668,0.0635,0.0127,,,,,,
705,2017-12-06,0.0,-1.94,-14.42,0.0355599999999999,0.10668,0.0635,0.0127,,,,,,
706,2017-12-07,0.0,-0.89,-13.95,0.0355599999999999,0.10668,0.0635,0.0127,,,,,,
707,2017-12-08,0.0,1.29,-12.5,0.0355599999999999,0.10668,0.0635,0.0127,,,,,,
708,2017-12-09,0.0,1.84,-12.35,0.0355599999999999,0.10668,0.0635,0.0127,,,,,,
709,2017-12-10,0.0,2.45,-12.62,0.0355599999999999,0.10668,0.0635,0.0127,,,,,,
710,2017-12-11,0.0,4.24,-11.29,0.0355599999999999,0.10668,0.0635,0.0127,,,,,,
711,2017-12-12,0.0,5.86,-8.6,0.0355599999999999,0.10668,0.0635,0.0127,,,,,,
712,2017-12-13,0.0,3.93,-9.19,0.0355599999999999,0.10668,0.0635,0.0127,,,,,,
713,2017-12-14,0.0,3.83,-8.13,0.0431799999999999,0.1168399999999999,0.0736599999999999,0.0177799999999999,,,,,,
714,2017-12-15,0.0,4.94,-10.14,0.0431799999999999,0.1168399999999999,0.0736599999999999,0.0177799999999999,,,,,,
715,2017-12-16,0.0,3.53,-4.98,0.0431799999999999,0.1168399999999999,0.0736599999999999,0.0177799999999999,,,,,,
716,2017-12-17,0.93,1.43,-5.42,0.0431799999999999,0.11938,0.0761999999999999,0.0177799999999999,,,,,,
717,2017-12-18,0.0,4.47,-8.7,0.0431799999999999,0.11938,0.0761999999999999,0.0177799999999999,,,,,,
718,2017-12-19,0.0,7.51,-8.31,0.0431799999999999,0.11938,0.0761999999999999,0.0177799999999999,,,,,,
719,2017-12-20,0.0,10.17,-1.82,0.0431799999999999,0.11938,0.0761999999999999,0.0177799999999999,,,,,,
720,2017-12-21,0.0,2.96,-7.9,0.04572,0.12446,0.07874,0.02032,,,,,,
721,2017-12-22,0.0,0.01,-13.85,0.04572,0.12446,0.07874,0.02032,,,,,,
722,2017-12-23,13.48,0.95,-11.04,0.04572,0.127,0.07874,0.02032,,,,,,
723,2017-12-24,0.0,-1.12,-18.66,0.05588,0.1422399999999999,0.0888999999999999,0.0304799999999999,,,,,,
724,2017-12-25,5.95,3.15,-7.73,0.06858,0.1523999999999999,0.09398,0.0355599999999999,,,,,,
725,2017-12-26,0.0,3.18,-8.27,0.06858,0.16002,0.09906,0.04064,,,,,,
726,2017-12-27,0.0,4.88,-11.69,0.06858,0.16002,0.09906,0.04064,,,,,,
727,2017-12-28,0.0,3.11,-10.61,0.06858,0.16002,0.09906,0.04064,,,,,,
728,2017-12-29,0.0,5.66,-8.28,0.06858,0.16002,0.09906,0.04064,,,,,,
729,2017-12-30,0.0,7.85,-7.26,0.06858,0.16002,0.09906,0.04064,,,,,,
730,2017-12-31,0.0,5.51,-10.74,0.06858,0.16002,0.09906,0.04064,,,,,,
731,2018-01-01,0.0,1.55,-12.94,0.06858,0.16002,0.09906,0.04064,,,,,,
732,2018-01-02,0.0,1.12,-13.72,0.06858,0.16002,0.09906,0.04064,,,,,,
733,2018-01-03,0.0,-0.74,-14.26,0.06858,0.16002,0.09906,0.04064,,,,,,
734,2018-01-04,0.0,1.56,-12.79,0.06858,0.16002,0.09906,0.04064,,,,,,
735,2018-01-05,0.0,4.2,-9.02,0.06858,0.16002,0.09906,0.04064,,,,,,
736,2018-01-06,2.26,2.66,-6.63,0.06858,0.16002,0.09906,0.04064,,,,,,
737,2018-01-07,0.0,3.26,-5.81,0.06858,0.1676399999999999,0.1016,0.04572,,,,,,
738,2018-01-08,0.0,5.68,-6.15,0.06858,0.1676399999999999,0.1016,0.04572,,,,,,
739,2018-01-09,3.71,7.34,0.27,0.06858,0.1676399999999999,0.1016,0.04572,,,,,,
740,2018-01-10,3.68,6.38,0.59,0.0761999999999999,0.17526,0.1016,0.05334,,,,,,
741,2018-01-11,0.0,4.26,-6.85,0.07874,0.18288,0.10668,0.0584199999999999,,,,,,
742,2018-01-12,1.14,6.28,0.03,0.0838199999999999,0.18542,0.10922,0.0635,,,,,,
743,2018-01-13,0.0,7.58,-4.25,0.0838199999999999,0.18542,0.10922,0.0635,,,,,,
744,2018-01-14,0.0,7.33,-8.37,0.0838199999999999,0.18542,0.10922,0.0635,,,,,,
745,2018-01-15,0.0,6.99,-8.05,0.0838199999999999,0.18542,0.10922,0.0635,,,,,,
746,2018-01-16,0.0,6.81,-9.41,0.0838199999999999,0.18542,0.10922,0.0635,,,,,,
747,2018-01-17,0.0,7.82,-6.85,0.0838199999999999,0.18542,0.10922,0.0635,,,,,,
748,2018-01-18,0.0,8.64,-5.16,0.0838199999999999,0.18542,0.10922,0.0635,,,,,,
749,2018-01-19,0.0,9.93,-1.49,0.0838199999999999,0.18542,0.10922,0.0635,,,,,,
750,2018-01-20,10.1,5.39,-3.81,0.0838199999999999,0.19558,0.1168399999999999,0.06858,,,,,,
751,2018-01-21,1.9,-0.66,-13.41,0.0888999999999999,0.21336,0.127,0.07874,,,,,,
752,2018-01-22,0.0,-1.99,-18.56,0.0888999999999999,0.21336,0.127,0.07874,,,,,,
753,2018-01-23,0.0,1.88,-9.04,0.0888999999999999,0.21844,0.127,0.07874,,,,,,
754,2018-01-24,0.0,3.47,-10.34,0.0888999999999999,0.21844,0.127,0.07874,,,,,,
755,2018-01-25,0.73,5.46,-4.49,0.0888999999999999,0.21844,0.127,0.07874,,,,,,
756,2018-01-26,0.74,1.33,-14.93,0.09398,0.22606,0.12954,0.0863599999999999,,,,,,
757,2018-01-27,0.0,2.47,-11.71,0.09398,0.2286,0.12954,0.0863599999999999,,,,,,
758,2018-01-28,0.0,6.79,-2.66,0.09398,0.2286,0.13208,0.0888999999999999,,,,,,
759,2018-01-29,0.0,8.34,-6.58,0.09398,0.2286,0.13208,0.0888999999999999,,,,,,
760,2018-01-30,0.0,12.72,-3.6,0.09652,0.2286,0.13208,0.0888999999999999,,,,,,
761,2018-01-31,0.0,11.56,1.1,0.09652,0.2286,0.13208,0.09144,,,,,,
762,2018-02-01,0.0,8.94,0.23,0.09652,0.2286,0.13208,0.09144,,,,,,
763,2018-02-02,0.0,9.68,1.42,0.09652,0.2286,0.13208,0.09144,,,,,,
764,2018-02-03,0.0,10.13,2.22,0.09652,0.2286,0.13208,0.09144,,,,,,
765,2018-02-04,0.75,9.27,1.85,0.09652,0.2311399999999999,0.13208,0.09144,,,,,,
766,2018-02-05,1.79,9.11,2.69,0.09652,0.2311399999999999,0.13208,0.09144,,,,,,
767,2018-02-06,0.0,7.74,-3.62,0.09906,0.2413,0.13716,0.09144,,,,,,
768,2018-02-07,0.0,9.29,-5.77,0.09906,0.2413,0.13716,0.0888999999999999,,,,,,
769,2018-02-08,0.0,12.0,-3.02,0.09906,0.2413,0.13716,0.0863599999999999,,,,,,
770,2018-02-09,0.0,12.23,-0.22,0.09906,0.2413,0.13716,0.0888999999999999,,,,,,
771,2018-02-10,0.0,9.86,-2.09,0.1016,0.23876,0.13716,0.0888999999999999,,,,,,
772,2018-02-11,0.0,5.62,-9.92,0.1016,0.23876,0.13716,0.0863599999999999,,,,,,
773,2018-02-12,0.0,5.95,-2.36,0.1016,0.23876,0.13716,0.0838199999999999,,,,,,
774,2018-02-13,0.0,7.16,-6.87,0.1016,0.23876,0.13716,0.0838199999999999,,,,,,
775,2018-02-14,0.0,8.99,-5.45,0.1016,0.23876,0.13716,0.0838199999999999,,,,,,
776,2018-02-15,2.22,6.27,-5.21,0.10668,0.2438399999999999,0.1397,0.0888999999999999,,,,,,
777,2018-02-16,0.0,2.89,-14.21,0.10668,0.24892,0.1422399999999999,0.09144,,,,,,
778,2018-02-17,0.0,11.2,-1.92,0.10668,0.24892,0.1422399999999999,0.09144,,,,,,
779,2018-02-18,2.69,10.93,-1.4,0.10668,0.24892,0.1422399999999999,0.09144,,,,,,
780,2018-02-19,11.43,1.53,-7.87,0.1143,0.26416,0.16002,0.10922,,,,,,
781,2018-02-20,1.27,-5.45,-16.02,0.1168399999999999,0.27432,0.1676399999999999,0.1168399999999999,,,,,,
782,2018-02-21,0.0,-5.06,-22.41,0.1168399999999999,0.27432,0.1676399999999999,0.1168399999999999,,,,,,
783,2018-02-22,0.0,-3.2,-19.06,0.1168399999999999,0.27432,0.1676399999999999,0.1168399999999999,,,,,,
784,2018-02-23,0.0,-2.78,-12.2,0.1168399999999999,0.27686,0.17018,0.1168399999999999,,,,,,
785,2018-02-24,0.0,-3.15,-16.99,0.1168399999999999,0.27686,0.17018,0.1219199999999999,,,,,,
786,2018-02-25,0.0,-1.29,-9.22,0.11938,0.27686,0.1727199999999999,0.1219199999999999,,,,,,
787,2018-02-26,0.0,3.75,-9.16,0.11938,0.2794,0.1727199999999999,0.1219199999999999,,,,,,
788,2018-02-27,0.0,4.72,-5.39,0.11938,0.2819399999999999,0.1727199999999999,0.1219199999999999,,,,,,
789,2018-02-28,0.0,4.7,-6.64,0.11938,0.2819399999999999,0.1727199999999999,0.1219199999999999,,,,,,
790,2018-03-01,0.0,5.68,-6.79,0.11938,0.2819399999999999,0.1727199999999999,0.1219199999999999,,,,,,
791,2018-03-02,0.0,9.58,-0.52,0.11938,0.2819399999999999,0.1727199999999999,0.12446,,,,,,
792,2018-03-03,0.0,9.33,-0.83,0.11938,0.2819399999999999,0.1727199999999999,0.127,,,,,,
793,2018-03-04,3.94,7.16,-4.75,0.11938,0.2819399999999999,0.1727199999999999,0.127,,,,,,
794,2018-03-05,0.7,0.65,-8.42,0.13462,0.2946399999999999,0.18288,0.1397,,,,,,
795,2018-03-06,0.0,3.06,-14.44,0.13462,0.2946399999999999,0.18288,0.1397,,,,,,
796,2018-03-07,0.0,7.55,-12.08,0.13462,0.2946399999999999,0.18288,0.1397,,,,,,
797,2018-03-08,0.0,12.6,-7.47,0.13462,0.2946399999999999,0.18288,0.1397,,,,,,
798,2018-03-09,0.0,12.46,-2.64,0.13462,0.2946399999999999,0.18288,0.1397,,,,,,
799,2018-03-10,0.0,11.51,-1.52,0.13462,0.2946399999999999,0.18288,0.1397,,,,,,
800,2018-03-11,0.0,13.42,-3.55,0.13462,0.2946399999999999,0.18288,0.1397,,,,,,
801,2018-03-12,0.0,15.16,-0.13,0.13208,0.2946399999999999,0.18288,0.1397,,,,,,
802,2018-03-13,0.0,15.92,-3.19,0.12954,0.2946399999999999,0.18288,0.1397,,,,,,
803,2018-03-14,5.41,15.73,1.25,0.12954,0.2971799999999999,0.18288,0.1397,,,,,,
804,2018-03-15,12.01,8.58,-1.41,0.13462,0.30734,0.1905,0.1473199999999999,,,,,,
805,2018-03-16,0.0,7.65,-3.87,0.1397,0.31496,0.19558,0.15748,,,,,,
806,2018-03-17,5.8,7.49,-1.78,0.1397,0.3175,0.19558,0.15748,,,,,,
807,2018-03-18,0.99,2.87,-4.39,0.1523999999999999,0.33782,0.2158999999999999,0.1676399999999999,,,,,,
808,2018-03-19,0.42,5.6,-6.51,0.1523999999999999,0.3429,0.22606,0.17526,,,,,,
809,2018-03-20,0.0,10.59,-4.67,0.15748,0.3429,0.2286,0.17526,,,,,,
810,2018-03-21,0.0,13.63,0.2,0.15748,0.3429,0.2286,0.1777999999999999,,,,,,
811,2018-03-22,2.01,13.88,4.8,0.1523999999999999,0.3454399999999999,0.2286,0.1777999999999999,,,,,,
812,2018-03-23,6.21,10.96,1.34,0.15494,0.3555999999999999,0.23622,0.18542,,,,,,
813,2018-03-24,0.0,12.41,-1.27,0.1651,0.3606799999999999,0.2413,0.18542,,,,,,
814,2018-03-25,0.0,9.67,-3.14,0.1651,0.3606799999999999,0.2413,0.18542,,,,,,
815,2018-03-26,0.69,5.69,-6.23,0.17018,0.3682999999999999,0.25146,0.18542,,,,,,
816,2018-03-27,0.0,8.2,-8.0,0.17018,0.37592,0.25908,0.19304,,,,,,
817,2018-03-28,0.0,9.73,-0.49,0.1777999999999999,0.37592,0.25908,0.19304,,,,,,
818,2018-03-29,0.0,11.28,-1.86,0.1777999999999999,0.37592,0.25908,0.19812,,,,,,
819,2018-03-30,0.0,14.13,-2.19,0.1727199999999999,0.37592,0.25908,0.19812,,,,,,
820,2018-03-31,0.0,17.38,0.32,0.1676399999999999,0.37592,0.25908,0.19812,,,,,,
821,2018-04-01,0.0,17.6,0.19,0.16002,0.37592,0.254,0.18542,,,,,,
822,2018-04-02,0.0,15.24,0.03,0.15494,0.37592,0.2463799999999999,0.17526,,,,,,
823,2018-04-03,1.68,7.78,-10.47,0.15494,0.381,0.2438399999999999,0.17018,,,,,,
824,2018-04-04,0.0,12.63,-2.93,0.15494,0.381,0.2438399999999999,0.1651,,,,,,
825,2018-04-05,0.0,14.77,-1.95,0.1523999999999999,0.381,0.2438399999999999,0.16256,,,,,,
826,2018-04-06,1.9,13.45,4.38,0.14478,0.381,0.2438399999999999,0.15748,,,,,,
827,2018-04-07,3.79,11.73,5.15,0.14478,0.381,0.2438399999999999,0.15494,,,,,,
828,2018-04-08,1.24,11.57,2.0,0.1397,0.38354,0.25146,0.14478,,,,,,
829,2018-04-09,0.42,13.05,-0.73,0.1397,0.38608,0.25908,0.1422399999999999,,,,,,
830,2018-04-10,0.0,17.66,-3.0,0.13716,0.38354,0.26162,0.13462,,,,,,
831,2018-04-11,0.0,19.4,5.18,0.1219199999999999,0.381,0.25908,0.12446,,,,,,
832,2018-04-12,5.38,16.91,0.13,0.09906,0.37338,0.24892,0.1016,,,,,,
833,2018-04-13,0.0,4.77,-3.08,0.10668,0.38862,0.26416,0.1041399999999999,,,,,,
834,2018-04-14,0.0,12.23,-3.9,0.11176,0.38862,0.26416,0.10668,,,,,,
835,2018-04-15,0.0,17.22,-0.5,0.11176,0.38862,0.2667,0.1041399999999999,,,,,,
836,2018-04-16,0.0,20.0,4.3,0.1041399999999999,0.38862,0.2667,0.09652,,,,,,
837,2018-04-17,1.63,14.8,-2.39,0.0863599999999999,0.38354,0.25654,0.08128,,,,,,
838,2018-04-18,0.0,13.4,-6.76,0.0888999999999999,0.39116,0.26416,0.08128,,,,,,
839,2018-04-19,0.0,16.92,1.59,0.0863599999999999,0.39116,0.26924,0.0736599999999999,,,,,,
840,2018-04-20,0.0,16.72,5.13,0.0736599999999999,0.39116,0.2667,0.0635,,,,,,
841,2018-04-21,0.0,18.81,-0.74,0.0711199999999999,0.39116,0.25908,0.0508,,,,,,
842,2018-04-22,0.0,22.34,-0.81,0.04572,0.37846,0.2438399999999999,0.0177799999999999,,,,,,
843,2018-04-23,1.35,20.56,5.16,0.02286,0.3555999999999999,0.22606,0.0,,,,,,
844,2018-04-24,0.0,15.73,-0.88,0.01016,0.3429,0.21336,0.0,,,,,,
845,2018-04-25,0.0,20.48,-2.74,0.0,0.32766,0.2032,0.0,,,,,,
846,2018-04-26,0.0,23.01,-0.42,0.0,0.31242,0.18542,0.0,,,,,,
847,2018-04-27,0.0,26.58,0.75,0.0,0.2794,0.16002,0.0,,,,,,
848,2018-04-28,0.0,26.32,5.62,0.0,0.254,0.13716,0.0,,,,,,
849,2018-04-29,4.45,23.16,1.48,0.0,0.2311399999999999,0.10668,0.0,,,,,,
850,2018-04-30,0.0,14.27,1.34,0.0,0.2158999999999999,0.0863599999999999,0.0,,,,,,
851,2018-05-01,0.0,12.8,-2.45,0.0,0.22606,0.09652,0.0,,,,,,
852,2018-05-02,5.38,13.11,1.42,0.0,0.22606,0.09144,0.0,,,,,,
853,2018-05-03,7.21,16.41,1.14,0.0,0.22352,0.0838199999999999,0.0,,,,,,
854,2018-05-04,0.0,22.68,-0.27,0.0,0.21844,0.06604,0.0,,,,,,
855,2018-05-05,0.0,23.37,1.41,0.0,0.19304,0.0380999999999999,0.0,,,,,,
856,2018-05-06,0.0,26.56,6.83,0.0,0.1676399999999999,0.0254,0.0,,,,,,
857,2018-05-07,0.0,26.1,5.54,0.0,0.13716,0.0127,0.0,,,,,,
858,2018-05-08,0.0,25.27,1.58,0.0,0.10668,0.01016,0.0,,,,,,
859,2018-05-09,0.0,26.69,5.92,0.0,0.0711199999999999,0.00508,0.0,,,,,,
860,2018-05-10,0.0,24.64,10.01,0.0,0.03302,0.0,0.0,,,,,,
861,2018-05-11,8.05,16.72,6.57,0.0,0.01016,0.0,0.0,,,,,,
862,2018-05-12,5.21,12.56,3.97,0.0,0.0127,0.0,0.0,,,,,,
863,2018-05-13,0.9,17.92,-1.31,0.0,0.0127,0.0,0.0,,,,,,
864,2018-05-14,1.49,19.31,1.59,0.0,0.0,0.0,0.0,,,,,,
865,2018-05-15,2.4,20.04,3.34,0.0,0.0,0.0,0.0,,,,,,
866,2018-05-16,0.0,24.52,3.25,0.0,0.0,0.0,0.0,,,,,,
867,2018-05-17,0.0,23.84,4.73,0.0,0.0,0.0,0.0,,,,,,
868,2018-05-18,0.0,22.64,4.54,0.0,0.0,0.0,0.0,,,,,,
869,2018-05-19,0.0,21.45,4.57,0.0,0.0,0.0,0.0,,,,,,
870,2018-05-20,1.72,22.1,4.58,0.0,0.0,0.0,0.0,,,,,,
871,2018-05-21,0.72,23.2,4.22,0.0,0.0,0.0,0.0,,,,,,
872,2018-05-22,2.04,20.89,6.07,0.0,0.0,0.0,0.0,,,,,,
873,2018-05-23,0.0,20.74,3.35,0.0,0.0,0.0,0.0,,,,,,
874,2018-05-24,0.0,26.16,4.11,0.0,0.0,0.0,0.0,,,,,,
875,2018-05-25,0.0,29.14,6.01,0.0,0.0,0.0,0.0,,,,,,
876,2018-05-26,0.0,27.59,4.67,0.0,0.0,0.0,0.0,,,,,,
877,2018-05-27,0.15,22.8,7.13,0.0,0.0,0.0,0.0,,,,,,
878,2018-05-28,2.35,19.04,4.18,0.0,0.0,0.0,0.0,,,,,,
879,2018-05-29,0.0,21.29,5.36,0.0,0.0,0.0,0.0,,,,,,
880,2018-05-30,0.0,26.51,4.34,0.0,0.0,0.0,0.0,,,,,,
881,2018-05-31,0.0,26.55,8.11,0.0,0.0,0.0,0.0,,,,,,
882,2018-06-01,0.84,23.27,6.55,0.0,0.0,0.0,0.0,,,,,,
883,2018-06-02,0.0,25.06,0.25,0.0,0.0,0.0,0.0,,,,,,
884,2018-06-03,0.0,28.56,3.64,0.0,0.0,0.0,0.0,,,,,,
885,2018-06-04,0.0,31.01,4.62,0.0,0.0,0.0,0.0,,,,,,
886,2018-06-05,0.0,31.22,7.35,0.0,0.0,0.0,0.0,,,,,,
887,2018-06-06,0.0,30.33,6.95,0.0,0.0,0.0,0.0,,,,,,
888,2018-06-07,0.0,30.05,7.51,0.0,0.0,0.0,0.0,,,,,,
889,2018-06-08,0.0,29.25,5.47,0.0,0.0,0.0,0.0,,,,,,
890,2018-06-09,0.0,29.94,5.6,0.0,0.0,0.0,0.0,,,,,,
891,2018-06-10,0.0,27.19,9.2,0.0,0.0,0.0,0.0,,,,,,
892,2018-06-11,0.0,24.46,-0.09,0.0,0.0,0.0,0.0,,,,,,
893,2018-06-12,0.0,27.11,3.4,0.0,0.0,0.0,0.0,,,,,,
894,2018-06-13,0.0,31.89,5.45,0.0,0.0,0.0,0.0,,,,,,
895,2018-06-14,0.0,31.93,9.37,0.0,0.0,0.0,0.0,,,,,,
896,2018-06-15,0.0,30.94,6.77,0.0,0.0,0.0,0.0,,,,,,
897,2018-06-16,0.0,28.91,9.11,0.0,0.0,0.0,0.0,,,,,,
898,2018-06-17,0.0,28.19,12.97,0.0,0.0,0.0,0.0,,,,,,
899,2018-06-18,2.49,23.6,9.48,0.0,0.0,0.0,0.0,,,,,,
900,2018-06-19,0.0,22.66,6.95,0.0,0.0,0.0,0.0,,,,,,
901,2018-06-20,0.0,25.38,5.58,0.0,0.0,0.0,0.0,,,,,,
902,2018-06-21,0.0,29.87,7.54,0.0,0.0,0.0,0.0,,,,,,
903,2018-06-22,0.0,28.59,7.31,0.0,0.0,0.0,0.0,,,,,,
904,2018-06-23,0.0,27.14,7.06,0.0,0.0,0.0,0.0,,,,,,
905,2018-06-24,0.0,25.8,5.55,0.0,0.0,0.0,0.0,,,,,,
906,2018-06-25,0.0,29.77,5.22,0.0,0.0,0.0,0.0,,,,,,
907,2018-06-26,0.0,32.28,7.18,0.0,0.0,0.0,0.0,,,,,,
908,2018-06-27,0.0,34.24,7.94,0.0,0.0,0.0,0.0,,,,,,
909,2018-06-28,0.0,33.2,10.66,0.0,0.0,0.0,0.0,,,,,,
910,2018-06-29,0.0,29.42,9.14,0.0,0.0,0.0,0.0,,,,,,
911,2018-06-30,0.0,23.94,5.59,0.0,0.0,0.0,0.0,,,,,,
912,2018-07-01,0.0,26.92,4.67,0.0,0.0,0.0,0.0,,,,,,
913,2018-07-02,0.0,31.23,6.67,0.0,0.0,0.0,0.0,,,,,,
914,2018-07-03,0.0,30.8,15.34,0.0,0.0,0.0,0.0,,,,,,
915,2018-07-04,0.0,32.39,8.61,0.0,0.0,0.0,0.0,,,,,,
916,2018-07-05,0.0,33.22,9.22,0.0,0.0,0.0,0.0,,,,,,
917,2018-07-06,0.0,35.8,12.57,0.0,0.0,0.0,0.0,,,,,,
918,2018-07-07,0.0,35.35,13.84,0.0,0.0,0.0,0.0,,,,,,
919,2018-07-08,0.0,35.76,11.44,0.0,0.0,0.0,0.0,,,,,,
920,2018-07-09,0.99,34.98,17.08,0.0,0.0,0.0,0.0,,,,,,
921,2018-07-10,0.0,34.88,15.78,0.0,0.0,0.0,0.0,,,,,,
922,2018-07-11,0.0,33.38,15.84,0.0,0.0,0.0,0.0,,,,,,
923,2018-07-12,0.0,33.27,12.84,0.0,0.0,0.0,0.0,,,,,,
924,2018-07-13,0.0,34.2,11.94,0.0,0.0,0.0,0.0,,,,,,
925,2018-07-14,0.0,32.37,15.19,0.0,0.0,0.0,0.0,,,,,,
926,2018-07-15,0.0,34.27,9.22,0.0,0.0,0.0,0.0,,,,,,
927,2018-07-16,0.0,33.18,12.59,0.0,0.0,0.0,0.0,,,,,,
928,2018-07-17,1.68,33.38,12.82,0.0,0.0,0.0,0.0,,,,,,
929,2018-07-18,0.0,33.44,10.73,0.0,0.0,0.0,0.0,,,,,,
930,2018-07-19,0.0,34.44,10.21,0.0,0.0,0.0,0.0,,,,,,
931,2018-07-20,0.0,33.9,12.42,0.0,0.0,0.0,0.0,,,,,,
932,2018-07-21,0.0,33.77,13.5,0.0,0.0,0.0,0.0,,,,,,
933,2018-07-22,0.0,31.67,17.44,0.0,0.0,0.0,0.0,,,,,,
934,2018-07-23,0.0,32.95,10.88,0.0,0.0,0.0,0.0,,,,,,
935,2018-07-24,0.0,34.84,10.53,0.0,0.0,0.0,0.0,,,,,,
936,2018-07-25,0.0,34.65,17.31,0.0,0.0,0.0,0.0,,,,,,
937,2018-07-26,0.0,33.78,12.24,0.0,0.0,0.0,0.0,,,,,,
938,2018-07-27,0.0,34.06,13.3,0.0,0.0,0.0,0.0,,,,,,
939,2018-07-28,0.0,34.23,11.44,0.0,0.0,0.0,0.0,,,,,,
940,2018-07-29,0.0,33.37,10.04,0.0,0.0,0.0,0.0,,,,,,
941,2018-07-30,0.0,33.25,9.67,0.0,0.0,0.0,0.0,,,,,,
942,2018-07-31,0.0,35.0,9.1,0.0,0.0,0.0,0.0,,,,,,
943,2018-08-01,0.0,34.58,16.91,0.0,0.0,0.0,0.0,,,,,,
944,2018-08-02,6.06,31.93,15.89,0.0,0.0,0.0,0.0,,,,,,
945,2018-08-03,0.0,31.69,13.38,0.0,0.0,0.0,0.0,,,,,,
946,2018-08-04,0.0,30.78,10.1,0.0,0.0,0.0,0.0,,,,,,
947,2018-08-05,0.0,30.48,11.92,0.0,0.0,0.0,0.0,,,,,,
948,2018-08-06,0.0,30.14,7.3,0.0,0.0,0.0,0.0,,,,,,
949,2018-08-07,0.0,31.68,6.25,0.0,0.0,0.0,0.0,,,,,,
950,2018-08-08,0.0,33.24,7.22,0.0,0.0,0.0,0.0,,,,,,
951,2018-08-09,0.0,35.23,9.13,0.0,0.0,0.0,0.0,,,,,,
952,2018-08-10,0.0,36.54,9.68,0.0,0.0,0.0,0.0,,,,,,
953,2018-08-11,0.0,36.39,11.08,0.0,0.0,0.0,0.0,,,,,,
954,2018-08-12,0.0,35.54,12.05,0.0,0.0,0.0,0.0,,,,,,
955,2018-08-13,0.0,33.48,13.56,0.0,0.0,0.0,0.0,,,,,,
956,2018-08-14,0.0,32.59,13.23,0.0,0.0,0.0,0.0,,,,,,
957,2018-08-15,0.0,32.01,8.96,0.0,0.0,0.0,0.0,,,,,,
958,2018-08-16,0.0,31.68,14.51,0.0,0.0,0.0,0.0,,,,,,
959,2018-08-17,0.0,32.2,10.56,0.0,0.0,0.0,0.0,,,,,,
960,2018-08-18,2.23,30.37,10.53,0.0,0.0,0.0,0.0,,,,,,
961,2018-08-19,0.0,29.19,6.54,0.0,0.0,0.0,0.0,,,,,,
962,2018-08-20,0.0,29.14,9.19,0.0,0.0,0.0,0.0,,,,,,
963,2018-08-21,2.35,29.84,12.1,0.0,0.0,0.0,0.0,,,,,,
964,2018-08-22,14.96,27.98,13.15,0.0,0.0,0.0,0.0,,,,,,
965,2018-08-23,2.16,26.69,8.57,0.0,0.0,0.0,0.0,,,,,,
966,2018-08-24,0.0,29.58,6.9,0.0,0.0,0.0,0.0,,,,,,
967,2018-08-25,0.0,30.22,9.45,0.0,0.0,0.0,0.0,,,,,,
968,2018-08-26,0.0,28.65,9.1,0.0,0.0,0.0,0.0,,,,,,
969,2018-08-27,0.0,26.15,12.88,0.0,0.0,0.0,0.0,,,,,,
970,2018-08-28,0.0,23.81,5.75,0.0,0.0,0.0,0.0,,,,,,
971,2018-08-29,0.0,29.15,3.76,0.0,0.0,0.0,0.0,,,,,,
972,2018-08-30,0.0,29.49,7.93,0.0,0.0,0.0,0.0,,,,,,
973,2018-08-31,0.0,29.37,9.6,0.0,0.0,0.0,0.0,,,,,,
974,2018-09-01,0.0,28.24,5.48,0.0,0.0,0.0,0.0,,,,,,
975,2018-09-02,0.0,28.85,4.61,0.0,0.0,0.0,0.0,,,,,,
976,2018-09-03,0.0,29.87,4.83,0.0,0.0,0.0,0.0,,,,,,
977,2018-09-04,0.0,29.4,5.46,0.0,0.0,0.0,0.0,,,,,,
978,2018-09-05,0.0,30.34,6.22,0.0,0.0,0.0,0.0,,,,,,
979,2018-09-06,0.0,30.04,6.4,0.0,0.0,0.0,0.0,,,,,,
980,2018-09-07,0.0,29.99,7.51,0.0,0.0,0.0,0.0,,,,,,
981,2018-09-08,0.0,29.98,7.21,0.0,0.0,0.0,0.0,,,,,,
982,2018-09-09,0.0,29.65,4.84,0.0,0.0,0.0,0.0,,,,,,
983,2018-09-10,0.0,30.81,5.19,0.0,0.0,0.0,0.0,,,,,,
984,2018-09-11,0.0,30.88,6.57,0.0,0.0,0.0,0.0,,,,,,
985,2018-09-12,0.0,29.41,7.06,0.0,0.0,0.0,0.0,,,,,,
986,2018-09-13,0.0,26.49,6.06,0.0,0.0,0.0,0.0,,,,,,
987,2018-09-14,0.0,29.08,4.23,0.0,0.0,0.0,0.0,,,,,,
988,2018-09-15,0.0,30.6,6.82,0.0,0.0,0.0,0.0,,,,,,
989,2018-09-16,0.0,30.16,9.2,0.0,0.0,0.0,0.0,,,,,,
990,2018-09-17,0.0,29.35,6.82,0.0,0.0,0.0,0.0,,,,,,
991,2018-09-18,0.0,28.91,7.64,0.0,0.0,0.0,0.0,,,,,,
992,2018-09-19,0.0,28.05,3.07,0.0,0.0,0.0,0.0,,,,,,
993,2018-09-20,0.0,25.23,2.83,0.0,0.0,0.0,0.0,,,,,,
994,2018-09-21,0.0,26.65,-1.65,0.0,0.0,0.0,0.0,,,,,,
995,2018-09-22,0.0,27.75,2.67,0.0,0.0,0.0,0.0,,,,,,
996,2018-09-23,0.0,26.97,6.09,0.0,0.0,0.0,0.0,,,,,,
997,2018-09-24,0.0,23.97,4.25,0.0,0.0,0.0,0.0,,,,,,
998,2018-09-25,0.0,21.71,0.0,0.0,0.0,0.0,0.0,,,,,,
999,2018-09-26,0.0,21.41,-2.0,0.0,0.0,0.0,0.0,,,,,,
1000,2018-09-27,0.0,24.5,0.02,0.0,0.0,0.0,0.0,,,,,,
1001,2018-09-28,0.0,27.28,1.98,0.0,0.0,0.0,0.0,,,,,,
1002,2018-09-29,0.0,27.34,4.61,0.0,0.0,0.0,0.0,,,,,,
1003,2018-09-30,0.0,26.36,13.45,0.0,0.0,0.0,0.0,,,,,,
1004,2018-10-01,0.0,24.66,1.33,0.0,0.0,0.0,0.0,,,,,,
1005,2018-10-02,4.14,25.55,7.87,0.0,0.0,0.0,0.0,,,,,,
1006,2018-10-03,9.37,22.14,10.05,0.0,0.0,0.0,0.0,,,,,,
1007,2018-10-04,11.75,19.02,9.16,0.0,0.0,0.0,0.0,,,,,,
1008,2018-10-05,12.8,14.72,5.23,0.0,0.0,0.0,0.0,,,,,,
1009,2018-10-06,0.0,13.14,1.3,0.0,0.0,0.0,0.0,,,,,,
1010,2018-10-07,1.49,11.33,4.5,0.0,0.0,0.0,0.0,,,,,,
1011,2018-10-08,0.0,10.24,4.81,0.0,0.0,0.0,0.0,,,,,,
1012,2018-10-09,0.0,10.12,-2.18,0.0,0.0,0.0,0.0,,,,,,
1013,2018-10-10,24.34,7.97,0.02,0.00508,0.0127,0.0076199999999999,0.0,,,,,,
1014,2018-10-11,0.0,10.01,-0.66,0.0127,0.02286,0.0127,0.01016,,,,,,
1015,2018-10-12,0.0,12.49,-1.56,0.0076199999999999,0.02032,0.01016,0.0076199999999999,,,,,,
1016,2018-10-13,0.0,14.64,-1.77,0.00254,0.0177799999999999,0.01016,0.00508,,,,,,
1017,2018-10-14,0.51,11.15,-2.53,0.0,0.0177799999999999,0.0076199999999999,0.0,,,,,,
1018,2018-10-15,0.0,10.23,-8.61,0.0,0.02286,0.0076199999999999,0.0,,,,,,
1019,2018-10-16,0.0,15.61,-5.33,0.0,0.02286,0.0076199999999999,0.0,,,,,,
1020,2018-10-17,0.0,15.15,-0.82,0.0,0.02286,0.0076199999999999,0.0,,,,,,
1021,2018-10-18,0.0,16.35,-0.05,0.0,0.02286,0.0127,0.0,,,,,,
1022,2018-10-19,0.0,19.45,-2.51,0.0,0.02032,0.0127,0.0,,,,,,
1023,2018-10-20,0.0,21.54,-1.52,0.0,0.0177799999999999,0.01016,0.0,,,,,,
1024,2018-10-21,0.0,21.51,0.15,0.0,0.0127,0.01016,0.0,,,,,,
1025,2018-10-22,4.23,19.92,1.04,0.0,0.0,0.0076199999999999,0.0,,,,,,
1026,2018-10-23,3.67,17.47,3.25,0.0,0.0,0.00508,0.0,,,,,,
1027,2018-10-24,0.0,17.64,-1.3,0.0,0.0,0.0076199999999999,0.0,,,,,,
1028,2018-10-25,0.72,16.53,2.93,0.0,0.0,0.00508,0.0,,,,,,
1029,2018-10-26,0.0,18.31,-0.36,0.0,0.0,0.00508,0.0,,,,,,
1030,2018-10-27,0.0,20.69,0.25,0.0,0.0,0.00508,0.0,,,,,,
1031,2018-10-28,0.0,20.61,1.5,0.0,0.0,0.00508,0.0,,,,,,
1032,2018-10-29,0.0,15.92,-1.21,0.0,0.0,0.00508,0.0,,,,,,
1033,2018-10-30,0.0,9.37,-6.04,0.0,0.0,0.00508,0.0,,,,,,
1034,2018-10-31,0.0,7.78,-6.17,0.0,0.0,0.00508,0.0,,,,,,
1035,2018-11-01,1.62,9.2,1.48,0.0,0.00508,0.00508,0.0,,,,,,
1036,2018-11-02,0.42,15.35,2.63,0.0,0.0127,0.00508,0.0,,,,,,
1037,2018-11-03,0.71,11.97,-1.67,0.0,0.0127,0.00508,0.0,,,,,,
1038,2018-11-04,0.0,9.56,-2.11,0.0,0.0127,0.00508,0.0,,,,,,
1039,2018-11-05,0.0,9.15,-2.14,0.0,0.0152399999999999,0.00508,0.0,,,,,,
1040,2018-11-06,0.0,7.64,-4.26,0.0,0.0152399999999999,0.00508,0.0,,,,,,
1041,2018-11-07,0.0,7.35,-5.87,0.0,0.0152399999999999,0.0076199999999999,0.0,,,,,,
1042,2018-11-08,0.0,6.88,-9.63,0.0,0.0152399999999999,0.0076199999999999,0.0,,,,,,
1043,2018-11-09,0.0,7.35,-10.44,0.0,0.0152399999999999,0.0076199999999999,0.0,,,,,,
1044,2018-11-10,0.0,9.1,-8.3,0.0,0.0152399999999999,0.0076199999999999,0.0,,,,,,
1045,2018-11-11,0.0,7.07,-7.4,0.0,0.0152399999999999,0.0076199999999999,0.0,,,,,,
1046,2018-11-12,0.0,3.85,-10.97,0.0,0.0152399999999999,0.0076199999999999,0.0,,,,,,
1047,2018-11-13,0.0,7.49,-11.46,0.0,0.0152399999999999,0.0076199999999999,0.0,,,,,,
1048,2018-11-14,0.0,11.82,-8.5,0.0,0.0177799999999999,0.0076199999999999,0.0,,,,,,
1049,2018-11-15,0.0,12.38,-7.89,0.0,0.0177799999999999,0.0076199999999999,0.0,,,,,,
1050,2018-11-16,0.0,13.06,-7.3,0.0,0.0177799999999999,0.0076199999999999,0.0,,,,,,
1051,2018-11-17,2.39,10.42,-3.64,0.0,0.0177799999999999,0.0076199999999999,0.0,,,,,,
1052,2018-11-18,0.0,5.79,-10.76,0.0,0.02032,0.0076199999999999,0.00254,,,,,,
1053,2018-11-19,0.0,7.35,-12.19,0.0,0.02032,0.0076199999999999,0.00254,,,,,,
1054,2018-11-20,0.0,9.11,-10.73,0.0,0.02032,0.0076199999999999,0.00254,,,,,,
1055,2018-11-21,0.0,10.74,-10.79,0.0,0.02032,0.0076199999999999,0.00254,,,,,,
1056,2018-11-22,2.73,9.01,-2.09,0.0,0.02286,0.0076199999999999,0.00508,,,,,,
1057,2018-11-23,7.45,8.79,0.25,0.0127,0.0304799999999999,0.02032,0.0127,,,,,,
1058,2018-11-24,20.24,6.76,-2.95,0.02794,0.04826,0.0254,0.0254,,,,,,
1059,2018-11-25,0.0,0.67,-11.18,0.04572,0.0736599999999999,0.04572,0.0431799999999999,,,,,,
1060,2018-11-26,0.0,-0.56,-14.56,0.04572,0.0736599999999999,0.04572,0.0431799999999999,,,,,,
1061,2018-11-27,0.0,2.8,-10.54,0.04572,0.0736599999999999,0.04572,0.04572,,,,,,
1062,2018-11-28,1.29,4.77,-0.89,0.0508,0.0736599999999999,0.0508,0.04826,,,,,,
1063,2018-11-29,7.86,2.51,-2.53,0.0584199999999999,0.0838199999999999,0.05588,0.05334,,,,,,
1064,2018-11-30,4.96,4.39,-0.85,0.06604,0.09906,0.0609599999999999,0.0635,,,,,,
1065,2018-12-01,1.52,2.84,-4.16,0.0761999999999999,0.1143,0.0761999999999999,0.0761999999999999,,,,,,
1066,2018-12-02,2.46,-0.46,-5.8,0.0761999999999999,0.1143,0.0761999999999999,0.0761999999999999,,,,,,
1067,2018-12-03,1.55,-0.92,-8.83,0.0761999999999999,0.11938,0.08128,0.0761999999999999,,,,,,
1068,2018-12-04,0.0,-4.18,-18.38,0.0761999999999999,0.11938,0.08128,0.07874,,,,,,
1069,2018-12-05,1.35,-4.0,-14.86,0.0761999999999999,0.12446,0.08128,0.07874,,,,,,
1070,2018-12-06,0.0,-0.37,-8.21,0.08128,0.12446,0.0838199999999999,0.0863599999999999,,,,,,
1071,2018-12-07,0.0,1.26,-7.57,0.08128,0.12446,0.0838199999999999,0.0863599999999999,,,,,,
1072,2018-12-08,0.0,3.15,-7.02,0.08128,0.12446,0.0838199999999999,0.0863599999999999,,,,,,
1073,2018-12-09,0.0,0.7,-8.85,0.08128,0.12446,0.0838199999999999,0.0863599999999999,,,,,,
1074,2018-12-10,0.0,-1.12,-11.27,0.08128,0.12446,0.0838199999999999,0.0863599999999999,,,,,,
1075,2018-12-11,0.0,-2.28,-10.46,0.08128,0.12446,0.0838199999999999,0.0863599999999999,,,,,,
1076,2018-12-12,2.83,0.84,-8.63,0.08128,0.12446,0.0838199999999999,0.0863599999999999,,,,,,
1077,2018-12-13,0.0,-2.46,-16.18,0.0838199999999999,0.12954,0.0863599999999999,0.0888999999999999,,,,,,
1078,2018-12-14,0.0,-1.42,-15.48,0.0838199999999999,0.12954,0.0863599999999999,0.0888999999999999,,,,,,
1079,2018-12-15,0.0,4.02,-9.93,0.0888999999999999,0.12954,0.0888999999999999,0.09144,,,,,,
1080,2018-12-16,0.0,3.76,-10.4,0.0888999999999999,0.13208,0.0888999999999999,0.09144,,,,,,
1081,2018-12-17,0.0,5.68,-7.59,0.0888999999999999,0.13208,0.0888999999999999,0.09144,,,,,,
1082,2018-12-18,0.0,6.41,-1.54,0.0888999999999999,0.13208,0.0888999999999999,0.09144,,,,,,
1083,2018-12-19,0.0,6.32,-0.45,0.0888999999999999,0.13208,0.0888999999999999,0.09144,,,,,,
1084,2018-12-20,0.0,5.74,-8.13,0.09144,0.13208,0.09398,0.09398,,,,,,
1085,2018-12-21,0.99,5.61,-6.76,0.09398,0.13208,0.09398,0.09398,,,,,,
1086,2018-12-22,2.57,2.78,-8.41,0.09906,0.1422399999999999,0.09906,0.09906,,,,,,
1087,2018-12-23,0.0,0.63,-10.61,0.09906,0.14478,0.09906,0.09906,,,,,,
1088,2018-12-24,1.32,2.94,-3.51,0.09906,0.14478,0.09906,0.1016,,,,,,
1089,2018-12-25,1.75,3.13,-3.18,0.1041399999999999,0.1523999999999999,0.1016,0.10668,,,,,,
1090,2018-12-26,4.8,2.31,-8.22,0.1041399999999999,0.15494,0.1041399999999999,0.10922,,,,,,
1091,2018-12-27,1.68,-3.64,-16.0,0.1041399999999999,0.16002,0.11176,0.10922,,,,,,
1092,2018-12-28,0.0,-3.44,-14.59,0.1041399999999999,0.1651,0.1143,0.1143,,,,,,
1093,2018-12-29,0.0,-6.19,-16.76,0.1041399999999999,0.1651,0.1143,0.1143,,,,,,
1094,2018-12-30,0.0,2.71,-8.96,0.10668,0.1676399999999999,0.1143,0.1143,,,,,,
1095,2018-12-31,1.63,-1.3,-13.65,0.10668,0.17526,0.11938,0.1143,,,,,,
1096,2019-01-01,0.0,-8.08,-22.86,0.10668,0.17526,0.11938,0.1143,,,,,,
1097,2019-01-02,0.0,-8.56,-22.56,0.10668,0.17526,0.11938,0.1143,,,,,,
1098,2019-01-03,0.0,-4.43,-18.02,0.10922,0.17526,0.11938,0.1168399999999999,,,,,,
1099,2019-01-04,0.0,0.2,-15.02,0.11176,0.17526,0.1219199999999999,0.11938,,,,,,
1100,2019-01-05,0.0,1.71,-13.36,0.11176,0.17526,0.1219199999999999,0.1219199999999999,,,,,,
1101,2019-01-06,5.1,5.05,-5.65,0.11176,0.17526,0.1219199999999999,0.1219199999999999,,,,,,
1102,2019-01-07,3.57,3.6,-8.31,0.12446,0.19558,0.1397,0.12954,,,,,,
1103,2019-01-08,0.0,1.58,-7.79,0.13716,0.21336,0.1523999999999999,0.1422399999999999,,,,,,
1104,2019-01-09,0.0,3.35,-7.79,0.13716,0.21336,0.1523999999999999,0.1422399999999999,,,,,,
1105,2019-01-10,0.0,1.96,-9.99,0.13716,0.21336,0.1523999999999999,0.1422399999999999,,,,,,
1106,2019-01-11,0.0,4.2,-5.66,0.13716,0.2158999999999999,0.15748,0.1422399999999999,,,,,,
1107,2019-01-12,0.0,2.19,-16.29,0.13716,0.2158999999999999,0.15748,0.1422399999999999,,,,,,
1108,2019-01-13,0.0,-3.05,-18.51,0.13716,0.2158999999999999,0.15748,0.1422399999999999,,,,,,
1109,2019-01-14,0.0,-3.52,-20.3,0.13716,0.2158999999999999,0.15748,0.1422399999999999,,,,,,
1110,2019-01-15,0.0,-1.33,-13.86,0.13716,0.21844,0.15748,0.1422399999999999,,,,,,
1111,2019-01-16,2.25,3.29,-4.9,0.13716,0.21844,0.15748,0.1473199999999999,,,,,,
1112,2019-01-17,14.66,4.54,-3.73,0.14478,0.22606,0.16002,0.1523999999999999,,,,,,
1113,2019-01-18,10.37,3.48,-3.87,0.1803399999999999,0.2667,0.18542,0.1803399999999999,,,,,,
1114,2019-01-19,0.0,2.69,-8.84,0.18796,0.2717799999999999,0.19304,0.18796,,,,,,
1115,2019-01-20,0.0,3.56,-4.45,0.19304,0.27686,0.19812,0.1905,,,,,,
1116,2019-01-21,3.79,1.73,-9.24,0.19304,0.27686,0.19812,0.1905,,,,,,
1117,2019-01-22,0.0,-1.66,-16.4,0.2032,0.2971799999999999,0.21082,0.2032,,,,,,
1118,2019-01-23,0.0,-0.66,-13.86,0.2032,0.29972,0.21082,0.2032,,,,,,
1119,2019-01-24,0.0,3.88,-5.67,0.2057399999999999,0.29972,0.21082,0.2057399999999999,,,,,,
1120,2019-01-25,0.0,1.92,-11.04,0.21082,0.29972,0.21082,0.2057399999999999,,,,,,
1121,2019-01-26,0.0,2.92,-10.55,0.21082,0.29972,0.21082,0.2057399999999999,,,,,,
1122,2019-01-27,0.0,2.97,-8.41,0.21082,0.29972,0.21082,0.2057399999999999,,,,,,
1123,2019-01-28,0.0,3.94,-10.17,0.21082,0.29972,0.21082,0.2057399999999999,,,,,,
1124,2019-01-29,0.0,0.08,-13.22,0.2082799999999999,0.29972,0.21082,0.2057399999999999,,,,,,
1125,2019-01-30,0.0,0.64,-16.1,0.2082799999999999,0.29972,0.21082,0.2057399999999999,,,,,,
1126,2019-01-31,0.0,0.55,-13.51,0.2082799999999999,0.29972,0.21082,0.2057399999999999,,,,,,
1127,2019-02-01,0.0,3.18,-13.95,0.2082799999999999,0.29972,0.21082,0.2057399999999999,,,,,,
1128,2019-02-02,0.0,9.07,-5.82,0.21082,0.29972,0.21082,0.2082799999999999,,,,,,
1129,2019-02-03,8.52,7.66,0.64,0.21336,0.30226,0.21844,0.21082,,,,,,
1130,2019-02-04,5.81,4.16,0.99,0.2413,0.34036,0.23876,0.2336799999999999,,,,,,
1131,2019-02-05,3.83,3.35,-3.59,0.24892,0.3555999999999999,0.2438399999999999,0.23876,,,,,,
1132,2019-02-06,7.32,-2.67,-7.35,0.254,0.37084,0.25146,0.24892,,,,,,
1133,2019-02-07,1.73,-4.78,-11.34,0.25654,0.38354,0.26924,0.25146,,,,,,
1134,2019-02-08,0.0,-6.17,-16.61,0.26416,0.38862,0.26924,0.25146,,,,,,
1135,2019-02-09,0.0,-3.81,-17.92,0.26416,0.38862,0.26924,0.254,,,,,,
1136,2019-02-10,2.07,2.74,-13.7,0.26416,0.38862,0.26924,0.25654,,,,,,
1137,2019-02-11,2.98,0.59,-16.93,0.26416,0.4064,0.28702,0.26924,,,,,,
1138,2019-02-12,0.0,-0.23,-18.05,0.26924,0.4064,0.28702,0.26924,,,,,,
1139,2019-02-13,5.9,5.12,-5.52,0.2717799999999999,0.4064,0.28956,0.2717799999999999,,,,,,
1140,2019-02-14,8.94,7.6,0.08,0.2920999999999999,0.43434,0.2920999999999999,0.2920999999999999,,,,,,
1141,2019-02-15,0.0,7.57,-0.66,0.3047999999999999,0.45212,0.30734,0.3047999999999999,,,,,,
1142,2019-02-16,5.06,5.65,-8.22,0.31242,0.4699,0.32258,0.32004,,,,,,
1143,2019-02-17,0.0,-0.22,-12.09,0.31242,0.4699,0.32258,0.32004,,,,,,
1144,2019-02-18,0.01,-1.64,-12.91,0.31242,0.4699,0.32258,0.32004,,,,,,
1145,2019-02-19,0.0,-4.15,-14.28,0.31242,0.4699,0.32258,0.32004,,,,,,
1146,2019-02-20,0.0,-2.16,-12.76,0.31242,0.47244,0.3302,0.32258,,,,,,
1147,2019-02-21,0.0,-3.12,-13.77,0.31242,0.47244,0.3302,0.32258,,,,,,
1148,2019-02-22,2.87,-1.71,-14.69,0.3175,0.47244,0.3302,0.32258,,,,,,
1149,2019-02-23,0.0,-1.26,-17.19,0.3175,0.4749799999999999,0.3302,0.32512,,,,,,
1150,2019-02-24,0.0,5.33,-11.79,0.32004,0.47752,0.33782,0.32512,,,,,,
1151,2019-02-25,0.0,8.29,-1.5,0.32004,0.47752,0.33782,0.32766,,,,,,
1152,2019-02-26,0.0,10.4,2.56,0.32004,0.47752,0.34036,0.32766,,,,,,
1153,2019-02-27,0.55,9.36,-1.61,0.32004,0.47752,0.34036,0.32766,,,,,,
1154,2019-02-28,0.0,7.14,-2.8,0.32004,0.47752,0.34036,0.32766,,,,,,
1155,2019-03-01,4.05,7.04,-1.7,0.32258,0.48514,0.3479799999999999,0.3352799999999999,,,,,,
1156,2019-03-02,5.43,4.61,-2.37,0.32512,0.4952999999999999,0.3555999999999999,0.34036,,,,,,
1157,2019-03-03,2.71,3.98,-4.3,0.3352799999999999,0.5003799999999999,0.36322,0.35052,,,,,,
1158,2019-03-04,0.0,4.03,-9.14,0.34036,0.5003799999999999,0.37338,0.3555999999999999,,,,,,
1159,2019-03-05,0.0,5.54,-5.94,0.34036,0.5003799999999999,0.37338,0.3555999999999999,,,,,,
1160,2019-03-06,3.48,7.55,0.03,0.3479799999999999,0.51054,0.381,0.3606799999999999,,,,,,
1161,2019-03-07,14.3,7.27,0.8,0.36576,0.5257799999999999,0.38862,0.37084,,,,,,
1162,2019-03-08,7.48,7.13,-1.27,0.37846,0.53848,0.39624,0.37846,,,,,,
1163,2019-03-09,0.4,3.01,-7.23,0.38862,0.55372,0.40894,0.39624,,,,,,
1164,2019-03-10,2.03,2.28,-5.48,0.39116,0.55626,0.40894,0.3987799999999999,,,,,,
1165,2019-03-11,0.0,5.58,-8.86,0.39116,0.5613400000000001,0.41402,0.40386,,,,,,
1166,2019-03-12,0.0,8.29,-8.49,0.39624,0.5613400000000001,0.41402,0.40386,,,,,,
1167,2019-03-13,7.66,7.34,-3.63,0.39624,0.56642,0.4241799999999999,0.4064,,,,,,
1168,2019-03-14,0.0,3.23,-6.03,0.40132,0.59182,0.4317999999999999,0.4241799999999999,,,,,,
1169,2019-03-15,0.0,4.23,-12.21,0.4064,0.5969,0.43942,0.4241799999999999,,,,,,
1170,2019-03-16,0.0,7.67,-10.59,0.4064,0.5969,0.43942,0.4241799999999999,,,,,,
1171,2019-03-17,0.0,10.22,-8.61,0.4064,0.5969,0.43942,0.4241799999999999,,,,,,
1172,2019-03-18,0.0,11.05,-6.48,0.4064,0.5969,0.43942,0.4241799999999999,,,,,,
1173,2019-03-19,0.0,10.17,-7.06,0.4064,0.5969,0.43942,0.4241799999999999,,,,,,
1174,2019-03-20,0.0,7.5,-8.33,0.40386,0.5969,0.43942,0.4241799999999999,,,,,,
1175,2019-03-21,0.0,7.04,-1.86,0.40132,0.5969,0.43942,0.4241799999999999,,,,,,
1176,2019-03-22,0.0,8.17,0.1,0.40132,0.5969,0.43942,0.42672,,,,,,
1177,2019-03-23,0.0,9.38,1.14,0.4064,0.59944,0.43942,0.4317999999999999,,,,,,
1178,2019-03-24,1.93,9.57,1.55,0.4064,0.60198,0.43942,0.4317999999999999,,,,,,
1179,2019-03-25,0.0,12.29,-1.24,0.41402,0.6095999999999999,0.44958,0.4419599999999999,,,,,,
1180,2019-03-26,0.0,16.98,-0.93,0.41402,0.6095999999999999,0.4546599999999999,0.4419599999999999,,,,,,
1181,2019-03-27,0.0,16.65,-1.51,0.4064,0.6095999999999999,0.4546599999999999,0.43942,,,,,,
1182,2019-03-28,0.0,13.62,3.61,0.40132,0.6095999999999999,0.4546599999999999,0.43688,,,,,,
1183,2019-03-29,15.55,10.62,0.82,0.40132,0.61468,0.4572,0.43688,,,,,,
1184,2019-03-30,0.0,7.02,-2.27,0.4165599999999999,0.635,0.47752,0.45212,,,,,,
1185,2019-03-31,0.0,7.85,-6.48,0.4165599999999999,0.635,0.4826,0.44958,,,,,,
1186,2019-04-01,0.0,12.4,-4.08,0.4165599999999999,0.635,0.4876799999999999,0.4445,,,,,,
1187,2019-04-02,0.0,11.41,2.91,0.42164,0.635,0.4876799999999999,0.4419599999999999,,,,,,
1188,2019-04-03,1.32,11.55,2.82,0.4292599999999999,0.64516,0.4876799999999999,0.43942,,,,,,
1189,2019-04-04,0.0,15.94,0.59,0.42672,0.6476999999999999,0.4876799999999999,0.43688,,,,,,
1190,2019-04-05,0.0,16.08,2.35,0.42672,0.64516,0.4876799999999999,0.42672,,,,,,
1191,2019-04-06,0.0,14.12,3.76,0.4114799999999999,0.64008,0.4876799999999999,0.4165599999999999,,,,,,
1192,2019-04-07,0.0,14.29,-1.94,0.4064,0.63754,0.4876799999999999,0.4114799999999999,,,,,,
1193,2019-04-08,0.0,18.41,-0.56,0.40386,0.63754,0.4876799999999999,0.40386,,,,,,
1194,2019-04-09,3.68,16.49,3.41,0.38608,0.63754,0.49022,0.39624,,,,,,
1195,2019-04-10,5.5,5.17,0.14,0.38862,0.66294,0.51054,0.40894,,,,,,
1196,2019-04-11,0.93,6.95,-0.21,0.40894,0.70358,0.53848,0.44958,,,,,,
1197,2019-04-12,5.95,7.66,-1.83,0.41402,0.70866,0.5435599999999999,0.45974,,,,,,
1198,2019-04-13,1.49,8.93,-2.05,0.41402,0.71374,0.5461,0.46482,,,,,,
1199,2019-04-14,0.0,13.33,-1.45,0.41402,0.71374,0.5461,0.46482,,,,,,
1200,2019-04-15,12.34,12.8,5.41,0.4165599999999999,0.71882,0.54102,0.4673599999999999,,,,,,
1201,2019-04-16,5.23,9.29,3.86,0.41402,0.7340599999999999,0.52324,0.47244,,,,,,
1202,2019-04-17,0.0,12.18,-1.55,0.4114799999999999,0.74422,0.5334,0.4749799999999999,,,,,,
1203,2019-04-18,0.0,18.15,-0.52,0.40132,0.74168,0.5334,0.47244,,,,,,
1204,2019-04-19,0.0,22.45,-0.62,0.3937,0.73914,0.52832,0.4622799999999999,,,,,,
1205,2019-04-20,0.0,22.31,2.97,0.36576,0.72898,0.51308,0.4419599999999999,,,,,,
1206,2019-04-21,3.1,19.39,6.34,0.3429,0.71882,0.508,0.42672,,,,,,
1207,2019-04-22,0.0,14.79,4.71,0.33274,0.71374,0.5003799999999999,0.4191,,,,,,
1208,2019-04-23,0.0,18.93,0.35,0.31496,0.70612,0.4952999999999999,0.40386,,,,,,
1209,2019-04-24,0.0,20.41,2.06,0.2946399999999999,0.6908799999999999,0.4876799999999999,0.38354,,,,,,
1210,2019-04-25,0.0,20.72,3.98,0.27432,0.67818,0.47752,0.3606799999999999,,,,,,
1211,2019-04-26,0.89,20.78,4.54,0.24892,0.66294,0.4699,0.34036,,,,,,
1212,2019-04-27,0.0,19.41,1.75,0.2413,0.6527799999999999,0.45974,0.32258,,,,,,
1213,2019-04-28,0.0,17.54,4.99,0.2209799999999999,0.6324599999999999,0.44958,0.3047999999999999,,,,,,
1214,2019-04-29,0.0,15.48,-1.17,0.21082,0.61468,0.4419599999999999,0.2946399999999999,,,,,,
1215,2019-04-30,0.0,13.64,1.35,0.1905,0.61468,0.43434,0.27686,,,,,,
1216,2019-05-01,7.17,9.68,-1.21,0.20066,0.6223,0.43688,0.2794,,,,,,
1217,2019-05-02,0.0,13.75,-3.31,0.2082799999999999,0.6248400000000001,0.4419599999999999,0.2819399999999999,,,,,,
1218,2019-05-03,0.0,16.81,-0.45,0.2082799999999999,0.6248400000000001,0.43434,0.27432,,,,,,
1219,2019-05-04,0.0,20.82,-0.72,0.2082799999999999,0.61214,0.42164,0.25146,,,,,,
1220,2019-05-05,0.0,21.86,0.55,0.17018,0.59182,0.4114799999999999,0.2286,,,,,,
1221,2019-05-06,0.0,22.23,2.11,0.1473199999999999,0.57404,0.39116,0.2057399999999999,,,,,,
1222,2019-05-07,3.98,15.44,2.73,0.13208,0.55626,0.381,0.19304,,,,,,
1223,2019-05-08,3.42,13.51,4.12,0.13208,0.5613400000000001,0.37592,0.18288,,,,,,
1224,2019-05-09,0.0,12.92,2.69,0.127,0.5588,0.37084,0.16256,,,,,,
1225,2019-05-10,0.36,17.3,0.35,0.12446,0.5638799999999999,0.37846,0.16002,,,,,,
1226,2019-05-11,0.0,20.17,-0.44,0.11176,0.55626,0.37084,0.13716,,,,,,
1227,2019-05-12,0.0,22.93,1.54,0.0838199999999999,0.5435599999999999,0.35052,0.1143,,,,,,
1228,2019-05-13,0.0,25.27,2.61,0.04826,0.5257799999999999,0.32258,0.0761999999999999,,,,,,
1229,2019-05-14,0.0,25.92,4.64,0.01016,0.508,0.29972,0.04572,,,,,,
1230,2019-05-15,0.0,24.72,5.2,0.0,0.48514,0.27432,0.02032,,,,,,
1231,2019-05-16,0.0,24.02,7.31,0.0,0.4622799999999999,0.2463799999999999,0.0,,,,,,
1232,2019-05-17,11.55,16.66,2.98,0.0,0.4419599999999999,0.2209799999999999,0.0,,,,,,
1233,2019-05-18,6.4,11.91,2.58,0.0,0.4445,0.21844,0.0,,,,,,
1234,2019-05-19,0.0,13.18,3.52,0.0,0.44704,0.2082799999999999,0.0,,,,,,
1235,2019-05-20,0.46,13.9,1.63,0.0,0.44958,0.19304,0.0,,,,,,
1236,2019-05-21,5.72,12.2,2.04,0.0,0.44958,0.1803399999999999,0.0,,,,,,
1237,2019-05-22,7.55,9.66,2.76,0.0,0.4546599999999999,0.18288,0.0,,,,,,
1238,2019-05-23,5.81,9.7,3.01,0.0,0.47244,0.19304,0.0,,,,,,
1239,2019-05-24,2.67,12.41,3.74,0.0,0.4952999999999999,0.2057399999999999,0.0127,,,,,,
1240,2019-05-25,0.29,18.09,2.41,0.0,0.5054599999999999,0.2032,0.0076199999999999,,,,,,
1241,2019-05-26,0.0,20.09,2.31,0.0,0.5054599999999999,0.1905,0.0,,,,,,
1242,2019-05-27,4.15,18.84,5.51,0.0,0.4927599999999999,0.1727199999999999,0.0,,,,,,
1243,2019-05-28,1.73,14.87,2.96,0.0,0.4876799999999999,0.1473199999999999,0.0,,,,,,
1244,2019-05-29,0.0,17.78,5.4,0.0,0.48514,0.127,0.0,,,,,,
1245,2019-05-30,0.0,22.31,1.83,0.0,0.4699,0.1016,0.0,,,,,,
1246,2019-05-31,0.0,21.77,5.83,0.0,0.4572,0.0711199999999999,0.0,,,,,,
1247,2019-06-01,0.0,22.91,7.57,0.0,0.4419599999999999,0.04572,0.0,,,,,,
1248,2019-06-02,7.22,19.73,3.3,0.0,0.42164,0.02032,0.0,,,,,,
1249,2019-06-03,0.0,23.99,4.67,0.0,0.40386,0.0,0.0,,,,,,
1250,2019-06-04,0.0,24.21,5.02,0.0,0.39116,0.0,0.0,,,,,,
1251,2019-06-05,0.0,25.73,5.46,0.0,0.33782,0.0,0.0,,,,,,
1252,2019-06-06,0.0,25.34,6.1,0.0,0.2946399999999999,0.0,0.0,,,,,,
1253,2019-06-07,5.75,25.28,10.38,0.0,0.2463799999999999,0.0,0.0,,,,,,
1254,2019-06-08,0.0,21.46,4.07,0.0,0.19304,0.0,0.0,,,,,,
1255,2019-06-09,0.0,19.78,-1.55,0.0,0.19304,0.0,0.0,,,,,,
1256,2019-06-10,0.0,22.6,0.67,0.0,0.16256,0.0,0.0,,,,,,
1257,2019-06-11,0.0,24.37,2.31,0.0,0.127,0.0,0.0,,,,,,
1258,2019-06-12,0.0,27.03,5.5,0.0,0.0863599999999999,0.0,0.0,,,,,,
1259,2019-06-13,0.0,28.07,7.4,0.0,0.0431799999999999,0.0,0.0,,,,,,
1260,2019-06-14,0.0,27.02,9.21,0.0,0.0,0.0,0.0,,,,,,
1261,2019-06-15,0.0,26.37,7.69,0.0,0.0,0.0,0.0,,,,,,
1262,2019-06-16,0.0,26.8,6.19,0.0,0.0,0.0,0.0,,,,,,
1263,2019-06-17,8.67,24.26,7.1,0.0,0.0,0.0,0.0,,,,,,
1264,2019-06-18,0.44,24.46,8.19,0.0,0.0,0.0,0.0,,,,,,
1265,2019-06-19,0.0,25.71,6.88,0.0,0.0,0.0,0.0,,,,,,
1266,2019-06-20,0.0,25.8,6.04,0.0,0.0,0.0,0.0,,,,,,
1267,2019-06-21,0.0,18.01,1.38,0.0,0.0,0.0,0.0,,,,,,
1268,2019-06-22,0.0,17.29,3.26,0.0,0.0,0.0,0.0,,,,,,
1269,2019-06-23,0.0,21.46,1.77,0.0,0.0,0.0,0.0,,,,,,
1270,2019-06-24,0.0,24.86,4.73,0.0,0.0,0.0,0.0,,,,,,
1271,2019-06-25,0.0,28.81,6.13,0.0,0.0,0.0,0.0,,,,,,
1272,2019-06-26,0.0,28.8,6.42,0.0,0.0,0.0,0.0,,,,,,
1273,2019-06-27,0.0,29.82,9.4,0.0,0.0,0.0,0.0,,,,,,
1274,2019-06-28,0.0,31.16,8.32,0.0,0.0,0.0,0.0,,,,,,
1275,2019-06-29,0.0,31.09,7.24,0.0,0.0,0.0,0.0,,,,,,
1276,2019-06-30,0.0,29.23,14.73,0.0,0.0,0.0,0.0,,,,,,
1277,2019-07-01,0.0,30.47,6.87,0.0,0.0,0.0,0.0,,,,,,
1278,2019-07-02,0.0,31.25,9.15,0.0,0.0,0.0,0.0,,,,,,
1279,2019-07-03,0.0,30.78,7.02,0.0,0.0,0.0,0.0,,,,,,
1280,2019-07-04,0.0,28.6,8.94,0.0,0.0,0.0,0.0,,,,,,
1281,2019-07-05,1.29,27.33,6.11,0.0,0.0,0.0,0.0,,,,,,
1282,2019-07-06,0.0,30.39,7.38,0.0,0.0,0.0,0.0,,,,,,
1283,2019-07-07,0.0,30.44,8.4,0.0,0.0,0.0,0.0,,,,,,
1284,2019-07-08,0.0,29.57,9.49,0.0,0.0,0.0,0.0,,,,,,
1285,2019-07-09,0.0,29.22,8.65,0.0,0.0,0.0,0.0,,,,,,
1286,2019-07-10,0.0,32.63,9.41,0.0,0.0,0.0,0.0,,,,,,
1287,2019-07-11,0.0,33.57,8.74,0.0,0.0,0.0,0.0,,,,,,
1288,2019-07-12,0.0,34.09,10.64,0.0,0.0,0.0,0.0,,,,,,
1289,2019-07-13,0.0,32.55,11.97,0.0,0.0,0.0,0.0,,,,,,
1290,2019-07-14,0.0,33.49,11.73,0.0,0.0,0.0,0.0,,,,,,
1291,2019-07-15,0.0,32.66,12.43,0.0,0.0,0.0,0.0,,,,,,
1292,2019-07-16,0.0,32.55,7.75,0.0,0.0,0.0,0.0,,,,,,
1293,2019-07-17,0.0,32.19,10.65,0.0,0.0,0.0,0.0,,,,,,
1294,2019-07-18,0.0,32.29,9.69,0.0,0.0,0.0,0.0,,,,,,
1295,2019-07-19,0.0,32.84,10.74,0.0,0.0,0.0,0.0,,,,,,
1296,2019-07-20,0.0,32.6,9.08,0.0,0.0,0.0,0.0,,,,,,
1297,2019-07-21,0.0,34.83,9.9,0.0,0.0,0.0,0.0,,,,,,
1298,2019-07-22,0.0,35.41,12.65,0.0,0.0,0.0,0.0,,,,,,
1299,2019-07-23,0.0,34.83,11.58,0.0,0.0,0.0,0.0,,,,,,
1300,2019-07-24,0.0,32.54,17.32,0.0,0.0,0.0,0.0,,,,,,
1301,2019-07-25,0.0,31.52,12.69,0.0,0.0,0.0,0.0,,,,,,
1302,2019-07-26,0.0,29.09,15.02,0.0,0.0,0.0,0.0,,,,,,
1303,2019-07-27,0.7,28.48,14.54,0.0,0.0,0.0,0.0,,,,,,
1304,2019-07-28,0.0,31.56,10.01,0.0,0.0,0.0,0.0,,,,,,
1305,2019-07-29,0.0,33.63,10.3,0.0,0.0,0.0,0.0,,,,,,
1306,2019-07-30,0.0,34.69,12.32,0.0,0.0,0.0,0.0,,,,,,
1307,2019-07-31,7.49,31.48,14.58,0.0,0.0,0.0,0.0,,,,,,
1308,2019-08-01,0.0,30.49,11.44,0.0,0.0,0.0,0.0,,,,,,
1309,2019-08-02,0.0,32.84,11.51,0.0,0.0,0.0,0.0,,,,,,
1310,2019-08-03,0.0,33.22,12.02,0.0,0.0,0.0,0.0,,,,,,
1311,2019-08-04,0.0,33.55,10.24,0.0,0.0,0.0,0.0,,,,,,
1312,2019-08-05,0.0,34.13,13.08,0.0,0.0,0.0,0.0,,,,,,
1313,2019-08-06,0.0,35.05,11.48,0.0,0.0,0.0,0.0,,,,,,
1314,2019-08-07,0.91,31.59,15.79,0.0,0.0,0.0,0.0,,,,,,
1315,2019-08-08,0.0,26.59,9.12,0.0,0.0,0.0,0.0,,,,,,
1316,2019-08-09,0.47,28.79,9.12,0.0,0.0,0.0,0.0,,,,,,
1317,2019-08-10,0.0,29.85,11.07,0.0,0.0,0.0,0.0,,,,,,
1318,2019-08-11,0.0,29.31,10.06,0.0,0.0,0.0,0.0,,,,,,
1319,2019-08-12,0.0,29.39,6.32,0.0,0.0,0.0,0.0,,,,,,
1320,2019-08-13,0.0,31.3,6.52,0.0,0.0,0.0,0.0,,,,,,
1321,2019-08-14,0.0,32.09,7.23,0.0,0.0,0.0,0.0,,,,,,
1322,2019-08-15,0.0,32.13,7.91,0.0,0.0,0.0,0.0,,,,,,
1323,2019-08-16,0.0,30.12,8.59,0.0,0.0,0.0,0.0,,,,,,
1324,2019-08-17,0.0,30.65,7.25,0.0,0.0,0.0,0.0,,,,,,
1325,2019-08-18,0.0,32.06,7.67,0.0,0.0,0.0,0.0,,,,,,
1326,2019-08-19,0.0,32.16,8.48,0.0,0.0,0.0,0.0,,,,,,
1327,2019-08-20,0.0,32.42,8.33,0.0,0.0,0.0,0.0,,,,,,
1328,2019-08-21,0.0,34.1,6.33,0.0,0.0,0.0,0.0,,,,,,
1329,2019-08-22,0.0,33.24,6.84,0.0,0.0,0.0,0.0,,,,,,
1330,2019-08-23,0.0,30.22,10.51,0.0,0.0,0.0,0.0,,,,,,
1331,2019-08-24,0.0,30.76,6.78,0.0,0.0,0.0,0.0,,,,,,
1332,2019-08-25,0.0,30.3,8.88,0.0,0.0,0.0,0.0,,,,,,
1333,2019-08-26,0.0,29.29,7.82,0.0,0.0,0.0,0.0,,,,,,
1334,2019-08-27,0.0,29.19,3.06,0.0,0.0,0.0,0.0,,,,,,
1335,2019-08-28,0.0,33.1,4.36,0.0,0.0,0.0,0.0,,,,,,
1336,2019-08-29,0.0,32.33,9.31,0.0,0.0,0.0,0.0,,,,,,
1337,2019-08-30,0.34,32.35,11.35,0.0,0.0,0.0,0.0,,,,,,
1338,2019-08-31,0.0,33.06,10.61,0.0,0.0,0.0,0.0,,,,,,
1339,2019-09-01,0.0,33.6,9.55,0.0,0.0,0.0,0.0,,,,,,
1340,2019-09-02,0.0,34.03,7.49,0.0,0.0,0.0,0.0,,,,,,
1341,2019-09-03,0.0,32.37,11.54,0.0,0.0,0.0,0.0,,,,,,
1342,2019-09-04,0.0,33.49,12.73,0.0,0.0,0.0,0.0,,,,,,
1343,2019-09-05,0.0,32.86,11.48,0.0,0.0,0.0,0.0,,,,,,
1344,2019-09-06,0.0,30.35,13.08,0.0,0.0,0.0,0.0,,,,,,
1345,2019-09-07,5.26,29.64,10.78,0.0,0.0,0.0,0.0,,,,,,
1346,2019-09-08,10.44,26.16,9.29,0.0,0.0,0.0,0.0,,,,,,
1347,2019-09-09,3.56,25.14,8.56,0.0,0.0,0.0,0.0,,,,,,
1348,2019-09-10,0.0,22.97,5.76,0.0,0.0,0.0,0.0,,,,,,
1349,2019-09-11,5.52,19.63,6.7,0.0,0.0,0.0,0.0,,,,,,
1350,2019-09-12,6.89,19.97,4.79,0.0,0.0,0.0,0.0,,,,,,
1351,2019-09-13,0.0,22.91,2.64,0.0,0.0,0.0,0.0,,,,,,
1352,2019-09-14,0.0,26.8,3.05,0.0,0.0,0.0,0.0,,,,,,
1353,2019-09-15,0.0,29.14,4.59,0.0,0.0,0.0,0.0,,,,,,
1354,2019-09-16,0.0,27.96,9.3,0.0,0.0,0.0,0.0,,,,,,
1355,2019-09-17,1.46,24.83,7.88,0.0,0.0,0.0,0.0,,,,,,
1356,2019-09-18,0.0,24.13,-0.03,0.0,0.0,0.0,0.0,,,,,,
1357,2019-09-19,0.0,25.48,4.17,0.0,0.0,0.0,0.0,,,,,,
1358,2019-09-20,6.54,20.2,4.35,0.0,0.0,0.0,0.0,,,,,,
1359,2019-09-21,0.0,15.45,2.46,0.0,0.0,0.0,0.0,,,,,,
1360,2019-09-22,0.0,20.63,-0.29,0.0,0.0,0.0,0.0,,,,,,
1361,2019-09-23,0.0,23.56,3.5,0.0,0.0,0.0,0.0,,,,,,
1362,2019-09-24,0.0,22.51,2.13,0.0,0.0,0.0,0.0,,,,,,
1363,2019-09-25,0.0,23.15,3.4,0.0,0.0,0.0,0.0,,,,,,
1364,2019-09-26,0.0,25.18,2.46,0.0,0.0,0.0,0.0,,,,,,
1365,2019-09-27,0.0,23.72,5.14,0.0,0.0,0.0,0.0,,,,,,
1366,2019-09-28,1.46,21.76,7.2,0.0,0.0,0.0,0.0,,,,,,
1367,2019-09-29,5.01,17.62,4.1,0.0,0.0,0.0,0.0,,,,,,
1368,2019-09-30,0.0,14.5,-2.3,0.0,0.0,0.0,0.0,,,,,,
1369,2019-10-01,0.0,15.31,-2.84,0.0,0.0,0.0,0.0,,,,,,
1370,2019-10-02,0.0,14.36,-0.87,0.0,0.0,0.0,0.0,,,,,,
1371,2019-10-03,0.0,21.13,-3.4,0.0,0.0,0.0,0.0,,,,,,
1372,2019-10-04,0.0,20.86,2.36,0.0,0.0,0.0,0.0,,,,,,
1373,2019-10-05,0.0,14.84,-3.85,0.0,0.0,0.0,0.0,,,,,,
1374,2019-10-06,0.0,16.07,-4.54,0.0,0.0,0.0,0.0,,,,,,
1375,2019-10-07,0.0,21.59,-5.35,0.0,0.0,0.0,0.0,,,,,,
1376,2019-10-08,0.0,22.52,-1.9,0.0,0.0,0.0,0.0,,,,,,
1377,2019-10-09,0.0,18.97,0.67,0.0,0.0,0.0,0.0,,,,,,
1378,2019-10-10,0.0,6.13,-5.93,0.0,0.0,0.0,0.0,,,,,,
1379,2019-10-11,0.0,11.93,-11.67,0.0,0.0,0.0,0.0,,,,,,
1380,2019-10-12,0.0,16.64,-8.68,0.0,0.0,0.0,0.0,,,,,,
1381,2019-10-13,0.0,19.88,-7.1,0.0,0.0,0.0,0.0,,,,,,
1382,2019-10-14,0.0,19.01,-4.11,0.0,0.0,0.0,0.0,,,,,,
1383,2019-10-15,0.0,20.67,-4.39,0.0,0.0,0.0,0.0,,,,,,
1384,2019-10-16,0.0,24.29,-2.24,0.0,0.0,0.0,0.0,,,,,,
1385,2019-10-17,0.0,22.37,2.53,0.0,0.0,0.0,0.0,,,,,,
1386,2019-10-18,3.21,14.82,-1.17,0.0,0.0,0.0,0.0,,,,,,
1387,2019-10-19,0.0,11.32,-4.23,0.0,0.0,0.0,0.0,,,,,,
1388,2019-10-20,9.33,5.54,-0.94,0.02286,0.0254,0.02286,0.01016,,,,,,
1389,2019-10-21,1.55,7.95,-0.94,0.02286,0.0304799999999999,0.02794,0.01016,,,,,,
1390,2019-10-22,0.0,13.78,1.58,0.02794,0.03302,0.0304799999999999,0.0127,,,,,,
1391,2019-10-23,0.0,12.97,0.27,0.02286,0.03302,0.0304799999999999,0.0127,,,,,,
1392,2019-10-24,0.0,9.97,-6.99,0.02032,0.03302,0.0304799999999999,0.0127,,,,,,
1393,2019-10-25,0.0,16.52,-5.83,0.02032,0.0355599999999999,0.03302,0.0127,,,,,,
1394,2019-10-26,0.0,16.76,-2.64,0.02286,0.0355599999999999,0.03302,0.0127,,,,,,
1395,2019-10-27,1.53,8.11,-5.21,0.02286,0.0355599999999999,0.03302,0.0127,,,,,,
1396,2019-10-28,0.0,1.56,-12.51,0.02286,0.04064,0.0380999999999999,0.0127,,,,,,
1397,2019-10-29,1.98,-0.76,-11.53,0.02794,0.04572,0.04064,0.0127,,,,,,
1398,2019-10-30,0.0,-2.46,-21.17,0.02794,0.04826,0.04064,0.0127,,,,,,
1399,2019-10-31,0.0,4.9,-15.48,0.02794,0.0508,0.04572,0.0127,,,,,,
1400,2019-11-01,0.0,8.45,-11.36,0.02794,0.05588,0.04826,0.0127,,,,,,
1401,2019-11-02,0.0,10.22,-10.52,0.02794,0.05588,0.04826,0.0127,,,,,,
1402,2019-11-03,0.0,14.34,-7.15,0.02794,0.05588,0.04826,0.0127,,,,,,
1403,2019-11-04,0.0,13.39,-6.08,0.02794,0.05588,0.04826,0.0177799999999999,,,,,,
1404,2019-11-05,0.0,14.91,-5.55,0.02794,0.05588,0.04826,0.0177799999999999,,,,,,
1405,2019-11-06,0.0,16.28,-5.3,0.02794,0.05588,0.04826,0.0177799999999999,,,,,,
1406,2019-11-07,0.0,16.3,-5.81,0.02794,0.05588,0.04826,0.0177799999999999,,,,,,
1407,2019-11-08,0.0,17.04,-5.34,0.02794,0.05588,0.04826,0.0177799999999999,,,,,,
1408,2019-11-09,0.0,17.09,-5.8,0.02794,0.05588,0.04826,0.0177799999999999,,,,,,
1409,2019-11-10,0.0,16.44,-4.65,0.02794,0.05588,0.04826,0.0177799999999999,,,,,,
1410,2019-11-11,0.0,14.06,-3.18,0.02794,0.05588,0.04826,0.0177799999999999,,,,,,
1411,2019-11-12,0.0,12.88,-9.02,0.0355599999999999,0.05588,0.04826,0.0177799999999999,,,,,,
1412,2019-11-13,0.0,14.11,-2.23,0.0355599999999999,0.05588,0.04826,0.0177799999999999,,,,,,
1413,2019-11-14,0.0,15.24,-5.31,0.0355599999999999,0.05588,0.04826,0.0177799999999999,,,,,,
1414,2019-11-15,0.0,17.45,-2.75,0.0355599999999999,0.05588,0.04826,0.0177799999999999,,,,,,
1415,2019-11-16,0.0,13.28,-3.03,0.0355599999999999,0.05588,0.04826,0.0177799999999999,,,,,,
1416,2019-11-17,0.0,12.67,-6.03,0.0355599999999999,0.05588,0.04826,0.0177799999999999,,,,,,
1417,2019-11-18,0.0,12.0,-5.1,0.0355599999999999,0.05588,0.04826,0.0177799999999999,,,,,,
1418,2019-11-19,0.0,17.51,-2.7,0.0355599999999999,0.0584199999999999,0.04826,0.0177799999999999,,,,,,
1419,2019-11-20,3.35,13.34,-0.22,0.0355599999999999,0.0584199999999999,0.04826,0.02286,,,,,,
1420,2019-11-21,0.54,3.63,-2.67,0.0380999999999999,0.0635,0.0584199999999999,0.02794,,,,,,
1421,2019-11-22,0.0,1.41,-6.54,0.0380999999999999,0.0635,0.0584199999999999,0.02794,,,,,,
1422,2019-11-23,0.0,6.0,-7.24,0.0380999999999999,0.0635,0.0584199999999999,0.02794,,,,,,
1423,2019-11-24,0.0,7.06,-8.18,0.0380999999999999,0.0635,0.0584199999999999,0.02794,,,,,,
1424,2019-11-25,3.43,4.65,-4.5,0.0380999999999999,0.0635,0.0584199999999999,0.02794,,,,,,
1425,2019-11-26,0.44,0.2,-15.09,0.0508,0.0838199999999999,0.0736599999999999,0.03302,,,,,,
1426,2019-11-27,0.0,0.85,-8.96,0.0508,0.0838199999999999,0.0761999999999999,0.03302,,,,,,
1427,2019-11-28,7.12,1.8,-3.67,0.05334,0.09906,0.08128,0.0355599999999999,,,,,,
1428,2019-11-29,7.93,0.97,-3.81,0.06604,0.1143,0.09398,0.04826,,,,,,
1429,2019-11-30,0.78,-0.87,-7.03,0.0888999999999999,0.1397,0.1143,0.0711199999999999,,,,,,
1430,2019-12-01,0.0,-1.67,-15.28,0.0888999999999999,0.1397,0.1143,0.0711199999999999,,,,,,
1431,2019-12-02,0.0,2.45,-8.24,0.0888999999999999,0.14478,0.1219199999999999,0.0736599999999999,,,,,,
1432,2019-12-03,0.0,5.71,-3.2,0.0838199999999999,0.14478,0.1219199999999999,0.0736599999999999,,,,,,
1433,2019-12-04,0.0,5.19,-5.65,0.0838199999999999,0.14478,0.1219199999999999,0.0736599999999999,,,,,,
1434,2019-12-05,5.7,3.57,-0.85,0.0838199999999999,0.1473199999999999,0.12446,0.0736599999999999,,,,,,
1435,2019-12-06,0.0,7.09,-1.48,0.08128,0.1473199999999999,0.127,0.0736599999999999,,,,,,
1436,2019-12-07,0.0,5.43,-3.38,0.08128,0.1473199999999999,0.127,0.0736599999999999,,,,,,
1437,2019-12-08,4.32,6.63,-4.34,0.08128,0.1473199999999999,0.127,0.0736599999999999,,,,,,
1438,2019-12-09,0.0,4.37,-4.77,0.09652,0.15748,0.13716,0.08128,,,,,,
1439,2019-12-10,0.0,4.33,-7.16,0.09652,0.15748,0.1397,0.08128,,,,,,
1440,2019-12-11,0.0,3.87,-9.39,0.09652,0.15748,0.1422399999999999,0.08128,,,,,,
1441,2019-12-12,9.0,4.07,-1.68,0.09652,0.15748,0.14478,0.08128,,,,,,
1442,2019-12-13,10.43,4.62,-0.33,0.11938,0.1777999999999999,0.16256,0.09906,,,,,,
1443,2019-12-14,10.91,1.65,-6.23,0.127,0.18542,0.1676399999999999,0.1041399999999999,,,,,,
1444,2019-12-15,0.0,-1.82,-13.06,0.13716,0.2032,0.18288,0.1219199999999999,,,,,,
1445,2019-12-16,0.0,-2.76,-12.45,0.13716,0.2057399999999999,0.18542,0.1219199999999999,,,,,,
1446,2019-12-17,0.0,-4.26,-17.71,0.13716,0.2057399999999999,0.18542,0.1219199999999999,,,,,,
1447,2019-12-18,0.0,-0.19,-13.49,0.13716,0.2057399999999999,0.18796,0.12446,,,,,,
1448,2019-12-19,0.0,-0.48,-11.76,0.13716,0.2057399999999999,0.18796,0.127,,,,,,
1449,2019-12-20,0.0,0.94,-10.73,0.13716,0.2057399999999999,0.18796,0.127,,,,,,
1450,2019-12-21,0.0,2.91,-9.18,0.13716,0.2057399999999999,0.18796,0.127,,,,,,
1451,2019-12-22,0.0,5.92,-3.79,0.1422399999999999,0.2057399999999999,0.18796,0.127,,,,,,
1452,2019-12-23,0.0,7.4,-2.73,0.1422399999999999,0.2057399999999999,0.18796,0.127,,,,,,
1453,2019-12-24,4.1,6.89,0.47,0.1422399999999999,0.2057399999999999,0.18796,0.12954,,,,,,
1454,2019-12-25,6.08,4.82,-1.03,0.14478,0.21082,0.1905,0.13462,,,,,,
1455,2019-12-26,0.37,1.9,-7.47,0.14986,0.2158999999999999,0.19812,0.1397,,,,,,
1456,2019-12-27,0.0,-0.71,-12.68,0.14986,0.2158999999999999,0.19812,0.1397,,,,,,
1457,2019-12-28,0.0,-4.35,-16.48,0.14986,0.2158999999999999,0.19812,0.1397,,,,,,
1458,2019-12-29,0.55,-4.9,-18.24,0.14986,0.2158999999999999,0.19812,0.1397,,,,,,
1459,2019-12-30,0.43,-1.61,-9.9,0.14986,0.2158999999999999,0.19812,0.1422399999999999,,,,,,
1460,2019-12-31,0.0,-2.26,-13.99,0.14986,0.2158999999999999,0.20066,0.1473199999999999,,,,,,
1461,2020-01-01,4.86,3.16,-6.81,0.14986,0.22352,0.2057399999999999,0.14986,,,,,,
1462,2020-01-02,0.0,1.93,-6.65,0.1676399999999999,0.2311399999999999,0.21336,0.16256,,,,,,
1463,2020-01-03,0.0,5.7,-4.97,0.1676399999999999,0.2336799999999999,0.21336,0.16256,,,,,,
1464,2020-01-04,0.0,4.34,-9.49,0.1676399999999999,0.2336799999999999,0.21336,0.16256,,,,,,
1465,2020-01-05,0.51,4.67,-10.77,0.1676399999999999,0.2336799999999999,0.21336,0.16256,,,,,,
1466,2020-01-06,0.0,3.52,-7.43,0.1676399999999999,0.2336799999999999,0.21336,0.16256,,,,,,
1467,2020-01-07,0.0,5.63,-5.47,0.1676399999999999,0.23622,0.21844,0.1651,,,,,,
1468,2020-01-08,0.74,4.09,-5.4,0.1676399999999999,0.23622,0.21844,0.1651,,,,,,
1469,2020-01-09,1.21,1.56,-6.17,0.1727199999999999,0.2413,0.2209799999999999,0.1676399999999999,,,,,,
1470,2020-01-10,0.91,-0.78,-12.76,0.1727199999999999,0.2463799999999999,0.22606,0.17018,,,,,,
1471,2020-01-11,1.86,-1.89,-11.58,0.1727199999999999,0.24892,0.22606,0.17018,,,,,,
1472,2020-01-12,0.82,-1.3,-6.72,0.1905,0.25908,0.2336799999999999,0.1803399999999999,,,,,,
1473,2020-01-13,3.66,0.04,-7.73,0.19558,0.26162,0.23622,0.18542,,,,,,
1474,2020-01-14,3.37,3.91,-6.54,0.2032,0.27686,0.2463799999999999,0.19304,,,,,,
1475,2020-01-15,0.61,-2.68,-17.39,0.2032,0.2794,0.24892,0.19558,,,,,,
1476,2020-01-16,0.0,2.09,-13.98,0.2032,0.2819399999999999,0.25146,0.19812,,,,,,
1477,2020-01-17,5.08,5.37,-5.66,0.2057399999999999,0.2844799999999999,0.25146,0.20066,,,,,,
1478,2020-01-18,0.0,-1.27,-14.14,0.21336,0.2971799999999999,0.26162,0.21082,,,,,,
1479,2020-01-19,0.0,-0.34,-14.91,0.21336,0.29972,0.26416,0.21082,,,,,,
1480,2020-01-20,0.0,0.45,-11.52,0.21844,0.29972,0.2667,0.21082,,,,,,
1481,2020-01-21,0.0,3.71,-4.57,0.21844,0.30226,0.26924,0.21336,,,,,,
1482,2020-01-22,1.85,3.42,-2.22,0.2209799999999999,0.30734,0.2717799999999999,0.21844,,,,,,
1483,2020-01-23,0.0,5.13,-0.9,0.22606,0.31242,0.27432,0.2209799999999999,,,,,,
1484,2020-01-24,0.0,3.95,-5.9,0.22606,0.31242,0.27432,0.2209799999999999,,,,,,
1485,2020-01-25,0.0,5.91,-3.2,0.2286,0.3175,0.27432,0.22606,,,,,,
1486,2020-01-26,0.0,6.71,-2.47,0.2286,0.3175,0.27432,0.22606,,,,,,
1487,2020-01-27,3.68,5.84,-1.41,0.23622,0.32258,0.2794,0.2311399999999999,,,,,,
1488,2020-01-28,0.0,3.46,-5.2,0.24892,0.3302,0.2819399999999999,0.23876,,,,,,
1489,2020-01-29,1.15,3.78,-3.9,0.24892,0.3302,0.2819399999999999,0.23876,,,,,,
1490,2020-01-30,0.0,3.8,-5.03,0.24892,0.3302,0.2819399999999999,0.23876,,,,,,
1491,2020-01-31,0.0,2.89,-11.76,0.24892,0.3302,0.2819399999999999,0.23876,,,,,,
1492,2020-02-01,0.0,7.5,-5.05,0.25146,0.33274,0.2844799999999999,0.2413,,,,,,
1493,2020-02-02,0.0,9.15,-6.25,0.25146,0.33274,0.2844799999999999,0.2413,,,,,,
1494,2020-02-03,2.4,6.16,-8.66,0.25146,0.33274,0.2844799999999999,0.2413,,,,,,
1495,2020-02-04,0.0,-5.39,-20.36,0.25654,0.33782,0.28702,0.2463799999999999,,,,,,
1496,2020-02-05,0.0,-4.16,-16.59,0.25654,0.33782,0.28702,0.2463799999999999,,,,,,
1497,2020-02-06,3.41,3.55,-6.99,0.25908,0.3429,0.2946399999999999,0.2463799999999999,,,,,,
1498,2020-02-07,4.19,4.43,-0.32,0.2819399999999999,0.36576,0.30734,0.2667,,,,,,
1499,2020-02-08,0.0,9.87,-1.41,0.30226,0.37846,0.3175,0.2819399999999999,,,,,,
1500,2020-02-09,0.0,2.33,-9.58,0.30226,0.37846,0.3175,0.2819399999999999,,,,,,
1501,2020-02-10,0.0,0.37,-14.88,0.30226,0.37846,0.3175,0.2819399999999999,,,,,,
1502,2020-02-11,0.0,0.92,-15.61,0.30226,0.37846,0.3175,0.2819399999999999,,,,,,
1503,2020-02-12,0.0,4.15,-8.79,0.30226,0.381,0.32004,0.2819399999999999,,,,,,
1504,2020-02-13,0.0,4.32,-8.21,0.30226,0.381,0.32004,0.2844799999999999,,,,,,
1505,2020-02-14,0.0,10.14,-9.62,0.30226,0.381,0.32004,0.2844799999999999,,,,,,
1506,2020-02-15,0.0,7.97,-8.48,0.3047999999999999,0.381,0.32004,0.2844799999999999,,,,,,
1507,2020-02-16,2.71,3.55,-1.56,0.3047999999999999,0.381,0.32004,0.2844799999999999,,,,,,
1508,2020-02-17,2.52,3.57,-10.52,0.31242,0.40132,0.33274,0.30226,,,,,,
1509,2020-02-18,0.0,-0.47,-17.2,0.31242,0.40386,0.3352799999999999,0.30226,,,,,,
1510,2020-02-19,0.0,-1.4,-18.03,0.31242,0.40386,0.3352799999999999,0.30226,,,,,,
1511,2020-02-20,0.0,-1.67,-19.31,0.31242,0.40386,0.3352799999999999,0.30226,,,,,,
1512,2020-02-21,0.0,3.11,-15.31,0.3175,0.40386,0.33782,0.30226,,,,,,
1513,2020-02-22,0.0,5.92,-9.37,0.3175,0.40386,0.33782,0.30226,,,,,,
1514,2020-02-23,0.0,6.9,-8.83,0.3175,0.40386,0.33782,0.30226,,,,,,
1515,2020-02-24,0.0,7.73,-5.98,0.32004,0.40386,0.33782,0.30226,,,,,,
1516,2020-02-25,0.0,1.19,-14.2,0.32004,0.40386,0.33782,0.30226,,,,,,
1517,2020-02-26,0.0,4.37,-13.72,0.32004,0.40386,0.33782,0.30226,,,,,,
1518,2020-02-27,0.0,8.2,-10.25,0.32766,0.40386,0.33782,0.3047999999999999,,,,,,
1519,2020-02-28,0.0,10.0,-8.5,0.32766,0.40894,0.33782,0.3047999999999999,,,,,,
1520,2020-02-29,0.0,12.67,-4.77,0.32766,0.40894,0.33782,0.3047999999999999,,,,,,
1521,2020-03-01,3.59,10.22,-2.4,0.32766,0.40894,0.33782,0.3047999999999999,,,,,,
1522,2020-03-02,0.5,2.39,-13.17,0.33274,0.4165599999999999,0.3479799999999999,0.31242,,,,,,
1523,2020-03-03,0.0,4.18,-8.46,0.33274,0.4165599999999999,0.3479799999999999,0.31242,,,,,,
1524,2020-03-04,0.0,10.76,-8.07,0.33274,0.4191,0.3479799999999999,0.31242,,,,,,
1525,2020-03-05,0.0,13.81,-4.26,0.33274,0.4241799999999999,0.3479799999999999,0.31242,,,,,,
1526,2020-03-06,0.0,15.29,-1.81,0.33274,0.4241799999999999,0.3479799999999999,0.31242,,,,,,
1527,2020-03-07,0.0,13.85,-0.48,0.33274,0.42672,0.3479799999999999,0.3175,,,,,,
1528,2020-03-08,4.98,12.32,0.84,0.3352799999999999,0.42672,0.35306,0.3175,,,,,,
1529,2020-03-09,0.0,10.0,-1.97,0.35052,0.4419599999999999,0.36322,0.3352799999999999,,,,,,
1530,2020-03-10,0.0,11.67,-2.57,0.35052,0.4445,0.36322,0.33782,,,,,,
1531,2020-03-11,0.0,13.42,-3.82,0.35052,0.44704,0.36322,0.34036,,,,,,
1532,2020-03-12,0.0,12.82,-2.69,0.35052,0.44704,0.36576,0.34036,,,,,,
1533,2020-03-13,0.0,10.54,-5.24,0.3555999999999999,0.44704,0.36576,0.34036,,,,,,
1534,2020-03-14,0.0,10.5,-2.17,0.3581399999999999,0.44958,0.3682999999999999,0.3454399999999999,,,,,,
1535,2020-03-15,0.0,12.91,4.22,0.3581399999999999,0.44958,0.3682999999999999,0.3429,,,,,,
1536,2020-03-16,0.0,13.94,-1.02,0.3555999999999999,0.44958,0.3682999999999999,0.33782,,,,,,
1537,2020-03-17,0.0,14.38,-1.23,0.3555999999999999,0.44958,0.3682999999999999,0.33274,,,,,,
1538,2020-03-18,2.47,13.82,0.86,0.3555999999999999,0.44958,0.3682999999999999,0.32512,,,,,,
1539,2020-03-19,3.96,7.24,0.11,0.36576,0.4572,0.37084,0.3302,,,,,,
1540,2020-03-20,0.54,7.44,-1.1,0.36576,0.45974,0.37338,0.3302,,,,,,
1541,2020-03-21,0.0,8.72,-5.51,0.37338,0.4673599999999999,0.37846,0.3302,,,,,,
1542,2020-03-22,0.0,10.6,-3.23,0.37338,0.4699,0.381,0.33274,,,,,,
1543,2020-03-23,0.0,11.01,-4.14,0.37338,0.47244,0.381,0.33274,,,,,,
1544,2020-03-24,1.85,10.73,0.23,0.37338,0.47752,0.38608,0.3302,,,,,,
1545,2020-03-25,8.66,9.53,-0.43,0.381,0.48514,0.39116,0.33274,,,,,,
1546,2020-03-26,6.26,3.76,-3.45,0.39624,0.5003799999999999,0.40894,0.34036,,,,,,
1547,2020-03-27,0.0,3.84,-7.88,0.39624,0.51054,0.4191,0.3454399999999999,,,,,,
1548,2020-03-28,1.79,6.15,-3.56,0.39624,0.51054,0.4191,0.3454399999999999,,,,,,
1549,2020-03-29,0.0,7.91,-5.19,0.40894,0.51562,0.4191,0.3479799999999999,,,,,,
1550,2020-03-30,4.95,9.94,0.1,0.4114799999999999,0.52324,0.4241799999999999,0.35306,,,,,,
1551,2020-03-31,0.0,15.03,3.68,0.4165599999999999,0.52832,0.4292599999999999,0.35306,,,,,,
1552,2020-04-01,0.0,14.74,1.37,0.4165599999999999,0.52832,0.4292599999999999,0.35306,,,,,,
1553,2020-04-02,0.61,10.42,-5.28,0.4191,0.5308599999999999,0.43688,0.35306,,,,,,
1554,2020-04-03,0.0,8.02,-9.07,0.4191,0.5308599999999999,0.43688,0.35306,,,,,,
1555,2020-04-04,0.0,13.45,-7.67,0.4191,0.5334,0.43688,0.35306,,,,,,
1556,2020-04-05,0.0,15.27,3.47,0.40894,0.53594,0.43942,0.35052,,,,,,
1557,2020-04-06,0.0,15.82,5.57,0.40386,0.53594,0.43942,0.35052,,,,,,
1558,2020-04-07,0.0,16.41,1.81,0.40132,0.53594,0.43942,0.3429,,,,,,
1559,2020-04-08,0.0,18.98,-1.57,0.38608,0.53594,0.4317999999999999,0.32512,,,,,,
1560,2020-04-09,0.0,19.99,0.39,0.36576,0.52832,0.4241799999999999,0.30988,,,,,,
1561,2020-04-10,0.0,18.03,-0.13,0.35052,0.5206999999999999,0.4191,0.29972,,,,,,
1562,2020-04-11,0.0,16.3,-0.93,0.3352799999999999,0.51816,0.4114799999999999,0.2844799999999999,,,,,,
1563,2020-04-12,0.78,11.6,-1.05,0.32512,0.52324,0.40894,0.2794,,,,,,
1564,2020-04-13,0.0,6.42,-6.24,0.3175,0.52324,0.40894,0.2794,,,,,,
1565,2020-04-14,0.0,7.57,-9.97,0.3175,0.52324,0.40894,0.2844799999999999,,,,,,
1566,2020-04-15,2.75,7.52,0.24,0.30988,0.5334,0.40894,0.2844799999999999,,,,,,
1567,2020-04-16,9.1,6.17,-3.62,0.32766,0.5435599999999999,0.4292599999999999,0.2946399999999999,,,,,,
1568,2020-04-17,0.0,10.96,-6.1,0.33274,0.55372,0.43434,0.29972,,,,,,
1569,2020-04-18,0.0,14.03,-2.5,0.33274,0.55626,0.43688,0.29972,,,,,,
1570,2020-04-19,0.0,14.15,-2.49,0.33274,0.55626,0.43688,0.2971799999999999,,,,,,
1571,2020-04-20,0.0,16.97,-2.73,0.33274,0.55626,0.4317999999999999,0.2920999999999999,,,,,,
1572,2020-04-21,0.0,18.45,-1.15,0.31242,0.55372,0.42164,0.27686,,,,,,
1573,2020-04-22,0.0,17.93,0.02,0.2946399999999999,0.55118,0.40894,0.2717799999999999,,,,,,
1574,2020-04-23,2.11,15.8,4.45,0.2819399999999999,0.53848,0.38862,0.25146,,,,,,
1575,2020-04-24,0.0,14.65,-0.18,0.2717799999999999,0.54102,0.38608,0.2463799999999999,,,,,,
1576,2020-04-25,0.0,18.78,-1.22,0.25908,0.53594,0.37338,0.2286,,,,,,
1577,2020-04-26,0.0,21.15,3.68,0.2286,0.5206999999999999,0.3555999999999999,0.2082799999999999,,,,,,
1578,2020-04-27,0.0,23.3,2.57,0.2057399999999999,0.5003799999999999,0.33782,0.18288,,,,,,
1579,2020-04-28,0.0,21.28,4.53,0.17526,0.4800599999999999,0.31496,0.16256,,,,,,
1580,2020-04-29,0.0,26.52,1.77,0.1523999999999999,0.4622799999999999,0.2946399999999999,0.13462,,,,,,
1581,2020-04-30,0.0,26.34,7.45,0.127,0.43688,0.26924,0.1041399999999999,,,,,,
1582,2020-05-01,0.6,20.65,5.28,0.09906,0.4165599999999999,0.24892,0.06604,,,,,,
1583,2020-05-02,1.51,19.04,2.42,0.06858,0.39624,0.23622,0.0431799999999999,,,,,,
1584,2020-05-03,0.0,18.97,6.71,0.0508,0.381,0.2209799999999999,0.02032,,,,,,
1585,2020-05-04,0.0,17.93,3.22,0.0,0.3682999999999999,0.21082,0.0,,,,,,
1586,2020-05-05,0.96,19.03,-0.93,0.0,0.36322,0.19812,0.0,,,,,,
1587,2020-05-06,0.0,21.74,-1.16,0.0,0.3454399999999999,0.17526,0.0,,,,,,
1588,2020-05-07,0.0,19.91,-1.87,0.0,0.33782,0.1473199999999999,0.0,,,,,,
1589,2020-05-08,0.0,20.92,-2.98,0.0,0.31496,0.13208,0.0,,,,,,
1590,2020-05-09,0.0,20.8,-1.24,0.0,0.29972,0.10922,0.0,,,,,,
1591,2020-05-10,0.0,24.39,0.24,0.0,0.28702,0.0838199999999999,0.0,,,,,,
1592,2020-05-11,0.0,25.77,10.67,0.0,0.25654,0.0584199999999999,0.0,,,,,,
1593,2020-05-12,0.0,24.57,4.6,0.0,0.23622,0.0254,0.0,,,,,,
1594,2020-05-13,0.91,19.68,7.01,0.0,0.21082,0.01016,0.0,,,,,,
1595,2020-05-14,0.0,17.13,3.13,0.0,0.2032,0.0,0.0,,,,,,
1596,2020-05-15,0.0,17.21,6.5,0.0,0.18542,0.0,0.0,,,,,,
1597,2020-05-16,0.0,20.55,-0.14,0.0,0.1727199999999999,0.0,0.0,,,,,,
1598,2020-05-17,0.0,26.1,4.07,0.0,0.14986,0.0,0.0,,,,,,
1599,2020-05-18,0.0,27.54,9.41,0.0,0.1168399999999999,0.0,0.0,,,,,,
1600,2020-05-19,0.0,26.32,5.27,0.0,0.0761999999999999,0.0,0.0,,,,,,
1601,2020-05-20,0.0,20.22,1.84,0.0,0.0355599999999999,0.0,0.0,,,,,,
1602,2020-05-21,5.01,16.91,4.21,0.0,0.0177799999999999,0.0,0.0,,,,,,
1603,2020-05-22,0.0,19.72,3.96,0.0,0.0,0.0,0.0,,,,,,
1604,2020-05-23,7.66,17.16,1.04,0.0,0.0,0.0,0.0,,,,,,
1605,2020-05-24,0.0,14.55,-2.09,0.0,0.0,0.0,0.0,,,,,,
1606,2020-05-25,0.0,20.54,-0.61,0.0,0.0,0.0,0.0,,,,,,
1607,2020-05-26,0.0,24.57,2.86,0.0,0.0,0.0,0.0,,,,,,
1608,2020-05-27,0.0,25.35,10.97,0.0,0.0,0.0,0.0,,,,,,
1609,2020-05-28,0.0,28.82,6.03,0.0,0.0,0.0,0.0,,,,,,
1610,2020-05-29,0.0,30.71,7.94,0.0,0.0,0.0,0.0,,,,,,
1611,2020-05-30,0.0,31.29,13.02,0.0,0.0,0.0,0.0,,,,,,
1612,2020-05-31,0.0,29.82,11.25,0.0,0.0,0.0,0.0,,,,,,
1613,2020-06-01,5.1,30.11,10.5,0.0,0.0,0.0,0.0,,,,,,
1614,2020-06-02,0.0,29.31,6.4,0.0,0.0,0.0,0.0,,,,,,
1615,2020-06-03,0.0,28.62,8.38,0.0,0.0,0.0,0.0,,,,,,
1616,2020-06-04,0.0,28.96,8.04,0.0,0.0,0.0,0.0,,,,,,
1617,2020-06-05,0.0,32.62,8.25,0.0,0.0,0.0,0.0,,,,,,
1618,2020-06-06,7.36,27.82,11.09,0.0,0.0,0.0,0.0,,,,,,
1619,2020-06-07,17.47,16.14,3.87,0.0,0.0,0.0,0.0,,,,,,
1620,2020-06-08,3.77,13.65,2.52,0.0,0.0177799999999999,0.0127,0.0,,,,,,
1621,2020-06-09,0.0,16.52,-0.07,0.0,0.02286,0.01016,0.0,,,,,,
1622,2020-06-10,0.0,22.8,2.07,0.0,0.0,0.0,0.0,,,,,,
1623,2020-06-11,0.0,27.64,3.29,0.0,0.0,0.0,0.0,,,,,,
1624,2020-06-12,0.0,30.71,7.78,0.0,0.0,0.0,0.0,,,,,,
1625,2020-06-13,0.0,29.18,9.0,0.0,0.0,0.0,0.0,,,,,,
1626,2020-06-14,0.0,24.39,4.64,0.0,0.0,0.0,0.0,,,,,,
1627,2020-06-15,0.0,27.19,4.45,0.0,0.0,0.0,0.0,,,,,,
1628,2020-06-16,0.0,25.25,11.83,0.0,0.0,0.0,0.0,,,,,,
1629,2020-06-17,10.87,18.41,3.42,0.0,0.0,0.0,0.0,,,,,,
1630,2020-06-18,0.0,19.46,0.99,0.0,0.0,0.0,0.0,,,,,,
1631,2020-06-19,0.0,22.11,3.86,0.0,0.0,0.0,0.0,,,,,,
1632,2020-06-20,0.0,24.8,3.64,0.0,0.0,0.0,0.0,,,,,,
1633,2020-06-21,0.0,28.0,8.55,0.0,0.0,0.0,0.0,,,,,,
1634,2020-06-22,0.0,27.58,8.29,0.0,0.0,0.0,0.0,,,,,,
1635,2020-06-23,0.0,29.23,7.09,0.0,0.0,0.0,0.0,,,,,,
1636,2020-06-24,0.0,30.67,9.1,0.0,0.0,0.0,0.0,,,,,,
1637,2020-06-25,0.0,29.07,11.58,0.0,0.0,0.0,0.0,,,,,,
1638,2020-06-26,0.0,28.67,10.61,0.0,0.0,0.0,0.0,,,,,,
1639,2020-06-27,0.0,30.77,8.3,0.0,0.0,0.0,0.0,,,,,,
1640,2020-06-28,0.72,29.18,12.92,0.0,0.0,0.0,0.0,,,,,,
1641,2020-06-29,2.8,19.41,4.75,0.0,0.0,0.0,0.0,,,,,,
1642,2020-06-30,8.25,16.89,4.27,0.0,0.0,0.0,0.0,,,,,,
1643,2020-07-01,0.0,26.39,4.39,0.0,0.0,0.0,0.0,,,,,,
1644,2020-07-02,0.0,28.6,8.38,0.0,0.0,0.0,0.0,,,,,,
1645,2020-07-03,0.0,30.64,8.58,0.0,0.0,0.0,0.0,,,,,,
1646,2020-07-04,0.0,31.26,10.68,0.0,0.0,0.0,0.0,,,,,,
1647,2020-07-05,0.0,33.18,8.49,0.0,0.0,0.0,0.0,,,,,,
1648,2020-07-06,0.0,33.77,7.91,0.0,0.0,0.0,0.0,,,,,,
1649,2020-07-07,0.0,32.23,9.63,0.0,0.0,0.0,0.0,,,,,,
1650,2020-07-08,0.0,29.68,6.88,0.0,0.0,0.0,0.0,,,,,,
1651,2020-07-09,0.0,31.57,7.66,0.0,0.0,0.0,0.0,,,,,,
1652,2020-07-10,0.0,31.86,7.83,0.0,0.0,0.0,0.0,,,,,,
1653,2020-07-11,0.0,34.64,8.69,0.0,0.0,0.0,0.0,,,,,,
1654,2020-07-12,0.0,34.23,10.17,0.0,0.0,0.0,0.0,,,,,,
1655,2020-07-13,0.0,32.34,10.05,0.0,0.0,0.0,0.0,,,,,,
1656,2020-07-14,0.0,30.4,8.63,0.0,0.0,0.0,0.0,,,,,,
1657,2020-07-15,0.0,30.75,7.79,0.0,0.0,0.0,0.0,,,,,,
1658,2020-07-16,0.0,33.21,7.7,0.0,0.0,0.0,0.0,,,,,,
1659,2020-07-17,0.0,33.88,11.24,0.0,0.0,0.0,0.0,,,,,,
1660,2020-07-18,0.0,33.74,11.3,0.0,0.0,0.0,0.0,,,,,,
1661,2020-07-19,0.0,32.74,10.41,0.0,0.0,0.0,0.0,,,,,,
1662,2020-07-20,0.0,32.27,9.21,0.0,0.0,0.0,0.0,,,,,,
1663,2020-07-21,0.0,32.37,8.79,0.0,0.0,0.0,0.0,,,,,,
1664,2020-07-22,0.36,29.87,14.86,0.0,0.0,0.0,0.0,,,,,,
1665,2020-07-23,0.0,30.42,10.58,0.0,0.0,0.0,0.0,,,,,,
1666,2020-07-24,0.0,30.49,10.31,0.0,0.0,0.0,0.0,,,,,,
1667,2020-07-25,0.0,31.76,9.48,0.0,0.0,0.0,0.0,,,,,,
1668,2020-07-26,0.0,32.72,9.94,0.0,0.0,0.0,0.0,,,,,,
1669,2020-07-27,0.0,33.97,11.39,0.0,0.0,0.0,0.0,,,,,,
1670,2020-07-28,2.3,31.62,12.94,0.0,0.0,0.0,0.0,,,,,,
1671,2020-07-29,0.0,31.51,8.76,0.0,0.0,0.0,0.0,,,,,,
1672,2020-07-30,0.0,34.95,9.67,0.0,0.0,0.0,0.0,,,,,,
1673,2020-07-31,0.0,36.42,11.31,0.0,0.0,0.0,0.0,,,,,,
1674,2020-08-01,0.0,36.87,11.79,0.0,0.0,0.0,0.0,,,,,,
1675,2020-08-02,0.0,36.99,12.72,0.0,0.0,0.0,0.0,,,,,,
1676,2020-08-03,0.0,35.71,11.85,0.0,0.0,0.0,0.0,,,,,,
1677,2020-08-04,0.0,34.2,10.64,0.0,0.0,0.0,0.0,,,,,,
1678,2020-08-05,0.0,33.7,10.08,0.0,0.0,0.0,0.0,,,,,,
1679,2020-08-06,0.0,33.13,11.6,0.0,0.0,0.0,0.0,,,,,,
1680,2020-08-07,0.0,31.89,8.72,0.0,0.0,0.0,0.0,,,,,,
1681,2020-08-08,0.0,32.2,8.33,0.0,0.0,0.0,0.0,,,,,,
1682,2020-08-09,0.0,32.66,9.17,0.0,0.0,0.0,0.0,,,,,,
1683,2020-08-10,0.0,33.27,8.46,0.0,0.0,0.0,0.0,,,,,,
1684,2020-08-11,0.0,32.96,9.45,0.0,0.0,0.0,0.0,,,,,,
1685,2020-08-12,0.0,31.62,9.46,0.0,0.0,0.0,0.0,,,,,,
1686,2020-08-13,0.0,32.1,9.24,0.0,0.0,0.0,0.0,,,,,,
1687,2020-08-14,0.0,32.04,7.01,0.0,0.0,0.0,0.0,,,,,,
1688,2020-08-15,0.0,32.68,7.78,0.0,0.0,0.0,0.0,,,,,,
1689,2020-08-16,0.0,34.22,8.36,0.0,0.0,0.0,0.0,,,,,,
1690,2020-08-17,0.0,36.24,10.13,0.0,0.0,0.0,0.0,,,,,,
1691,2020-08-18,0.0,37.18,11.62,0.0,0.0,0.0,0.0,,,,,,
1692,2020-08-19,0.0,35.97,12.35,0.0,0.0,0.0,0.0,,,,,,
1693,2020-08-20,0.0,34.48,16.91,0.0,0.0,0.0,0.0,,,,,,
1694,2020-08-21,0.0,34.22,10.3,0.0,0.0,0.0,0.0,,,,,,
1695,2020-08-22,0.0,35.91,10.63,0.0,0.0,0.0,0.0,,,,,,
1696,2020-08-23,0.0,32.97,12.69,0.0,0.0,0.0,0.0,,,,,,
1697,2020-08-24,0.0,33.49,11.29,0.0,0.0,0.0,0.0,,,,,,
1698,2020-08-25,0.0,32.56,12.99,0.0,0.0,0.0,0.0,,,,,,
1699,2020-08-26,0.0,33.61,12.83,0.0,0.0,0.0,0.0,,,,,,
1700,2020-08-27,0.0,33.38,11.93,0.0,0.0,0.0,0.0,,,,,,
1701,2020-08-28,0.0,32.1,10.0,0.0,0.0,0.0,0.0,,,,,,
1702,2020-08-29,0.0,31.72,12.68,0.0,0.0,0.0,0.0,,,,,,
1703,2020-08-30,0.0,29.99,8.16,0.0,0.0,0.0,0.0,,,,,,
1704,2020-08-31,0.0,26.13,4.68,0.0,0.0,0.0,0.0,,,,,,
1705,2020-09-01,0.0,22.87,1.4,0.0,0.0,0.0,0.0,,,,,,
1706,2020-09-02,0.0,27.72,4.77,0.0,0.0,0.0,0.0,,,,,,
1707,2020-09-03,0.0,31.45,5.24,0.0,0.0,0.0,0.0,,,,,,
1708,2020-09-04,0.0,34.3,7.88,0.0,0.0,0.0,0.0,,,,,,
1709,2020-09-05,0.0,34.94,8.23,0.0,0.0,0.0,0.0,,,,,,
1710,2020-09-06,0.0,34.42,8.77,0.0,0.0,0.0,0.0,,,,,,
1711,2020-09-07,0.0,31.11,6.63,0.0,0.0,0.0,0.0,,,,,,
1712,2020-09-08,0.0,20.52,1.54,0.0,0.0,0.0,0.0,,,,,,
1713,2020-09-09,0.0,11.62,0.03,0.0,0.0,0.0,0.0,,,,,,
1714,2020-09-10,0.0,17.67,4.22,0.0,0.0,0.0,0.0,,,,,,
1715,2020-09-11,0.0,24.32,-0.25,0.0,0.0,0.0,0.0,,,,,,
1716,2020-09-12,0.0,28.69,2.6,0.0,0.0,0.0,0.0,,,,,,
1717,2020-09-13,0.0,29.75,3.58,0.0,0.0,0.0,0.0,,,,,,
1718,2020-09-14,0.0,29.83,5.16,0.0,0.0,0.0,0.0,,,,,,
1719,2020-09-15,0.0,30.21,4.78,0.0,0.0,0.0,0.0,,,,,,
1720,2020-09-16,0.0,30.23,5.48,0.0,0.0,0.0,0.0,,,,,,
1721,2020-09-17,0.0,30.2,5.19,0.0,0.0,0.0,0.0,,,,,,
1722,2020-09-18,0.0,30.01,6.16,0.0,0.0,0.0,0.0,,,,,,
1723,2020-09-19,0.0,24.67,3.98,0.0,0.0,0.0,0.0,,,,,,
1724,2020-09-20,0.0,27.43,4.33,0.0,0.0,0.0,0.0,,,,,,
1725,2020-09-21,0.0,27.62,6.0,0.0,0.0,0.0,0.0,,,,,,
1726,2020-09-22,0.0,28.1,6.61,0.0,0.0,0.0,0.0,,,,,,
1727,2020-09-23,0.0,28.73,6.32,0.0,0.0,0.0,0.0,,,,,,
1728,2020-09-24,0.0,28.34,5.75,0.0,0.0,0.0,0.0,,,,,,
1729,2020-09-25,0.0,27.22,6.25,0.0,0.0,0.0,0.0,,,,,,
1730,2020-09-26,0.0,23.47,5.02,0.0,0.0,0.0,0.0,,,,,,
1731,2020-09-27,0.0,21.49,1.49,0.0,0.0,0.0,0.0,,,,,,
1732,2020-09-28,0.0,23.68,-0.48,0.0,0.0,0.0,0.0,,,,,,
1733,2020-09-29,0.0,24.36,-0.12,0.0,0.0,0.0,0.0,,,,,,
1734,2020-09-30,0.0,26.85,0.66,0.0,0.0,0.0,0.0,,,,,,
1735,2020-10-01,0.0,27.48,1.56,0.0,0.0,0.0,0.0,,,,,,
1736,2020-10-02,0.0,26.03,2.77,0.0,0.0,0.0,0.0,,,,,,
1737,2020-10-03,0.0,25.71,2.65,0.0,0.0,0.0,0.0,,,,,,
1738,2020-10-04,0.0,25.56,2.59,0.0,0.0,0.0,0.0,,,,,,
1739,2020-10-05,0.0,25.8,1.51,0.0,0.0,0.0,0.0,,,,,,
1740,2020-10-06,0.0,25.94,0.98,0.0,0.0,0.0,0.0,,,,,,
1741,2020-10-07,0.0,27.01,0.01,0.0,0.0,0.0,0.0,,,,,,
1742,2020-10-08,0.0,27.31,2.58,0.0,0.0,0.0,0.0,,,,,,
1743,2020-10-09,0.0,26.6,5.4,0.0,0.0,0.0,0.0,,,,,,
1744,2020-10-10,0.0,26.26,2.86,0.0,0.0,0.0,0.0,,,,,,
1745,2020-10-11,6.16,21.0,2.08,0.0,0.0,0.0,0.0,,,,,,
1746,2020-10-12,0.0,19.12,-1.84,0.0,0.0,0.0,0.0,,,,,,
1747,2020-10-13,0.0,22.96,1.1,0.0,0.0,0.0,0.0,,,,,,
1748,2020-10-14,0.0,21.42,7.65,0.0,0.0,0.0,0.0,,,,,,
1749,2020-10-15,0.0,15.1,-1.58,0.0,0.0,0.0,0.0,,,,,,
1750,2020-10-16,0.0,17.86,-4.17,0.0,0.0,0.0,0.0,,,,,,
1751,2020-10-17,0.0,20.01,2.54,0.0,0.0,0.0,0.0,,,,,,
1752,2020-10-18,0.0,19.94,3.15,0.0,0.0,0.0,0.0,,,,,,
1753,2020-10-19,0.0,19.58,2.8,0.0,0.0,0.0,0.0,,,,,,
1754,2020-10-20,0.0,19.53,2.84,0.0,0.0,0.0,0.0,,,,,,
1755,2020-10-21,0.0,21.15,0.58,0.0,0.0,0.0,0.0,,,,,,
1756,2020-10-22,0.0,17.7,2.74,0.0,0.0,0.0,0.0,,,,,,
1757,2020-10-23,0.0,8.67,-8.43,0.0,0.0,0.0,0.0,,,,,,
1758,2020-10-24,0.0,17.01,-4.11,0.0,0.0,0.0,0.0,,,,,,
1759,2020-10-25,3.49,11.86,-8.95,0.0,0.0,0.0,0.0,,,,,,
1760,2020-10-26,0.0,-0.77,-17.5,0.0,0.00508,0.0,0.0,,,,,,
1761,2020-10-27,0.0,7.17,-11.15,0.0,0.01016,0.0,0.0,,,,,,
1762,2020-10-28,0.0,12.83,-6.64,0.0,0.00508,0.0,0.0,,,,,,
1763,2020-10-29,0.0,16.7,-3.88,0.0,0.0,0.0,0.0,,,,,,
1764,2020-10-30,0.0,18.35,-3.91,0.0,0.0,0.0,0.0,,,,,,
1765,2020-10-31,0.0,18.01,-1.55,0.0,0.0,0.0,0.0,,,,,,
1766,2020-11-01,0.0,19.3,-3.8,0.0,0.0,0.0,0.0,,,,,,
1767,2020-11-02,0.0,20.97,-1.97,0.0,0.0,0.0,0.0,,,,,,
1768,2020-11-03,0.0,23.27,0.21,0.0,0.0,0.0,0.0,,,,,,
1769,2020-11-04,0.0,21.71,0.49,0.0,0.0,0.0,0.0,,,,,,
1770,2020-11-05,0.0,20.99,-1.59,0.0,0.0,0.0,0.0,,,,,,
1771,2020-11-06,0.0,20.1,3.03,0.0,0.0,0.0,0.0,,,,,,
1772,2020-11-07,1.84,17.83,6.59,0.0,0.0,0.0,0.00254,,,,,,
1773,2020-11-08,10.78,8.69,-1.8,0.0076199999999999,0.00508,0.0,0.00508,,,,,,
1774,2020-11-09,2.54,1.09,-3.59,0.0127,0.01016,0.00254,0.0076199999999999,,,,,,
1775,2020-11-10,0.19,0.1,-4.46,0.0127,0.0177799999999999,0.00254,0.0076199999999999,,,,,,
1776,2020-11-11,2.94,0.96,-3.75,0.0127,0.0177799999999999,0.00508,0.0076199999999999,,,,,,
1777,2020-11-12,0.0,2.28,-11.12,0.02286,0.03302,0.0177799999999999,0.0127,,,,,,
1778,2020-11-13,0.0,7.97,-10.95,0.02794,0.0380999999999999,0.0304799999999999,0.0127,,,,,,
1779,2020-11-14,14.1,4.74,-3.08,0.0431799999999999,0.0609599999999999,0.05334,0.03302,,,,,,
1780,2020-11-15,0.0,8.76,-4.5,0.0508,0.0711199999999999,0.0635,0.0380999999999999,,,,,,
1781,2020-11-16,0.0,13.73,-2.04,0.0508,0.0761999999999999,0.06604,0.0380999999999999,,,,,,
1782,2020-11-17,0.0,16.88,-1.16,0.0508,0.0761999999999999,0.06604,0.0380999999999999,,,,,,
1783,2020-11-18,0.0,15.76,3.93,0.0584199999999999,0.0761999999999999,0.06604,0.0380999999999999,,,,,,
1784,2020-11-19,0.0,12.5,1.87,0.0584199999999999,0.0761999999999999,0.0635,0.0380999999999999,,,,,,
1785,2020-11-20,0.0,7.07,-6.64,0.0584199999999999,0.0761999999999999,0.0635,0.0380999999999999,,,,,,
1786,2020-11-21,0.0,7.1,-8.54,0.0584199999999999,0.0761999999999999,0.0635,0.0380999999999999,,,,,,
1787,2020-11-22,0.0,5.72,-9.51,0.0584199999999999,0.0761999999999999,0.0635,0.0380999999999999,,,,,,
1788,2020-11-23,0.6,4.43,-7.22,0.0584199999999999,0.0761999999999999,0.0635,0.0380999999999999,,,,,,
1789,2020-11-24,0.47,3.82,-7.85,0.0584199999999999,0.0761999999999999,0.0635,0.0380999999999999,,,,,,
1790,2020-11-25,0.0,7.53,-10.19,0.0584199999999999,0.0761999999999999,0.0635,0.0380999999999999,,,,,,
1791,2020-11-26,0.0,6.04,-7.36,0.0584199999999999,0.07874,0.0635,0.0380999999999999,,,,,,
1792,2020-11-27,0.0,2.79,-12.31,0.0584199999999999,0.07874,0.0635,0.0380999999999999,,,,,,
1793,2020-11-28,0.0,4.9,-10.49,0.0584199999999999,0.07874,0.06604,0.0380999999999999,,,,,,
1794,2020-11-29,0.0,5.97,-9.79,0.0584199999999999,0.07874,0.06604,0.0380999999999999,,,,,,
1795,2020-11-30,0.0,7.24,-11.09,0.0584199999999999,0.07874,0.06604,0.0380999999999999,,,,,,
1796,2020-12-01,0.0,6.06,-8.69,0.0584199999999999,0.07874,0.06604,0.0380999999999999,,,,,,
1797,2020-12-02,0.0,2.69,-12.39,0.0584199999999999,0.07874,0.06604,0.0380999999999999,,,,,,
1798,2020-12-03,0.0,2.12,-14.17,0.0584199999999999,0.07874,0.06604,0.0380999999999999,,,,,,
1799,2020-12-04,0.0,5.14,-11.12,0.0584199999999999,0.08128,0.06604,0.0380999999999999,,,,,,
1800,2020-12-05,0.0,7.01,-9.54,0.0584199999999999,0.08128,0.06858,0.0380999999999999,,,,,,
1801,2020-12-06,0.0,7.13,-9.39,0.0584199999999999,0.08128,0.06858,0.0380999999999999,,,,,,
1802,2020-12-07,0.0,7.24,-9.43,0.0584199999999999,0.08128,0.06858,0.0380999999999999,,,,,,
1803,2020-12-08,0.0,6.81,-10.58,0.0584199999999999,0.08128,0.06858,0.0380999999999999,,,,,,
1804,2020-12-09,0.0,6.55,-10.75,0.0584199999999999,0.08128,0.06858,0.0380999999999999,,,,,,
1805,2020-12-10,0.0,4.78,-9.09,0.0584199999999999,0.08128,0.06858,0.0380999999999999,,,,,,
1806,2020-12-11,0.0,2.36,-11.21,0.0584199999999999,0.08128,0.06858,0.0380999999999999,,,,,,
1807,2020-12-12,2.16,-1.36,-11.12,0.0584199999999999,0.08128,0.06858,0.0380999999999999,,,,,,
1808,2020-12-13,0.0,-2.44,-18.13,0.06604,0.0838199999999999,0.0711199999999999,0.04064,,,,,,
1809,2020-12-14,0.12,-0.26,-7.58,0.0736599999999999,0.09398,0.07874,0.0431799999999999,,,,,,
1810,2020-12-15,0.0,-1.04,-11.67,0.0761999999999999,0.1016,0.0838199999999999,0.04572,,,,,,
1811,2020-12-16,0.0,3.49,-5.24,0.0761999999999999,0.1041399999999999,0.0863599999999999,0.04572,,,,,,
1812,2020-12-17,0.0,3.77,-7.52,0.08128,0.1041399999999999,0.0863599999999999,0.04572,,,,,,
1813,2020-12-18,0.45,2.28,-5.38,0.0838199999999999,0.11176,0.09144,0.04826,,,,,,
1814,2020-12-19,0.0,3.78,-11.07,0.0838199999999999,0.11176,0.09144,0.04826,,,,,,
1815,2020-12-20,0.0,5.74,-9.22,0.0838199999999999,0.11176,0.09144,0.04826,,,,,,
1816,2020-12-21,0.0,11.05,-1.16,0.0838199999999999,0.1168399999999999,0.09398,0.0508,,,,,,
1817,2020-12-22,0.98,9.0,-5.39,0.0838199999999999,0.1168399999999999,0.09398,0.05334,,,,,,
1818,2020-12-23,1.3,-1.27,-14.74,0.0838199999999999,0.1219199999999999,0.09652,0.05334,,,,,,
1819,2020-12-24,0.0,-0.89,-16.28,0.0838199999999999,0.1219199999999999,0.09652,0.05334,,,,,,
1820,2020-12-25,0.0,3.14,-10.9,0.0838199999999999,0.12446,0.09906,0.05334,,,,,,
1821,2020-12-26,0.0,3.04,-8.02,0.0838199999999999,0.127,0.09906,0.05588,,,,,,
1822,2020-12-27,0.66,4.07,-7.11,0.0888999999999999,0.12954,0.1016,0.0584199999999999,,,,,,
1823,2020-12-28,0.77,-0.2,-12.09,0.0888999999999999,0.12954,0.1016,0.0584199999999999,,,,,,
1824,2020-12-29,0.0,-1.8,-16.53,0.0888999999999999,0.13462,0.10668,0.0584199999999999,,,,,,
1825,2020-12-30,0.0,-2.49,-16.17,0.0888999999999999,0.13462,0.10668,0.0584199999999999,,,,,,
1826,2020-12-31,,,,0.09144,0.13716,0.10922,0.0584199999999999,,,,,,
1827,2021-01-01,0.0,-0.33,-12.82,0.09144,0.1422399999999999,0.10922,0.0609599999999999,,,,,,
1828,2021-01-02,0.0,1.34,-12.1,0.09144,0.1422399999999999,0.10922,0.0609599999999999,,,,,,
1829,2021-01-03,0.65,0.17,-10.42,0.09144,0.1422399999999999,0.1143,0.0609599999999999,,,,,,
1830,2021-01-04,0.0,3.21,-10.0,0.09144,0.1422399999999999,0.1143,0.0609599999999999,,,,,,
1831,2021-01-05,1.04,5.52,-2.1,0.09652,0.1473199999999999,0.11938,0.0609599999999999,,,,,,
1832,2021-01-06,0.0,3.36,-14.29,0.1041399999999999,0.15494,0.11938,0.0635,,,,,,
1833,2021-01-07,0.0,4.39,-11.7,0.1041399999999999,0.16256,0.11938,0.0635,,,,,,
1834,2021-01-08,0.0,3.61,-12.55,0.1041399999999999,0.16256,0.11938,0.0635,,,,,,
1835,2021-01-09,0.0,2.26,-12.01,0.1041399999999999,0.16256,0.11938,0.0635,,,,,,
1836,2021-01-10,0.0,1.5,-14.65,0.1041399999999999,0.16256,0.11938,0.0635,,,,,,
1837,2021-01-11,0.0,-0.24,-15.27,0.1041399999999999,0.16256,0.11938,0.0635,,,,,,
1838,2021-01-12,0.0,3.74,-11.8,0.1041399999999999,0.16256,0.12954,0.0635,,,,,,
1839,2021-01-13,0.0,11.91,-6.55,0.1041399999999999,0.16256,0.12954,0.06604,,,,,,
1840,2021-01-14,0.86,8.97,-7.75,0.1041399999999999,0.16256,0.12954,0.06604,,,,,,
1841,2021-01-15,0.0,5.39,-11.12,0.1041399999999999,0.16256,0.12954,0.06604,,,,,,
1842,2021-01-16,0.0,6.69,-3.08,0.1041399999999999,0.16256,0.13208,0.06604,,,,,,
1843,2021-01-17,0.0,7.7,-6.7,0.1041399999999999,0.16256,0.13208,0.06604,,,,,,
1844,2021-01-18,0.0,4.37,-5.25,0.1041399999999999,0.16256,0.13208,0.06604,,,,,,
1845,2021-01-19,0.0,3.73,-12.05,0.1041399999999999,0.16256,0.13208,0.06604,,,,,,
1846,2021-01-20,0.0,6.54,-12.08,0.1041399999999999,0.16256,0.13208,0.06604,,,,,,
1847,2021-01-21,0.0,7.33,-8.37,0.1041399999999999,0.16256,0.13208,0.06604,,,,,,
1848,2021-01-22,2.33,7.08,-6.59,0.1041399999999999,0.16256,0.13208,0.06604,,,,,,
1849,2021-01-23,5.25,2.97,-5.78,0.11176,0.17018,0.13462,0.0736599999999999,,,,,,
1850,2021-01-24,0.55,1.34,-5.34,0.1219199999999999,0.1777999999999999,0.13716,0.07874,,,,,,
1851,2021-01-25,0.74,0.46,-9.84,0.1219199999999999,0.1777999999999999,0.13716,0.07874,,,,,,
1852,2021-01-26,0.0,-0.94,-11.9,0.1219199999999999,0.1777999999999999,0.13716,0.07874,,,,,,
1853,2021-01-27,0.0,-0.79,-11.37,0.1219199999999999,0.1777999999999999,0.13716,0.07874,,,,,,
1854,2021-01-28,0.0,4.16,-5.56,0.1219199999999999,0.1803399999999999,0.1397,0.07874,,,,,,
1855,2021-01-29,0.0,6.57,-0.57,0.1219199999999999,0.18796,0.1422399999999999,0.0863599999999999,,,,,,
1856,2021-01-30,4.77,5.12,-3.79,0.13462,0.19558,0.1473199999999999,0.09398,,,,,,
1857,2021-01-31,0.0,3.72,-14.46,0.13462,0.19558,0.1473199999999999,0.09398,,,,,,
1858,2021-02-01,0.0,3.66,-10.61,0.13462,0.19558,0.1473199999999999,0.09398,,,,,,
1859,2021-02-02,0.0,6.25,-7.64,0.13462,0.19558,0.14986,0.09652,,,,,,
1860,2021-02-03,6.31,8.32,-1.93,0.13462,0.20066,0.14986,0.09652,,,,,,
1861,2021-02-04,0.0,0.17,-10.09,0.1422399999999999,0.2057399999999999,0.16002,0.09906,,,,,,
1862,2021-02-05,2.04,0.01,-8.81,0.1422399999999999,0.2082799999999999,0.16256,0.1016,,,,,,
1863,2021-02-06,0.0,6.12,-4.83,0.1523999999999999,0.2158999999999999,0.17018,0.10922,,,,,,
1864,2021-02-07,0.0,8.02,0.09,0.1523999999999999,0.2158999999999999,0.17018,0.10922,,,,,,
1865,2021-02-08,0.0,8.94,-3.83,0.14986,0.2158999999999999,0.17018,0.10922,,,,,,
1866,2021-02-09,0.0,8.02,-2.63,0.14478,0.2158999999999999,0.17018,0.10922,,,,,,
1867,2021-02-10,0.0,7.33,-2.26,0.14478,0.2158999999999999,0.17018,0.10922,,,,,,
1868,2021-02-11,0.0,7.19,-1.42,0.14478,0.2158999999999999,0.17018,0.10922,,,,,,
1869,2021-02-12,2.45,6.53,0.91,0.14478,0.21844,0.1727199999999999,0.11176,,,,,,
1870,2021-02-13,1.14,3.88,-1.37,0.1523999999999999,0.22606,0.17526,0.1143,,,,,,
1871,2021-02-14,1.68,1.54,-13.96,0.1651,0.2438399999999999,0.18796,0.127,,,,,,
1872,2021-02-15,0.0,0.92,-7.29,0.1651,0.2438399999999999,0.18796,0.127,,,,,,
1873,2021-02-16,12.6,2.94,-4.02,0.17526,0.26924,0.21082,0.1422399999999999,,,,,,
1874,2021-02-17,0.26,3.3,-8.18,0.19558,0.27432,0.2158999999999999,0.14986,,,,,,
1875,2021-02-18,0.0,-0.79,-17.22,0.19558,0.2794,0.2158999999999999,0.14986,,,,,,
1876,2021-02-19,0.0,3.79,-8.93,0.19558,0.2794,0.2158999999999999,0.14986,,,,,,
1877,2021-02-20,4.34,3.56,-4.25,0.19558,0.2844799999999999,0.2209799999999999,0.15494,,,,,,
1878,2021-02-21,0.0,2.42,-7.99,0.19812,0.28956,0.22352,0.15748,,,,,,
1879,2021-02-22,0.0,5.38,-6.68,0.19812,0.28956,0.22352,0.15748,,,,,,
1880,2021-02-23,0.0,5.91,-5.18,0.19812,0.28956,0.22352,0.15748,,,,,,
1881,2021-02-24,0.52,3.89,-16.38,0.19558,0.28956,0.22352,0.15748,,,,,,
1882,2021-02-25,0.0,-0.3,-18.01,0.19558,0.28956,0.22606,0.15748,,,,,,
1883,2021-02-26,0.0,1.98,-9.62,0.19558,0.28956,0.2286,0.15748,,,,,,
1884,2021-02-27,2.8,0.8,-10.88,0.19812,0.29972,0.23876,0.1651,,,,,,
1885,2021-02-28,0.0,-0.09,-15.78,0.19812,0.3047999999999999,0.23876,0.1651,,,,,,
1886,2021-03-01,0.0,3.56,-16.17,0.19812,0.3047999999999999,0.23876,0.1651,,,,,,
1887,2021-03-02,0.0,9.55,-11.3,0.19812,0.30734,0.2413,0.17018,,,,,,
1888,2021-03-03,0.0,11.76,-8.64,0.2032,0.30734,0.2413,0.17526,,,,,,
1889,2021-03-04,0.0,11.75,-3.55,0.2032,0.30734,0.2413,0.17526,,,,,,
1890,2021-03-05,0.0,11.75,-7.19,0.2032,0.30734,0.2413,0.17526,,,,,,
1891,2021-03-06,0.0,15.57,-3.67,0.2032,0.30734,0.2413,0.17526,,,,,,
1892,2021-03-07,0.0,14.88,-4.41,0.2032,0.30734,0.2413,0.17526,,,,,,
1893,2021-03-08,0.0,16.57,-0.4,0.2032,0.30734,0.2413,0.17526,,,,,,
1894,2021-03-09,0.39,13.11,-0.87,0.2032,0.31242,0.2438399999999999,0.17526,,,,,,
1895,2021-03-10,1.99,5.23,-5.99,0.2032,0.31242,0.25146,0.1777999999999999,,,,,,
1896,2021-03-11,1.23,3.97,-3.45,0.2057399999999999,0.31496,0.254,0.1803399999999999,,,,,,
1897,2021-03-12,0.0,5.97,-8.59,0.21336,0.32004,0.25908,0.18796,,,,,,
1898,2021-03-13,0.0,5.88,-1.01,0.21336,0.3302,0.26162,0.19558,,,,,,
1899,2021-03-14,0.43,11.71,-1.01,0.2209799999999999,0.34036,0.26924,0.2032,,,,,,
1900,2021-03-15,0.0,13.15,-3.11,0.2209799999999999,0.35306,0.2844799999999999,0.2032,,,,,,
1901,2021-03-16,1.08,12.6,0.75,0.2209799999999999,0.36576,0.28702,0.2082799999999999,,,,,,
1902,2021-03-17,0.0,11.05,-4.47,0.2209799999999999,0.36576,0.28956,0.2082799999999999,,,,,,
1903,2021-03-18,0.0,14.12,-2.58,0.2209799999999999,0.36576,0.28956,0.2082799999999999,,,,,,
1904,2021-03-19,0.0,18.13,-1.19,0.2209799999999999,0.3682999999999999,0.28956,0.2082799999999999,,,,,,
1905,2021-03-20,10.57,15.85,0.85,0.2209799999999999,0.37338,0.28956,0.21082,,,,,,
1906,2021-03-21,6.41,4.16,-7.44,0.2286,0.3937,0.32004,0.2209799999999999,,,,,,
1907,2021-03-22,0.0,3.98,-8.91,0.2336799999999999,0.3987799999999999,0.32258,0.2209799999999999,,,,,,
1908,2021-03-23,1.04,5.53,-4.22,0.2336799999999999,0.40132,0.32512,0.2209799999999999,,,,,,
1909,2021-03-24,0.0,6.87,-6.26,0.2336799999999999,0.40132,0.32512,0.2209799999999999,,,,,,
1910,2021-03-25,1.99,7.06,-2.12,0.2336799999999999,0.40132,0.32512,0.2209799999999999,,,,,,
1911,2021-03-26,0.0,9.03,-4.9,0.23622,0.4064,0.32766,0.2209799999999999,,,,,,
1912,2021-03-27,0.0,14.6,-5.09,0.23622,0.40894,0.3302,0.22352,,,,,,
1913,2021-03-28,0.0,16.7,-2.12,0.23622,0.40894,0.3302,0.22352,,,,,,
1914,2021-03-29,0.0,9.31,-5.82,0.23622,0.40894,0.3302,0.22352,,,,,,
1915,2021-03-30,0.0,4.2,-9.72,0.23622,0.40894,0.3302,0.22352,,,,,,
1916,2021-03-31,0.0,10.9,-10.0,0.2286,0.40894,0.3302,0.22352,,,,,,
1917,2021-04-01,0.0,19.26,-6.74,0.2209799999999999,0.40894,0.3302,0.22352,,,,,,
1918,2021-04-02,0.0,21.64,-3.48,0.21844,0.40386,0.3302,0.2209799999999999,,,,,,
1919,2021-04-03,0.0,24.02,-1.17,0.2057399999999999,0.40132,0.32766,0.2158999999999999,,,,,,
1920,2021-04-04,0.0,23.98,2.33,0.1905,0.39116,0.3175,0.2057399999999999,,,,,,
1921,2021-04-05,0.0,22.55,-0.57,0.17526,0.381,0.30734,0.18796,,,,,,
1922,2021-04-06,5.78,13.5,-2.62,0.1651,0.37084,0.30734,0.18288,,,,,,
1923,2021-04-07,0.0,14.55,-5.65,0.17526,0.37846,0.32004,0.18542,,,,,,
1924,2021-04-08,0.0,15.1,-3.01,0.1727199999999999,0.381,0.32512,0.18542,,,,,,
1925,2021-04-09,0.0,14.3,-5.0,0.1651,0.38608,0.32512,0.1803399999999999,,,,,,
1926,2021-04-10,0.0,17.04,-4.81,0.16002,0.38608,0.32512,0.17018,,,,,,
1927,2021-04-11,0.0,15.39,-1.76,0.14478,0.381,0.32512,0.16002,,,,,,
1928,2021-04-12,0.0,11.87,-7.53,0.1422399999999999,0.37846,0.32512,0.15494,,,,,,
1929,2021-04-13,0.0,11.62,-2.66,0.12954,0.37846,0.32258,0.14986,,,,,,
1930,2021-04-14,12.65,6.3,-3.08,0.1219199999999999,0.36322,0.3175,0.14478,,,,,,
1931,2021-04-15,0.41,5.17,-2.52,0.12954,0.37592,0.3302,0.15494,,,,,,
1932,2021-04-16,0.62,7.44,-2.34,0.12954,0.38608,0.3429,0.15494,,,,,,
1933,2021-04-17,0.0,10.34,-3.46,0.13716,0.39116,0.3429,0.15494,,,,,,
1934,2021-04-18,0.0,15.2,-5.08,0.1422399999999999,0.39116,0.3429,0.15494,,,,,,
1935,2021-04-19,0.0,15.86,-2.59,0.12954,0.3937,0.34036,0.14986,,,,,,
1936,2021-04-20,0.0,11.65,-6.11,0.1219199999999999,0.38608,0.3352799999999999,0.1422399999999999,,,,,,
1937,2021-04-21,0.0,11.42,-1.81,0.1143,0.39116,0.34036,0.13716,,,,,,
1938,2021-04-22,0.0,14.68,-3.88,0.1143,0.39624,0.33782,0.13716,,,,,,
1939,2021-04-23,0.0,15.14,-2.21,0.1041399999999999,0.3937,0.3352799999999999,0.127,,,,,,
1940,2021-04-24,0.0,16.39,-1.68,0.0888999999999999,0.38608,0.32258,0.10668,,,,,,
1941,2021-04-25,0.0,17.33,1.94,0.0761999999999999,0.381,0.31496,0.09652,,,,,,
1942,2021-04-26,5.23,13.73,3.33,0.06604,0.37084,0.2946399999999999,0.0761999999999999,,,,,,
1943,2021-04-27,0.03,10.69,-0.65,0.06604,0.381,0.30226,0.0736599999999999,,,,,,
1944,2021-04-28,0.0,17.24,-0.09,0.06604,0.38862,0.30988,0.06858,,,,,,
1945,2021-04-29,0.0,22.14,-0.51,0.0431799999999999,0.39116,0.2946399999999999,0.04572,,,,,,
1946,2021-04-30,0.0,26.77,2.34,0.0,0.3606799999999999,0.2667,0.0127,,,,,,
1947,2021-05-01,0.0,26.38,6.09,0.0,0.33274,0.2336799999999999,0.0,,,,,,
1948,2021-05-02,0.0,21.97,3.45,0.0,0.30988,0.2032,0.0,,,,,,
1949,2021-05-03,0.0,15.8,5.48,0.0,0.2920999999999999,0.1905,0.0,,,,,,
1950,2021-05-04,0.0,17.97,0.75,0.0,0.2819399999999999,0.1777999999999999,0.0,,,,,,
1951,2021-05-05,0.0,20.46,1.71,0.0,0.26416,0.16002,0.0,,,,,,
1952,2021-05-06,0.0,27.53,0.06,0.0,0.25146,0.1397,0.0,,,,,,
1953,2021-05-07,4.17,27.08,5.56,0.0,0.2209799999999999,0.10668,0.0,,,,,,
1954,2021-05-08,0.0,18.57,3.45,0.0,0.1905,0.06858,0.0,,,,,,
1955,2021-05-09,0.0,13.24,-3.5,0.0,0.1777999999999999,0.0355599999999999,0.0,,,,,,
1956,2021-05-10,0.0,13.39,1.88,0.0,0.1676399999999999,0.0177799999999999,0.0,,,,,,
1957,2021-05-11,0.0,14.81,-1.48,0.0,0.16256,0.0127,0.0,,,,,,
1958,2021-05-12,0.0,20.69,-1.89,0.0,0.15748,0.0076199999999999,0.0,,,,,,
1959,2021-05-13,0.0,25.63,1.15,0.0,0.13208,0.00254,0.0,,,,,,
1960,2021-05-14,0.0,26.15,5.07,0.0,0.10922,0.0,0.0,,,,,,
1961,2021-05-15,0.0,25.81,10.38,0.0,0.07874,0.0,0.0,,,,,,
1962,2021-05-16,0.0,25.01,5.23,0.0,0.04826,0.0,0.0,,,,,,
1963,2021-05-17,0.0,22.07,4.45,0.0,0.0152399999999999,0.0,0.0,,,,,,
1964,2021-05-18,0.0,25.1,3.79,0.0,0.00508,0.0,0.0,,,,,,
1965,2021-05-19,0.0,26.13,3.98,0.0,0.0,0.0,0.0,,,,,,
1966,2021-05-20,0.0,25.55,11.6,0.0,0.0,0.0,0.0,,,,,,
1967,2021-05-21,1.54,22.05,4.62,0.0,0.0,0.0,0.0,,,,,,
1968,2021-05-22,2.2,19.71,-0.75,0.0,0.0,0.0,0.0,,,,,,
1969,2021-05-23,9.67,16.94,2.32,0.0,0.0,0.0,0.0,,,,,,
1970,2021-05-24,2.63,15.32,2.72,0.0,0.0,0.0,0.0,,,,,,
1971,2021-05-25,0.0,19.43,0.94,0.0,0.0,0.0,0.0,,,,,,
1972,2021-05-26,0.0,21.14,5.1,0.0,0.0,0.0,0.0,,,,,,
1973,2021-05-27,0.0,24.15,0.18,0.0,0.0,0.0,0.0,,,,,,
1974,2021-05-28,0.0,25.81,3.29,0.0,0.0,0.0,0.0,,,,,,
1975,2021-05-29,0.0,25.79,7.22,0.0,0.0,0.0,0.0,,,,,,
1976,2021-05-30,0.0,24.86,4.88,0.0,0.0,0.0,0.0,,,,,,
1977,2021-05-31,0.0,26.72,4.95,0.0,0.0,0.0,0.0,,,,,,
1978,2021-06-01,0.0,27.73,5.01,0.0,0.0,0.0,0.0,,,,,,
1979,2021-06-02,0.0,30.04,6.12,0.0,0.0,0.0,0.0,,,,,,
1980,2021-06-03,0.0,32.46,7.93,0.0,0.0,0.0,0.0,,,,,,
1981,2021-06-04,0.0,33.35,9.06,0.0,0.0,0.0,0.0,,,,,,
1982,2021-06-05,0.0,33.17,11.27,0.0,0.0,0.0,0.0,,,,,,
1983,2021-06-06,0.0,31.34,9.3,0.0,0.0,0.0,0.0,,,,,,
1984,2021-06-07,0.0,31.23,12.12,0.0,0.0,0.0,0.0,,,,,,
1985,2021-06-08,0.0,29.85,12.9,0.0,0.0,0.0,0.0,,,,,,
1986,2021-06-09,0.0,30.16,8.0,0.0,0.0,0.0,0.0,,,,,,
1987,2021-06-10,0.0,26.66,7.82,0.0,0.0,0.0,0.0,,,,,,
1988,2021-06-11,0.0,24.87,-0.28,0.0,0.0,0.0,0.0,,,,,,
1989,2021-06-12,0.0,30.41,3.96,0.0,0.0,0.0,0.0,,,,,,
1990,2021-06-13,0.0,34.95,6.63,0.0,0.0,0.0,0.0,,,,,,
1991,2021-06-14,0.0,36.09,8.23,0.0,0.0,0.0,0.0,,,,,,
1992,2021-06-15,0.0,36.17,10.3,0.0,0.0,0.0,0.0,,,,,,
1993,2021-06-16,0.0,35.67,13.38,0.0,0.0,0.0,0.0,,,,,,
1994,2021-06-17,0.0,34.44,11.3,0.0,0.0,0.0,0.0,,,,,,
1995,2021-06-18,0.0,34.8,12.06,0.0,0.0,0.0,0.0,,,,,,
1996,2021-06-19,0.0,34.34,18.02,0.0,0.0,0.0,0.0,,,,,,
1997,2021-06-20,0.0,32.31,11.28,0.0,0.0,0.0,0.0,,,,,,
1998,2021-06-21,0.0,32.02,9.66,0.0,0.0,0.0,0.0,,,,,,
1999,2021-06-22,0.0,34.04,9.51,0.0,0.0,0.0,0.0,,,,,,
2000,2021-06-23,0.0,33.16,10.91,0.0,0.0,0.0,0.0,,,,,,
2001,2021-06-24,4.66,28.17,14.49,0.0,0.0,0.0,0.0,,,,,,
2002,2021-06-25,2.77,24.16,10.8,0.0,0.0,0.0,0.0,,,,,,
2003,2021-06-26,0.0,26.51,7.57,0.0,0.0,0.0,0.0,,,,,,
2004,2021-06-27,0.0,29.18,9.3,0.0,0.0,0.0,0.0,,,,,,
2005,2021-06-28,0.0,29.1,10.76,0.0,0.0,0.0,0.0,,,,,,
2006,2021-06-29,0.0,30.25,10.21,0.0,0.0,0.0,0.0,,,,,,
2007,2021-06-30,0.0,29.49,12.24,0.0,0.0,0.0,0.0,,,,,,
2008,2021-07-01,0.0,30.37,9.93,0.0,0.0,0.0,0.0,,,,,,
2009,2021-07-02,0.0,31.2,13.2,0.0,0.0,0.0,0.0,,,,,,
2010,2021-07-03,0.0,33.8,10.66,0.0,0.0,0.0,0.0,,,,,,
2011,2021-07-04,0.0,35.47,11.53,0.0,0.0,0.0,0.0,,,,,,
2012,2021-07-05,0.0,34.03,15.03,0.0,0.0,0.0,0.0,,,,,,
2013,2021-07-06,0.0,34.14,11.33,0.0,0.0,0.0,0.0,,,,,,
2014,2021-07-07,0.0,36.22,11.63,0.0,0.0,0.0,0.0,,,,,,
2015,2021-07-08,0.0,36.14,14.39,0.0,0.0,0.0,0.0,,,,,,
2016,2021-07-09,0.0,35.88,12.35,0.0,0.0,0.0,0.0,,,,,,
2017,2021-07-10,0.0,34.95,8.67,0.0,0.0,0.0,0.0,,,,,,
2018,2021-07-11,0.0,34.82,10.27,0.0,0.0,0.0,0.0,,,,,,
2019,2021-07-12,0.0,36.11,10.62,0.0,0.0,0.0,0.0,,,,,,
2020,2021-07-13,0.0,35.89,14.69,0.0,0.0,0.0,0.0,,,,,,
2021,2021-07-14,0.0,34.5,15.41,0.0,0.0,0.0,0.0,,,,,,
2022,2021-07-15,0.0,35.06,11.76,0.0,0.0,0.0,0.0,,,,,,
2023,2021-07-16,0.0,34.99,12.02,0.0,0.0,0.0,0.0,,,,,,
2024,2021-07-17,0.0,34.13,13.45,0.0,0.0,0.0,0.0,,,,,,
2025,2021-07-18,0.0,36.51,12.1,0.0,0.0,0.0,0.0,,,,,,
2026,2021-07-19,0.0,35.54,13.51,0.0,0.0,0.0,0.0,,,,,,
2027,2021-07-20,2.45,32.45,16.43,0.0,0.0,0.0,0.0,,,,,,
2028,2021-07-21,0.81,34.13,15.6,0.0,0.0,0.0,0.0,,,,,,
2029,2021-07-22,2.48,34.48,17.5,0.0,0.0,0.0,0.0,,,,,,
2030,2021-07-23,0.0,33.75,12.83,0.0,0.0,0.0,0.0,,,,,,
2031,2021-07-24,2.3,33.67,10.5,0.0,0.0,0.0,0.0,,,,,,
2032,2021-07-25,0.0,33.92,10.55,0.0,0.0,0.0,0.0,,,,,,
2033,2021-07-26,0.0,34.79,10.21,0.0,0.0,0.0,0.0,,,,,,
2034,2021-07-27,0.0,31.48,17.89,0.0,0.0,0.0,0.0,,,,,,
2035,2021-07-28,0.0,31.94,16.72,0.0,0.0,0.0,0.0,,,,,,
2036,2021-07-29,0.0,31.77,15.53,0.0,0.0,0.0,0.0,,,,,,
2037,2021-07-30,11.21,30.43,16.1,0.0,0.0,0.0,0.0,,,,,,
2038,2021-07-31,9.87,29.48,14.46,0.0,0.0,0.0,0.0,,,,,,
2039,2021-08-01,3.91,27.41,14.6,0.0,0.0,0.0,0.0,,,,,,
2040,2021-08-02,6.18,24.34,14.67,0.0,0.0,0.0,0.0,,,,,,
2041,2021-08-03,0.0,28.81,11.52,0.0,0.0,0.0,0.0,,,,,,
2042,2021-08-04,0.0,31.93,10.4,0.0,0.0,0.0,0.0,,,,,,
2043,2021-08-05,0.0,34.7,10.26,0.0,0.0,0.0,0.0,,,,,,
2044,2021-08-06,0.0,31.49,16.86,0.0,0.0,0.0,0.0,,,,,,
2045,2021-08-07,0.0,27.53,7.82,0.0,0.0,0.0,0.0,,,,,,
2046,2021-08-08,0.0,32.05,8.0,0.0,0.0,0.0,0.0,,,,,,
2047,2021-08-09,0.0,30.61,10.65,0.0,0.0,0.0,0.0,,,,,,
2048,2021-08-10,0.0,29.96,7.33,0.0,0.0,0.0,0.0,,,,,,
2049,2021-08-11,0.0,30.88,6.4,0.0,0.0,0.0,0.0,,,,,,
2050,2021-08-12,0.0,34.19,8.86,0.0,0.0,0.0,0.0,,,,,,
2051,2021-08-13,0.0,35.63,11.24,0.0,0.0,0.0,0.0,,,,,,
2052,2021-08-14,0.0,35.5,11.53,0.0,0.0,0.0,0.0,,,,,,
2053,2021-08-15,0.0,33.99,12.36,0.0,0.0,0.0,0.0,,,,,,
2054,2021-08-16,0.0,34.19,9.56,0.0,0.0,0.0,0.0,,,,,,
2055,2021-08-17,0.0,33.64,12.36,0.0,0.0,0.0,0.0,,,,,,
2056,2021-08-18,28.33,26.91,12.25,0.0,0.0,0.0,0.0,,,,,,
2057,2021-08-19,11.66,15.02,8.83,0.0,0.0,0.0,0.0,,,,,,
2058,2021-08-20,0.0,22.52,8.15,0.0,0.0,0.0,0.0,,,,,,
2059,2021-08-21,14.16,25.87,7.49,0.0,0.0,0.0,0.0,,,,,,
2060,2021-08-22,0.0,26.31,9.23,0.0,0.0,0.0,0.0,,,,,,
2061,2021-08-23,0.0,28.65,9.29,0.0,0.0,0.0,0.0,,,,,,
2062,2021-08-24,0.0,28.86,8.37,0.0,0.0,0.0,0.0,,,,,,
2063,2021-08-25,0.0,29.8,7.83,0.0,0.0,0.0,0.0,,,,,,
2064,2021-08-26,0.0,29.62,9.84,0.0,0.0,0.0,0.0,,,,,,
2065,2021-08-27,0.0,28.68,6.34,0.0,0.0,0.0,0.0,,,,,,
2066,2021-08-28,0.0,27.0,6.02,0.0,0.0,0.0,0.0,,,,,,
2067,2021-08-29,0.0,29.61,4.95,0.0,0.0,0.0,0.0,,,,,,
2068,2021-08-30,0.0,30.16,7.29,0.0,0.0,0.0,0.0,,,,,,
2069,2021-08-31,0.0,30.77,9.19,0.0,0.0,0.0,0.0,,,,,,
2070,2021-09-01,0.0,28.42,12.99,0.0,0.0,0.0,0.0,,,,,,
2071,2021-09-02,0.0,27.9,8.24,0.0,0.0,0.0,0.0,,,,,,
2072,2021-09-03,1.48,27.55,8.89,0.0,0.0,0.0,0.0,,,,,,
2073,2021-09-04,0.0,27.59,3.21,0.0,0.0,0.0,0.0,,,,,,
2074,2021-09-05,0.0,29.61,4.67,0.0,0.0,0.0,0.0,,,,,,
2075,2021-09-06,0.0,30.9,5.61,0.0,0.0,0.0,0.0,,,,,,
2076,2021-09-07,0.0,31.29,5.53,0.0,0.0,0.0,0.0,,,,,,
2077,2021-09-08,0.0,32.5,5.07,0.0,0.0,0.0,0.0,,,,,,
2078,2021-09-09,0.0,34.24,6.45,0.0,0.0,0.0,0.0,,,,,,
2079,2021-09-10,0.0,32.85,9.03,0.0,0.0,0.0,0.0,,,,,,
2080,2021-09-11,5.63,27.17,9.91,0.0,0.0,0.0,0.0,,,,,,
2081,2021-09-12,0.0,28.41,9.95,0.0,0.0,0.0,0.0,,,,,,
2082,2021-09-13,0.0,27.98,11.83,0.0,0.0,0.0,0.0,,,,,,
2083,2021-09-14,0.0,27.62,5.29,0.0,0.0,0.0,0.0,,,,,,
2084,2021-09-15,0.0,28.3,5.49,0.0,0.0,0.0,0.0,,,,,,
2085,2021-09-16,0.0,28.13,5.79,0.0,0.0,0.0,0.0,,,,,,
2086,2021-09-17,0.0,27.85,6.2,0.0,0.0,0.0,0.0,,,,,,
2087,2021-09-18,3.12,23.01,6.27,0.0,0.0,0.0,0.0,,,,,,
2088,2021-09-19,0.0,28.07,5.69,0.0,0.0,0.0,0.0,,,,,,
2089,2021-09-20,0.0,16.8,-0.13,0.0,0.0,0.0,0.0,,,,,,
2090,2021-09-21,0.0,21.43,-0.13,0.0,0.0,0.0,0.0,,,,,,
2091,2021-09-22,0.0,25.79,1.15,0.0,0.0,0.0,0.0,,,,,,
2092,2021-09-23,0.0,24.68,3.7,0.0,0.0,0.0,0.0,,,,,,
2093,2021-09-24,0.0,25.62,3.68,0.0,0.0,0.0,0.0,,,,,,
2094,2021-09-25,0.0,27.22,3.74,0.0,0.0,0.0,0.0,,,,,,
2095,2021-09-26,0.0,28.66,4.82,0.0,0.0,0.0,0.0,,,,,,
2096,2021-09-27,0.0,28.73,5.02,0.0,0.0,0.0,0.0,,,,,,
2097,2021-09-28,0.0,26.15,4.72,0.0,0.0,0.0,0.0,,,,,,
2098,2021-09-29,0.0,15.91,2.52,0.0,0.0,0.0,0.0,,,,,,
2099,2021-09-30,0.0,19.0,-0.73,0.0,0.0,0.0,0.0,,,,,,
2100,2021-10-01,0.0,21.96,0.09,0.0,0.0,0.0,0.0,,,,,,
2101,2021-10-02,0.0,23.05,3.3,0.0,0.0,0.0,0.0,,,,,,
2102,2021-10-03,0.0,24.16,0.82,0.0,0.0,0.0,0.0,,,,,,
2103,2021-10-04,0.0,24.83,1.61,0.0,0.0,0.0,0.0,,,,,,
2104,2021-10-05,0.0,24.15,4.62,0.0,0.0,0.0,0.0,,,,,,
2105,2021-10-06,0.0,18.37,9.19,0.0,0.0,0.0,0.0,,,,,,
2106,2021-10-07,0.0,19.95,7.04,0.0,0.0,0.0,0.0,,,,,,
2107,2021-10-08,14.22,17.2,5.65,0.0,0.0,0.0,0.0,,,,,,
2108,2021-10-09,8.78,10.76,4.75,0.0,0.0,0.0,0.0,,,,,,
2109,2021-10-10,0.0,13.26,3.46,0.0,0.0,0.0,0.0,,,,,,
2110,2021-10-11,0.0,15.27,2.32,0.0,0.0,0.0,0.0,,,,,,
2111,2021-10-12,23.73,12.53,-0.19,0.00508,0.01016,0.0076199999999999,0.01016,,,,,,
2112,2021-10-13,0.0,6.33,-0.99,0.01016,0.0152399999999999,0.02032,0.01016,,,,,,
2113,2021-10-14,4.43,5.16,-0.97,0.01016,0.0152399999999999,0.02032,0.01016,,,,,,
2114,2021-10-15,0.0,10.56,-5.4,0.0076199999999999,0.0152399999999999,0.02032,0.01016,,,,,,
2115,2021-10-16,0.0,17.34,-3.77,0.00508,0.0152399999999999,0.02032,0.01016,,,,,,
2116,2021-10-17,0.0,20.18,-0.72,0.00508,0.0152399999999999,0.02032,0.01016,,,,,,
2117,2021-10-18,0.0,17.91,1.35,0.00254,0.0076199999999999,0.02032,0.00508,,,,,,
2118,2021-10-19,10.28,9.25,0.75,0.01016,0.01016,0.02286,0.0127,,,,,,
2119,2021-10-20,0.0,15.15,-1.61,0.0152399999999999,0.02032,0.0304799999999999,0.0177799999999999,,,,,,
2120,2021-10-21,0.0,19.65,0.37,0.0152399999999999,0.02032,0.0304799999999999,0.0177799999999999,,,,,,
2121,2021-10-22,0.0,19.13,-0.13,0.0152399999999999,0.02032,0.0304799999999999,0.0152399999999999,,,,,,
2122,2021-10-23,0.0,15.69,3.53,0.0127,0.02032,0.0304799999999999,0.01016,,,,,,
2123,2021-10-24,0.0,13.13,1.7,0.0127,0.02032,0.02794,0.00508,,,,,,
2124,2021-10-25,0.0,16.65,8.7,0.01016,0.02032,0.02794,0.0,,,,,,
2125,2021-10-26,12.41,11.83,0.85,0.0076199999999999,0.02794,0.0254,0.01016,,,,,,
2126,2021-10-27,0.0,9.87,1.68,0.0076199999999999,0.0355599999999999,0.03302,0.0127,,,,,,
2127,2021-10-28,0.0,14.29,2.6,0.00508,0.0355599999999999,0.03302,0.01016,,,,,,
2128,2021-10-29,0.0,17.93,-1.38,0.0,0.0304799999999999,0.0304799999999999,0.0,,,,,,
2129,2021-10-30,0.0,16.73,0.12,0.0,0.0304799999999999,0.02794,0.0,,,,,,
2130,2021-10-31,0.0,15.6,2.06,0.0,0.0304799999999999,0.02794,0.0,,,,,,
2131,2021-11-01,0.0,14.11,1.89,0.0,0.02794,0.02794,0.0,,,,,,
2132,2021-11-02,0.0,15.9,-0.79,0.0,0.02794,0.02286,0.0,,,,,,
2133,2021-11-03,0.0,13.57,-0.64,0.0,0.03302,0.02032,0.0,,,,,,
2134,2021-11-04,0.0,18.14,-0.87,0.0,0.0355599999999999,0.0177799999999999,0.0,,,,,,
2135,2021-11-05,0.0,17.85,0.47,0.0,0.0355599999999999,0.02032,0.0,,,,,,
2136,2021-11-06,0.0,17.37,2.64,0.0,0.03302,0.0177799999999999,0.0,,,,,,
2137,2021-11-07,0.0,15.11,3.76,0.0,0.03302,0.0177799999999999,0.0,,,,,,
2138,2021-11-08,0.0,11.56,0.13,0.0,0.03302,0.0127,0.0,,,,,,
2139,2021-11-09,4.16,9.24,-1.58,0.0,0.03302,0.0127,0.0,,,,,,
2140,2021-11-10,4.38,8.57,1.76,0.01016,0.04826,0.02286,0.0076199999999999,,,,,,
2141,2021-11-11,0.0,7.55,2.33,0.0076199999999999,0.04826,0.02286,0.00508,,,,,,
2142,2021-11-12,0.0,13.29,4.15,0.0076199999999999,0.04826,0.02286,0.00508,,,,,,
2143,2021-11-13,0.0,14.78,0.05,0.0,0.04826,0.0177799999999999,0.0,,,,,,
2144,2021-11-14,0.0,16.49,-0.0,0.0,0.04826,0.0177799999999999,0.0,,,,,,
2145,2021-11-15,0.0,17.23,-0.02,0.0,0.04826,0.0177799999999999,0.0,,,,,,
2146,2021-11-16,0.0,14.4,3.5,0.0,0.04826,0.0177799999999999,0.0,,,,,,
2147,2021-11-17,0.0,7.46,-7.35,0.0,0.04826,0.0152399999999999,0.0,,,,,,
2148,2021-11-18,0.0,7.74,-7.45,0.0,0.04826,0.0152399999999999,0.0,,,,,,
2149,2021-11-19,1.96,10.2,-0.04,0.0,0.04826,0.0177799999999999,0.0,,,,,,
2150,2021-11-20,0.0,8.01,0.37,0.0,0.04826,0.0177799999999999,0.0,,,,,,
2151,2021-11-21,0.0,7.41,-6.69,0.00508,0.05334,0.0177799999999999,0.01016,,,,,,
2152,2021-11-22,0.0,9.21,-6.48,0.00508,0.05334,0.02032,0.01016,,,,,,
2153,2021-11-23,0.0,13.01,-7.1,0.0076199999999999,0.05334,0.02032,0.01016,,,,,,
2154,2021-11-24,0.0,9.7,-7.15,0.0076199999999999,0.05334,0.02032,0.01016,,,,,,
2155,2021-11-25,0.0,8.03,-6.4,0.01016,0.05334,0.02032,0.01016,,,,,,
2156,2021-11-26,0.0,7.67,-6.28,0.01016,0.05334,0.02032,0.01016,,,,,,
2157,2021-11-27,0.0,8.63,-5.33,0.0127,0.05588,0.02032,0.01016,,,,,,
2158,2021-11-28,0.0,11.13,-3.92,0.0127,0.05588,0.02032,0.01016,,,,,,
2159,2021-11-29,0.0,13.04,-3.67,0.0127,0.05588,0.02032,0.01016,,,,,,
2160,2021-11-30,0.0,11.4,-3.92,0.0127,0.05588,0.02032,0.01016,,,,,,
2161,2021-12-01,0.0,11.16,-3.37,0.0127,0.05588,0.02032,0.01016,,,,,,
2162,2021-12-02,0.0,12.43,-2.76,0.0127,0.05588,0.02032,0.01016,,,,,,
2163,2021-12-03,0.0,12.17,-3.26,0.0152399999999999,0.05588,0.02032,0.01016,,,,,,
2164,2021-12-04,0.0,11.81,-4.55,0.0152399999999999,0.05588,0.02032,0.01016,,,,,,
2165,2021-12-05,0.0,11.04,-1.77,0.0152399999999999,0.05588,0.02032,0.01016,,,,,,
2166,2021-12-06,0.0,7.21,-5.59,0.0152399999999999,0.05588,0.02032,0.01016,,,,,,
2167,2021-12-07,0.0,9.74,-3.46,0.0152399999999999,0.05588,0.02032,0.01016,,,,,,
2168,2021-12-08,0.0,9.21,-6.03,0.0152399999999999,0.05588,0.02032,0.01016,,,,,,
2169,2021-12-09,11.38,6.01,-5.11,0.0152399999999999,0.0635,0.02794,0.0127,,,,,,
2170,2021-12-10,2.79,-0.6,-8.64,0.02794,0.0888999999999999,0.05334,0.03302,,,,,,
2171,2021-12-11,0.0,-2.45,-11.67,0.0304799999999999,0.1041399999999999,0.06858,0.03302,,,,,,
2172,2021-12-12,0.0,6.11,-6.78,0.0304799999999999,0.1041399999999999,0.0711199999999999,0.03302,,,,,,
2173,2021-12-13,0.0,7.1,-3.93,0.0304799999999999,0.1041399999999999,0.0736599999999999,0.0380999999999999,,,,,,
2174,2021-12-14,0.0,8.51,3.19,0.0304799999999999,0.1041399999999999,0.0736599999999999,0.0380999999999999,,,,,,
2175,2021-12-15,9.22,4.89,-8.48,0.0431799999999999,0.127,0.09144,0.0508,,,,,,
2176,2021-12-16,4.4,-0.22,-11.92,0.0431799999999999,0.127,0.09144,0.05588,,,,,,
2177,2021-12-17,1.24,-1.89,-13.86,0.0508,0.1397,0.1016,0.0609599999999999,,,,,,
2178,2021-12-18,0.0,-1.88,-14.11,0.0508,0.1397,0.1016,0.0609599999999999,,,,,,
2179,2021-12-19,0.0,0.31,-12.44,0.0508,0.1422399999999999,0.1016,0.0609599999999999,,,,,,
2180,2021-12-20,0.0,3.89,-8.61,0.0508,0.14478,0.1016,0.0609599999999999,,,,,,
2181,2021-12-21,0.0,2.31,-5.89,0.0508,0.14478,0.1016,0.0609599999999999,,,,,,
2182,2021-12-22,0.0,6.16,-5.45,0.0508,0.14478,0.1016,0.0609599999999999,,,,,,
2183,2021-12-23,0.0,7.25,-0.61,0.0508,0.14478,0.1016,0.0609599999999999,,,,,,
2184,2021-12-24,0.0,5.23,0.44,0.08128,0.17526,0.1219199999999999,0.0711199999999999,,,,,,
2185,2021-12-25,6.35,4.73,-0.44,0.09906,0.19304,0.127,0.08128,,,,,,
2186,2021-12-26,13.46,2.62,-6.77,0.1041399999999999,0.19558,0.13208,0.08128,,,,,,
2187,2021-12-27,3.61,-0.33,-7.85,0.12446,0.2209799999999999,0.1473199999999999,0.09398,,,,,,
2188,2021-12-28,0.0,-3.13,-10.48,0.1422399999999999,0.2336799999999999,0.16002,0.1016,,,,,,
2189,2021-12-29,6.15,-4.47,-12.81,0.14986,0.2438399999999999,0.16256,0.1041399999999999,,,,,,
2190,2021-12-30,0.0,1.31,-8.61,0.14986,0.24892,0.1676399999999999,0.1041399999999999,,,,,,
2191,2021-12-31,11.1,2.63,-8.11,0.17018,0.2794,0.19304,0.12446,,,,,,
2192,2022-01-01,0.0,-5.86,-22.99,0.18288,0.2844799999999999,0.19812,0.127,,,,,,
2193,2022-01-02,0.0,-6.05,-20.64,0.18288,0.2844799999999999,0.19812,0.127,,,,,,
2194,2022-01-03,0.0,4.58,-14.11,0.18288,0.28956,0.20066,0.13208,,,,,,
2195,2022-01-04,0.0,5.06,-9.82,0.18542,0.28956,0.2032,0.13462,,,,,,
2196,2022-01-05,27.09,4.2,-1.35,0.19304,0.28956,0.2032,0.1397,,,,,,
2197,2022-01-06,0.0,6.15,-1.77,0.2032,0.31242,0.23622,0.16002,,,,,,
2198,2022-01-07,0.0,10.9,-2.43,0.21082,0.31496,0.23876,0.1676399999999999,,,,,,
2199,2022-01-08,0.0,8.16,-5.36,0.21082,0.32004,0.2463799999999999,0.1727199999999999,,,,,,
2200,2022-01-09,0.0,6.42,-13.92,0.21082,0.32258,0.2463799999999999,0.1727199999999999,,,,,,
2201,2022-01-10,0.0,0.58,-9.73,0.21082,0.32258,0.2463799999999999,0.1727199999999999,,,,,,
2202,2022-01-11,0.0,0.15,-10.93,0.21082,0.32258,0.2463799999999999,0.1727199999999999,,,,,,
2203,2022-01-12,0.0,3.15,-8.88,0.21082,0.32258,0.2463799999999999,0.1727199999999999,,,,,,
2204,2022-01-13,0.0,2.65,-7.68,0.21082,0.32258,0.2463799999999999,0.1727199999999999,,,,,,
2205,2022-01-14,0.0,3.26,-8.92,0.21336,0.32258,0.2463799999999999,0.1727199999999999,,,,,,
2206,2022-01-15,0.0,1.87,-11.35,0.2158999999999999,0.32004,0.2463799999999999,0.1727199999999999,,,,,,
2207,2022-01-16,0.0,2.88,-9.68,0.2158999999999999,0.32004,0.2463799999999999,0.1727199999999999,,,,,,
2208,2022-01-17,0.0,4.31,-9.45,0.2158999999999999,0.32004,0.2463799999999999,0.1727199999999999,,,,,,
2209,2022-01-18,0.0,4.1,-10.06,0.2158999999999999,0.32004,0.2463799999999999,0.1727199999999999,,,,,,
2210,2022-01-19,0.0,1.98,-11.48,0.2158999999999999,0.32004,0.2463799999999999,0.1727199999999999,,,,,,
2211,2022-01-20,0.82,0.04,-12.19,0.2158999999999999,0.32004,0.2463799999999999,0.1727199999999999,,,,,,
2212,2022-01-21,0.0,3.09,-10.19,0.2158999999999999,0.32004,0.2463799999999999,0.1777999999999999,,,,,,
2213,2022-01-22,0.0,0.39,-11.17,0.2158999999999999,0.32004,0.2463799999999999,0.1777999999999999,,,,,,
2214,2022-01-23,0.0,2.26,-11.99,0.2158999999999999,0.32004,0.2463799999999999,0.1777999999999999,,,,,,
2215,2022-01-24,0.0,3.24,-11.4,0.2158999999999999,0.32004,0.2463799999999999,0.1777999999999999,,,,,,
2216,2022-01-25,0.0,1.96,-10.91,0.2158999999999999,0.32004,0.2463799999999999,0.1777999999999999,,,,,,
2217,2022-01-26,0.0,0.07,-14.74,0.2158999999999999,0.32258,0.2463799999999999,0.1777999999999999,,,,,,
2218,2022-01-27,0.0,0.77,-15.96,0.2158999999999999,0.32258,0.25146,0.1777999999999999,,,,,,
2219,2022-01-28,0.0,-0.8,-16.24,0.2158999999999999,0.32258,0.25146,0.1777999999999999,,,,,,
2220,2022-01-29,0.0,2.35,-13.73,0.2158999999999999,0.32258,0.25146,0.1777999999999999,,,,,,
2221,2022-01-30,0.0,4.46,-13.25,0.2158999999999999,0.32258,0.25146,0.1777999999999999,,,,,,
2222,2022-01-31,0.0,1.49,-15.75,0.2158999999999999,0.32258,0.25146,0.1777999999999999,,,,,,
2223,2022-02-01,0.0,-1.13,-15.26,0.2158999999999999,0.32258,0.25146,0.1777999999999999,,,,,,
2224,2022-02-02,0.0,-3.01,-16.81,0.2158999999999999,0.32258,0.25146,0.1777999999999999,,,,,,
2225,2022-02-03,0.0,-1.71,-17.01,0.2158999999999999,0.32258,0.25146,0.1777999999999999,,,,,,
2226,2022-02-04,0.0,1.76,-14.87,0.2158999999999999,0.32258,0.25146,0.1777999999999999,,,,,,
2227,2022-02-05,0.0,3.65,-11.5,0.2158999999999999,0.32258,0.25146,0.1777999999999999,,,,,,
2228,2022-02-06,0.0,3.79,-12.01,0.2158999999999999,0.32258,0.25146,0.1777999999999999,,,,,,
2229,2022-02-07,0.0,5.99,-11.09,0.2158999999999999,0.32258,0.25146,0.1777999999999999,,,,,,
2230,2022-02-08,0.0,6.08,-8.49,0.2158999999999999,0.32258,0.25146,0.1777999999999999,,,,,,
2231,2022-02-09,0.0,7.21,-6.69,0.2158999999999999,0.32258,0.25146,0.1777999999999999,,,,,,
2232,2022-02-10,0.0,9.05,-5.29,0.2158999999999999,0.32258,0.25146,0.1777999999999999,,,,,,
2233,2022-02-11,0.0,7.78,-7.38,0.2158999999999999,0.32258,0.25146,0.1777999999999999,,,,,,
2234,2022-02-12,0.0,8.22,-9.23,0.2158999999999999,0.32258,0.25146,0.1777999999999999,,,,,,
2235,2022-02-13,0.0,9.49,-7.2,0.2158999999999999,0.32258,0.25146,0.1777999999999999,,,,,,
2236,2022-02-14,0.0,10.48,-5.07,0.2158999999999999,0.32258,0.25146,0.1777999999999999,,,,,,
2237,2022-02-15,0.0,9.53,-3.77,0.2158999999999999,0.32258,0.254,0.1777999999999999,,,,,,
2238,2022-02-16,0.0,2.82,-3.61,0.2158999999999999,0.32258,0.25908,0.1777999999999999,,,,,,
2239,2022-02-17,0.0,4.66,-10.21,0.2158999999999999,0.33274,0.26416,0.1803399999999999,,,,,,
2240,2022-02-18,0.0,6.76,-8.73,0.2158999999999999,0.33274,0.26416,0.1803399999999999,,,,,,
2241,2022-02-19,0.0,9.6,-8.04,0.2158999999999999,0.33274,0.2667,0.1803399999999999,,,,,,
2242,2022-02-20,0.0,10.49,-5.42,0.2158999999999999,0.33274,0.2667,0.1803399999999999,,,,,,
2243,2022-02-21,0.0,3.21,-3.64,0.2158999999999999,0.33274,0.2667,0.18288,,,,,,
2244,2022-02-22,0.0,-5.56,-12.17,0.2158999999999999,0.33782,0.27432,0.18288,,,,,,
2245,2022-02-23,0.0,-9.72,-16.04,0.2158999999999999,0.34036,0.27432,0.18288,,,,,,
2246,2022-02-24,0.0,-5.12,-18.63,0.2158999999999999,0.34036,0.27432,0.18288,,,,,,
2247,2022-02-25,0.0,-3.85,-16.17,0.2158999999999999,0.35052,0.2844799999999999,0.18288,,,,,,
2248,2022-02-26,0.0,-0.51,-19.09,0.2158999999999999,0.35052,0.2844799999999999,0.18796,,,,,,
2249,2022-02-27,0.0,3.87,-14.74,0.2158999999999999,0.3555999999999999,0.2844799999999999,0.1905,,,,,,
2250,2022-02-28,0.0,9.63,-11.04,0.2158999999999999,0.3555999999999999,0.2844799999999999,0.1905,,,,,,
2251,2022-03-01,0.0,13.5,-6.41,0.2158999999999999,0.3555999999999999,0.2844799999999999,0.1905,,,,,,
2252,2022-03-02,0.0,16.28,-1.31,0.2158999999999999,0.3555999999999999,0.2844799999999999,0.1905,,,,,,
2253,2022-03-03,0.0,16.17,-0.12,0.2158999999999999,0.3555999999999999,0.2844799999999999,0.1905,,,,,,
2254,2022-03-04,9.29,12.06,1.5,0.2158999999999999,0.3555999999999999,0.2844799999999999,0.1905,,,,,,
2255,2022-03-05,0.0,7.24,0.18,0.2158999999999999,0.3555999999999999,0.2920999999999999,0.1905,,,,,,
2256,2022-03-06,6.86,1.92,-5.01,0.22352,0.37084,0.3047999999999999,0.19812,,,,,,
2257,2022-03-07,0.0,1.21,-10.13,0.22352,0.37338,0.30988,0.2032,,,,,,
2258,2022-03-08,12.81,1.58,-6.87,0.22352,0.37846,0.31496,0.2057399999999999,,,,,,
2259,2022-03-09,6.23,0.96,-5.41,0.23622,0.38608,0.32004,0.2082799999999999,,,,,,
2260,2022-03-10,0.0,-1.4,-13.93,0.254,0.3937,0.32766,0.21336,,,,,,
2261,2022-03-11,0.0,2.64,-16.08,0.254,0.3937,0.32766,0.21336,,,,,,
2262,2022-03-12,0.0,9.1,-8.34,0.254,0.3987799999999999,0.3302,0.21336,,,,,,
2263,2022-03-13,3.06,7.25,-5.06,0.254,0.3987799999999999,0.3302,0.2209799999999999,,,,,,
2264,2022-03-14,0.0,8.16,-7.28,0.254,0.42164,0.3429,0.2286,,,,,,
2265,2022-03-15,0.0,12.68,-5.19,0.25654,0.42164,0.3429,0.2286,,,,,,
2266,2022-03-16,0.0,9.17,-3.32,0.25654,0.42164,0.3479799999999999,0.2286,,,,,,
2267,2022-03-17,0.0,8.69,-5.43,0.25654,0.42164,0.3479799999999999,0.2286,,,,,,
2268,2022-03-18,0.0,10.75,-4.78,0.25654,0.42164,0.3479799999999999,0.2286,,,,,,
2269,2022-03-19,0.0,13.92,-4.65,0.25654,0.42164,0.3479799999999999,0.2286,,,,,,
2270,2022-03-20,0.0,8.46,0.16,0.25654,0.42164,0.3479799999999999,0.2311399999999999,,,,,,
2271,2022-03-21,0.0,6.38,-7.17,0.25908,0.42672,0.35052,0.2311399999999999,,,,,,
2272,2022-03-22,0.0,9.18,-6.64,0.25908,0.42672,0.35052,0.2311399999999999,,,,,,
2273,2022-03-23,0.0,13.55,-4.57,0.25908,0.42672,0.35052,0.2311399999999999,,,,,,
2274,2022-03-24,0.0,17.65,-2.98,0.25908,0.42672,0.35052,0.2311399999999999,,,,,,
2275,2022-03-25,0.0,21.03,-0.97,0.25654,0.42672,0.35052,0.2311399999999999,,,,,,
2276,2022-03-26,0.0,22.52,1.54,0.25146,0.4191,0.3479799999999999,0.2311399999999999,,,,,,
2277,2022-03-27,0.0,23.0,2.32,0.2413,0.4114799999999999,0.3479799999999999,0.22606,,,,,,
2278,2022-03-28,0.0,17.85,3.37,0.22606,0.40894,0.3454399999999999,0.21336,,,,,,
2279,2022-03-29,0.0,13.01,2.48,0.2336799999999999,0.41402,0.3454399999999999,0.2082799999999999,,,,,,
2280,2022-03-30,0.0,13.32,-0.6,0.23876,0.4292599999999999,0.3606799999999999,0.21336,,,,,,
2281,2022-03-31,0.0,9.9,-0.84,0.23876,0.4292599999999999,0.3606799999999999,0.2082799999999999,,,,,,
2282,2022-04-01,0.0,10.6,-4.25,0.23876,0.4292599999999999,0.3606799999999999,0.2057399999999999,,,,,,
2283,2022-04-02,0.0,14.62,-2.66,0.2413,0.4292599999999999,0.3606799999999999,0.2032,,,,,,
2284,2022-04-03,0.0,15.41,-3.63,0.22352,0.4292599999999999,0.3606799999999999,0.19558,,,,,,
2285,2022-04-04,4.93,9.41,-2.97,0.22352,0.4292599999999999,0.3606799999999999,0.18796,,,,,,
2286,2022-04-05,0.0,11.17,-5.07,0.22606,0.4317999999999999,0.3581399999999999,0.18542,,,,,,
2287,2022-04-06,0.0,7.4,-4.76,0.22606,0.43688,0.36322,0.1905,,,,,,
2288,2022-04-07,0.0,13.15,-5.89,0.21336,0.43688,0.36322,0.18288,,,,,,
2289,2022-04-08,0.0,18.21,-2.87,0.19812,0.43688,0.36322,0.1727199999999999,,,,,,
2290,2022-04-09,0.0,17.0,-2.53,0.1727199999999999,0.43688,0.36322,0.15494,,,,,,
2291,2022-04-10,0.0,10.11,0.02,0.1727199999999999,0.4241799999999999,0.36322,0.1473199999999999,,,,,,
2292,2022-04-11,5.71,7.85,-3.97,0.16002,0.42164,0.36322,0.1473199999999999,,,,,,
2293,2022-04-12,3.59,7.38,-4.51,0.16256,0.4445,0.37846,0.15748,,,,,,
2294,2022-04-13,3.61,0.56,-6.57,0.1676399999999999,0.45974,0.38862,0.1727199999999999,,,,,,
2295,2022-04-14,1.95,3.93,-6.86,0.17018,0.4673599999999999,0.39624,0.1727199999999999,,,,,,
2296,2022-04-15,1.91,9.64,-3.41,0.17018,0.47752,0.39624,0.1803399999999999,,,,,,
2297,2022-04-16,2.23,12.88,-2.92,0.1727199999999999,0.5003799999999999,0.41402,0.18542,,,,,,
2298,2022-04-17,0.0,14.14,0.3,0.1777999999999999,0.51308,0.4191,0.19304,,,,,,
2299,2022-04-18,0.0,16.5,-0.41,0.1777999999999999,0.51308,0.4191,0.1803399999999999,,,,,,
2300,2022-04-19,5.41,20.4,2.26,0.1651,0.508,0.4165599999999999,0.16002,,,,,,
2301,2022-04-20,2.36,16.93,1.1,0.1523999999999999,0.5003799999999999,0.4165599999999999,0.1422399999999999,,,,,,
2302,2022-04-21,9.55,18.18,1.0,0.13716,0.4927599999999999,0.4064,0.12446,,,,,,
2303,2022-04-22,3.98,17.71,2.17,0.1168399999999999,0.4876799999999999,0.39624,0.1041399999999999,,,,,,
2304,2022-04-23,1.16,8.14,2.7,0.13208,0.5054599999999999,0.4064,0.1168399999999999,,,,,,
2305,2022-04-24,0.0,9.48,-1.44,0.13716,0.51308,0.4114799999999999,0.1219199999999999,,,,,,
2306,2022-04-25,0.0,11.57,-4.03,0.13716,0.51308,0.4114799999999999,0.1219199999999999,,,,,,
2307,2022-04-26,0.0,17.53,-1.39,0.12446,0.51308,0.40386,0.1143,,,,,,
2308,2022-04-27,0.0,20.22,0.52,0.10922,0.51054,0.39624,0.09906,,,,,,
2309,2022-04-28,0.0,21.04,0.59,0.09652,0.50292,0.37846,0.06858,,,,,,
2310,2022-04-29,0.0,17.01,2.19,0.0838199999999999,0.49784,0.36322,0.0431799999999999,,,,,,
2311,2022-04-30,3.1,13.13,-0.48,0.0711199999999999,0.49784,0.3606799999999999,0.02286,,,,,,
2312,2022-05-01,1.46,16.86,-1.69,0.05588,0.49784,0.3352799999999999,0.0,,,,,,
2313,2022-05-02,1.95,19.1,2.95,0.0431799999999999,0.49784,0.32258,0.0,,,,,,
2314,2022-05-03,2.5,14.6,0.07,0.0304799999999999,0.47752,0.2920999999999999,0.0,,,,,,
2315,2022-05-04,0.0,15.77,0.19,0.0152399999999999,0.47752,0.29972,0.0,,,,,,
2316,2022-05-05,0.0,21.03,3.4,0.00254,0.4826,0.30734,0.0,,,,,,
2317,2022-05-06,0.0,18.46,8.53,0.0,0.47244,0.2794,0.0,,,,,,
2318,2022-05-07,0.0,17.18,5.41,0.0,0.43942,0.2438399999999999,0.0,,,,,,
2319,2022-05-08,3.84,11.14,-0.76,0.0,0.42164,0.22352,0.0,,,,,,
2320,2022-05-09,1.65,8.36,-2.12,0.0,0.42164,0.21844,0.0,,,,,,
2321,2022-05-10,1.79,13.59,-3.12,0.0,0.42164,0.21844,0.0,,,,,,
2322,2022-05-11,0.0,19.53,-2.44,0.0,0.42164,0.2032,0.0,,,,,,
2323,2022-05-12,0.0,15.31,0.89,0.0,0.40386,0.19558,0.0,,,,,,
2324,2022-05-13,0.0,16.71,-1.34,0.0,0.4114799999999999,0.1905,0.0,,,,,,
2325,2022-05-14,0.0,21.86,0.37,0.0,0.40132,0.17018,0.0,,,,,,
2326,2022-05-15,0.0,25.91,3.6,0.0,0.3606799999999999,0.13208,0.0,,,,,,
2327,2022-05-16,0.0,24.2,5.23,0.0,0.32004,0.0863599999999999,0.0,,,,,,
2328,2022-05-17,0.0,24.57,5.97,0.0,0.2717799999999999,0.0380999999999999,0.0,,,,,,
2329,2022-05-18,0.0,22.43,4.52,0.0,0.2463799999999999,0.01016,0.0,,,,,,
2330,2022-05-19,0.0,14.67,3.74,0.0,0.2057399999999999,0.0,0.0,,,,,,
2331,2022-05-20,0.0,14.56,-1.58,0.0,0.1803399999999999,0.0,0.0,,,,,,
2332,2022-05-21,0.0,16.65,-3.01,0.0,0.1803399999999999,0.0,0.0,,,,,,
2333,2022-05-22,0.0,16.82,-1.86,0.0,0.1803399999999999,0.0,0.0,,,,,,
2334,2022-05-23,0.0,17.61,-2.07,0.0,0.16256,0.0,0.0,,,,,,
2335,2022-05-24,0.0,20.42,-0.78,0.0,0.1422399999999999,0.0,0.0,,,,,,
2336,2022-05-25,0.0,23.35,0.53,0.0,0.11938,0.0,0.0,,,,,,
2337,2022-05-26,0.0,29.5,3.1,0.0,0.08128,0.0,0.0,,,,,,
2338,2022-05-27,9.88,27.85,8.46,0.0,0.04572,0.0,0.0,,,,,,
2339,2022-05-28,12.72,19.37,9.09,0.0,0.0177799999999999,0.0,0.0,,,,,,
2340,2022-05-29,18.43,10.64,3.88,0.0,0.0152399999999999,0.0,0.0,,,,,,
2341,2022-05-30,0.0,12.3,2.7,0.0,0.0380999999999999,0.0,0.0,,,,,,
2342,2022-05-31,0.0,17.63,0.78,0.0,0.0431799999999999,0.0,0.0,,,,,,
2343,2022-06-01,0.0,22.33,1.7,0.0,0.04572,0.0,0.0,,,,,,
2344,2022-06-02,0.0,25.93,4.57,0.0,0.02032,0.0,0.0,,,,,,
2345,2022-06-03,0.0,26.71,5.92,0.0,0.01016,0.0,0.0,,,,,,
2346,2022-06-04,0.0,24.58,7.87,0.0,0.0,0.0,0.0,,,,,,
2347,2022-06-05,0.0,23.3,8.54,0.0,0.0,0.0,0.0,,,,,,
2348,2022-06-06,0.0,23.42,6.17,0.0,0.0,0.0,0.0,,,,,,
2349,2022-06-07,0.0,25.88,4.76,0.0,0.0,0.0,0.0,,,,,,
2350,2022-06-08,0.0,27.44,5.77,0.0,0.0,0.0,0.0,,,,,,
2351,2022-06-09,0.0,30.2,7.18,0.0,0.0,0.0,0.0,,,,,,
2352,2022-06-10,0.0,31.42,9.04,0.0,0.0,0.0,0.0,,,,,,
2353,2022-06-11,0.0,32.31,10.11,0.0,0.0,0.0,0.0,,,,,,
2354,2022-06-12,6.56,32.85,10.77,0.0,0.0,0.0,0.0,,,,,,
2355,2022-06-13,5.32,21.72,9.44,0.0,0.0,0.0,0.0,,,,,,
2356,2022-06-14,0.0,19.33,1.32,0.0,0.0,0.0,0.0,,,,,,
2357,2022-06-15,0.0,25.66,0.97,0.0,0.0,0.0,0.0,,,,,,
2358,2022-06-16,0.0,31.61,4.3,0.0,0.0,0.0,0.0,,,,,,
2359,2022-06-17,0.0,30.18,9.25,0.0,0.0,0.0,0.0,,,,,,
2360,2022-06-18,0.0,26.46,11.74,0.0,0.0,0.0,0.0,,,,,,
2361,2022-06-19,6.37,20.87,6.31,0.0,0.0,0.0,0.0,,,,,,
2362,2022-06-20,0.0,22.48,2.22,0.0,0.0,0.0,0.0,,,,,,
2363,2022-06-21,0.0,26.36,3.6,0.0,0.0,0.0,0.0,,,,,,
2364,2022-06-22,6.69,29.24,6.37,0.0,0.0,0.0,0.0,,,,,,
2365,2022-06-23,0.0,27.71,11.01,0.0,0.0,0.0,0.0,,,,,,
2366,2022-06-24,0.0,28.31,9.03,0.0,0.0,0.0,0.0,,,,,,
2367,2022-06-25,0.0,28.69,7.0,0.0,0.0,0.0,0.0,,,,,,
2368,2022-06-26,0.0,30.19,6.43,0.0,0.0,0.0,0.0,,,,,,
2369,2022-06-27,0.0,31.89,7.67,0.0,0.0,0.0,0.0,,,,,,
2370,2022-06-28,0.0,31.06,10.36,0.0,0.0,0.0,0.0,,,,,,
2371,2022-06-29,1.67,30.83,13.98,0.0,0.0,0.0,0.0,,,,,,
2372,2022-06-30,0.0,30.5,13.18,0.0,0.0,0.0,0.0,,,,,,
2373,2022-07-01,0.0,31.76,13.12,0.0,0.0,0.0,0.0,,,,,,
2374,2022-07-02,0.0,32.19,12.6,0.0,0.0,0.0,0.0,,,,,,
2375,2022-07-03,0.0,32.07,12.69,0.0,0.0,0.0,0.0,,,,,,
2376,2022-07-04,0.0,31.68,10.31,0.0,0.0,0.0,0.0,,,,,,
2377,2022-07-05,0.0,31.01,11.02,0.0,0.0,0.0,0.0,,,,,,
2378,2022-07-06,0.0,30.21,11.26,0.0,0.0,0.0,0.0,,,,,,
2379,2022-07-07,0.0,32.68,12.6,0.0,0.0,0.0,0.0,,,,,,
2380,2022-07-08,0.0,33.66,10.0,0.0,0.0,0.0,0.0,,,,,,
2381,2022-07-09,0.0,33.99,11.32,0.0,0.0,0.0,0.0,,,,,,
2382,2022-07-10,0.0,34.07,9.64,0.0,0.0,0.0,0.0,,,,,,
2383,2022-07-11,0.0,33.58,8.85,0.0,0.0,0.0,0.0,,,,,,
2384,2022-07-12,0.0,34.44,10.78,0.0,0.0,0.0,0.0,,,,,,
2385,2022-07-13,1.22,34.67,14.85,0.0,0.0,0.0,0.0,,,,,,
2386,2022-07-14,0.0,33.53,15.69,0.0,0.0,0.0,0.0,,,,,,
2387,2022-07-15,0.0,28.62,15.52,0.0,0.0,0.0,0.0,,,,,,
2388,2022-07-16,0.0,33.5,11.3,0.0,0.0,0.0,0.0,,,,,,
2389,2022-07-17,0.0,36.58,11.55,0.0,0.0,0.0,0.0,,,,,,
2390,2022-07-18,0.0,33.16,14.11,0.0,0.0,0.0,0.0,,,,,,
2391,2022-07-19,0.0,32.26,14.71,0.0,0.0,0.0,0.0,,,,,,
2392,2022-07-20,0.0,34.02,12.74,0.0,0.0,0.0,0.0,,,,,,
2393,2022-07-21,0.0,34.94,12.41,0.0,0.0,0.0,0.0,,,,,,
2394,2022-07-22,0.0,34.26,14.03,0.0,0.0,0.0,0.0,,,,,,
2395,2022-07-23,0.0,31.84,16.23,0.0,0.0,0.0,0.0,,,,,,
2396,2022-07-24,0.0,32.14,12.35,0.0,0.0,0.0,0.0,,,,,,
2397,2022-07-25,0.0,32.84,10.93,0.0,0.0,0.0,0.0,,,,,,
2398,2022-07-26,0.0,34.14,9.46,0.0,0.0,0.0,0.0,,,,,,
2399,2022-07-27,0.0,33.81,10.51,0.0,0.0,0.0,0.0,,,,,,
2400,2022-07-28,0.0,33.9,13.26,0.0,0.0,0.0,0.0,,,,,,
2401,2022-07-29,0.0,32.73,11.49,0.0,0.0,0.0,0.0,,,,,,
2402,2022-07-30,0.0,33.62,11.47,0.0,0.0,0.0,0.0,,,,,,
2403,2022-07-31,0.0,32.45,13.75,0.0,0.0,0.0,0.0,,,,,,
2404,2022-08-01,13.65,28.83,15.82,0.0,0.0,0.0,0.0,,,,,,
2405,2022-08-02,0.0,29.16,13.53,0.0,0.0,0.0,0.0,,,,,,
2406,2022-08-03,2.76,31.84,11.63,0.0,0.0,0.0,0.0,,,,,,
2407,2022-08-04,0.0,31.77,13.74,0.0,0.0,0.0,0.0,,,,,,
2408,2022-08-05,1.86,29.87,14.9,0.0,0.0,0.0,0.0,,,,,,
2409,2022-08-06,0.0,27.74,13.7,0.0,0.0,0.0,0.0,,,,,,
2410,2022-08-07,0.0,28.61,9.33,0.0,0.0,0.0,0.0,,,,,,
2411,2022-08-08,0.0,32.19,8.66,0.0,0.0,0.0,0.0,,,,,,
2412,2022-08-09,0.0,33.35,11.11,0.0,0.0,0.0,0.0,,,,,,
2413,2022-08-10,1.3,31.45,14.26,0.0,0.0,0.0,0.0,,,,,,
2414,2022-08-11,5.38,30.65,14.65,0.0,0.0,0.0,0.0,,,,,,
2415,2022-08-12,3.53,28.86,14.66,0.0,0.0,0.0,0.0,,,,,,
2416,2022-08-13,6.71,28.15,15.3,0.0,0.0,0.0,0.0,,,,,,
2417,2022-08-14,2.18,28.8,13.12,0.0,0.0,0.0,0.0,,,,,,
2418,2022-08-15,0.0,31.19,10.64,0.0,0.0,0.0,0.0,,,,,,
2419,2022-08-16,0.0,32.6,10.37,0.0,0.0,0.0,0.0,,,,,,
2420,2022-08-17,0.0,33.15,10.76,0.0,0.0,0.0,0.0,,,,,,
2421,2022-08-18,0.0,28.77,12.99,0.0,0.0,0.0,0.0,,,,,,
2422,2022-08-19,0.0,26.18,13.87,0.0,0.0,0.0,0.0,,,,,,
2423,2022-08-20,0.0,26.69,11.02,0.0,0.0,0.0,0.0,,,,,,
2424,2022-08-21,0.0,30.11,9.67,0.0,0.0,0.0,0.0,,,,,,
2425,2022-08-22,0.0,31.6,10.0,0.0,0.0,0.0,0.0,,,,,,
2426,2022-08-23,0.0,30.63,9.5,0.0,0.0,0.0,0.0,,,,,,
2427,2022-08-24,0.0,31.66,9.94,0.0,0.0,0.0,0.0,,,,,,
2428,2022-08-25,0.0,30.85,10.96,0.0,0.0,0.0,0.0,,,,,,
2429,2022-08-26,0.0,30.77,9.73,0.0,0.0,0.0,0.0,,,,,,
2430,2022-08-27,0.0,30.18,9.24,0.0,0.0,0.0,0.0,,,,,,
2431,2022-08-28,0.0,30.61,8.57,0.0,0.0,0.0,0.0,,,,,,
2432,2022-08-29,0.0,32.62,7.63,0.0,0.0,0.0,0.0,,,,,,
2433,2022-08-30,0.0,34.18,8.66,0.0,0.0,0.0,0.0,,,,,,
2434,2022-08-31,0.0,34.13,9.49,0.0,0.0,0.0,0.0,,,,,,
2435,2022-09-01,0.0,34.23,8.87,0.0,0.0,0.0,0.0,,,,,,
2436,2022-09-02,0.0,34.78,8.28,0.0,0.0,0.0,0.0,,,,,,
2437,2022-09-03,0.0,35.62,8.57,0.0,0.0,0.0,0.0,,,,,,
2438,2022-09-04,0.0,35.55,10.31,0.0,0.0,0.0,0.0,,,,,,
2439,2022-09-05,0.0,36.22,10.19,0.0,0.0,0.0,0.0,,,,,,
2440,2022-09-06,0.0,36.59,10.63,0.0,0.0,0.0,0.0,,,,,,
2441,2022-09-07,0.0,34.27,11.71,0.0,0.0,0.0,0.0,,,,,,
2442,2022-09-08,0.0,30.11,9.24,0.0,0.0,0.0,0.0,,,,,,
2443,2022-09-09,0.0,27.78,5.72,0.0,0.0,0.0,0.0,,,,,,
2444,2022-09-10,0.0,28.04,3.69,0.0,0.0,0.0,0.0,,,,,,
2445,2022-09-11,0.0,30.24,3.77,0.0,0.0,0.0,0.0,,,,,,
2446,2022-09-12,4.78,26.22,4.15,0.0,0.0,0.0,0.0,,,,,,
2447,2022-09-13,3.62,22.94,9.65,0.0,0.0,0.0,0.0,,,,,,
2448,2022-09-14,3.45,21.32,9.8,0.0,0.0,0.0,0.0,,,,,,
2449,2022-09-15,0.0,21.63,8.24,0.0,0.0,0.0,0.0,,,,,,
2450,2022-09-16,0.0,22.32,6.75,0.0,0.0,0.0,0.0,,,,,,
2451,2022-09-17,0.0,24.24,5.56,0.0,0.0,0.0,0.0,,,,,,
2452,2022-09-18,0.0,26.61,4.91,0.0,0.0,0.0,0.0,,,,,,
2453,2022-09-19,0.0,28.08,6.63,0.0,0.0,0.0,0.0,,,,,,
2454,2022-09-20,0.0,26.87,8.68,0.0,0.0,0.0,0.0,,,,,,
2455,2022-09-21,0.0,24.25,8.65,0.0,0.0,0.0,0.0,,,,,,
2456,2022-09-22,0.0,22.16,3.76,0.0,0.0,0.0,0.0,,,,,,
2457,2022-09-23,0.0,23.6,1.47,0.0,0.0,0.0,0.0,,,,,,
2458,2022-09-24,0.0,25.98,0.89,0.0,0.0,0.0,0.0,,,,,,
2459,2022-09-25,0.0,27.14,2.75,0.0,0.0,0.0,0.0,,,,,,
2460,2022-09-26,0.0,28.4,4.55,0.0,0.0,0.0,0.0,,,,,,
2461,2022-09-27,0.0,25.29,4.41,0.0,0.0,0.0,0.0,,,,,,
2462,2022-09-28,2.34,25.98,7.69,0.0,0.0,0.0,0.0,,,,,,
2463,2022-09-29,2.25,22.32,8.5,0.0,0.0,0.0,0.0,,,,,,
2464,2022-09-30,0.0,20.3,5.33,0.0,0.0,0.0,0.0,,,,,,
2465,2022-10-01,0.0,20.91,3.92,0.0,0.0,0.0,0.0,,,,,,
2466,2022-10-02,0.0,21.68,2.8,0.0,0.0,0.0,0.0,,,,,,
2467,2022-10-03,0.0,22.07,2.34,0.0,0.0,0.0,0.0,,,,,,
2468,2022-10-04,0.0,22.97,2.22,0.0,0.0,0.0,0.0,,,,,,
2469,2022-10-05,0.0,24.18,1.52,0.0,0.0,0.0,0.0,,,,,,
2470,2022-10-06,0.0,24.13,1.66,0.0,0.0,0.0,0.0,,,,,,
2471,2022-10-07,0.0,23.81,2.63,0.0,0.0,0.0,0.0,,,,,,
2472,2022-10-08,0.0,23.56,2.69,0.0,0.0,0.0,0.0,,,,,,
2473,2022-10-09,0.0,23.11,2.23,0.0,0.0,0.0,0.0,,,,,,
2474,2022-10-10,0.0,21.12,1.81,0.0,0.0,0.0,0.0,,,,,,
2475,2022-10-11,0.0,21.62,1.76,0.0,0.0,0.0,0.0,,,,,,
2476,2022-10-12,0.0,22.27,0.96,0.0,0.0,0.0,0.0,,,,,,
2477,2022-10-13,0.0,22.34,0.32,0.0,0.0,0.0,0.0,,,,,,
2478,2022-10-14,0.0,22.7,-0.12,0.0,0.0,0.0,0.0,,,,,,
2479,2022-10-15,0.0,21.18,-0.63,0.0,0.0,0.0,0.0,,,,,,
2480,2022-10-16,0.0,21.56,0.76,0.0,0.0,0.0,0.0,,,,,,
2481,2022-10-17,0.0,23.42,-0.11,0.0,0.0,0.0,0.0,,,,,,
2482,2022-10-18,0.0,24.14,0.41,0.0,0.0,0.0,0.0,,,,,,
2483,2022-10-19,0.0,23.18,1.02,0.0,0.0,0.0,0.0,,,,,,
2484,2022-10-20,0.0,21.83,-0.09,0.0,0.0,0.0,0.0,,,,,,
2485,2022-10-21,0.0,17.55,0.19,0.0,0.0,0.0,0.0,,,,,,
2486,2022-10-22,8.06,10.82,1.8,0.0,0.0,0.0,0.0,,,,,,
2487,2022-10-23,4.49,5.52,-2.06,0.01016,0.02794,0.02794,0.00508,,,,,,
2488,2022-10-24,0.0,7.08,-2.72,0.0127,0.0355599999999999,0.0355599999999999,0.0076199999999999,,,,,,
2489,2022-10-25,1.51,8.35,-1.57,0.0127,0.0355599999999999,0.0355599999999999,0.00508,,,,,,
2490,2022-10-26,0.0,6.04,-4.07,0.0127,0.0355599999999999,0.0355599999999999,0.00508,,,,,,
2491,2022-10-27,0.0,10.33,-6.73,0.0152399999999999,0.04826,0.04826,0.01016,,,,,,
2492,2022-10-28,0.0,12.31,-6.37,0.0152399999999999,0.0431799999999999,0.04826,0.01016,,,,,,
2493,2022-10-29,0.0,13.66,-3.73,0.02286,0.0431799999999999,0.0508,0.01016,,,,,,
2494,2022-10-30,0.0,14.96,-3.9,0.02286,0.0431799999999999,0.0508,0.01016,,,,,,
2495,2022-10-31,0.0,15.39,-3.42,0.02286,0.0431799999999999,0.0508,0.01016,,,,,,
2496,2022-11-01,0.0,8.38,0.18,0.0254,0.04826,0.0508,0.01016,,,,,,
2497,2022-11-02,14.39,4.5,-2.66,0.0254,0.04826,0.0508,0.01016,,,,,,
2498,2022-11-03,0.0,2.62,-7.7,0.04064,0.0711199999999999,0.08128,0.02794,,,,,,
2499,2022-11-04,0.0,4.69,-6.99,0.04064,0.0711199999999999,0.08128,0.02794,,,,,,
2500,2022-11-05,18.25,7.3,-2.05,0.04064,0.0736599999999999,0.0838199999999999,0.02794,,,,,,
2501,2022-11-06,0.0,9.3,-0.66,0.0584199999999999,0.09144,0.10668,0.04572,,,,,,
2502,2022-11-07,17.63,10.48,1.08,0.0584199999999999,0.09398,0.10668,0.04572,,,,,,
2503,2022-11-08,9.63,6.43,2.43,0.0584199999999999,0.09398,0.10668,0.04572,,,,,,
2504,2022-11-09,0.0,2.19,-2.6,0.0609599999999999,0.09652,0.10668,0.04572,,,,,,
2505,2022-11-10,0.0,0.36,-9.65,0.06858,0.11176,0.1219199999999999,0.0508,,,,,,
2506,2022-11-11,0.0,0.98,-12.26,0.06858,0.11176,0.1219199999999999,0.0508,,,,,,
2507,2022-11-12,0.0,1.91,-11.26,0.06858,0.11176,0.1219199999999999,0.0508,,,,,,
2508,2022-11-13,0.0,1.86,-10.31,0.06858,0.11176,0.1219199999999999,0.0508,,,,,,
2509,2022-11-14,0.0,1.34,-11.15,0.06858,0.11176,0.1219199999999999,0.0508,,,,,,
2510,2022-11-15,0.0,2.63,-12.64,0.06858,0.11176,0.1219199999999999,0.0508,,,,,,
2511,2022-11-16,0.0,3.62,-11.83,0.06858,0.11176,0.1219199999999999,0.0508,,,,,,
2512,2022-11-17,0.0,1.27,-11.2,0.06858,0.11176,0.1219199999999999,0.0508,,,,,,
2513,2022-11-18,0.0,1.13,-12.36,0.06858,0.11176,0.1219199999999999,0.0508,,,,,,
2514,2022-11-19,0.0,2.33,-14.52,0.06858,0.11176,0.1219199999999999,0.0508,,,,,,
2515,2022-11-20,0.0,4.81,-12.72,0.06858,0.11176,0.1219199999999999,0.0508,,,,,,
2516,2022-11-21,0.0,5.49,-11.21,0.06858,0.11176,0.1219199999999999,0.0508,,,,,,
2517,2022-11-22,0.0,5.04,-10.15,0.06858,0.11176,0.1219199999999999,0.0508,,,,,,
2518,2022-11-23,0.0,5.25,-9.42,0.06858,0.11176,0.1219199999999999,0.0508,,,,,,
2519,2022-11-24,0.0,5.78,-10.49,0.0761999999999999,0.1219199999999999,0.127,0.05588,,,,,,
2520,2022-11-25,0.0,5.74,-9.04,0.0761999999999999,0.1219199999999999,0.127,0.05588,,,,,,
2521,2022-11-26,0.0,5.05,-7.52,0.0761999999999999,0.1219199999999999,0.127,0.05588,,,,,,
2522,2022-11-27,0.0,2.67,-6.66,0.0761999999999999,0.1219199999999999,0.12954,0.05588,,,,,,
2523,2022-11-28,5.72,-0.45,-5.44,0.0761999999999999,0.1219199999999999,0.12954,0.05588,,,,,,
2524,2022-11-29,0.0,1.44,-13.53,0.0761999999999999,0.1397,0.1397,0.0584199999999999,,,,,,
2525,2022-11-30,0.0,4.66,-13.68,0.0761999999999999,0.1422399999999999,0.1473199999999999,0.0584199999999999,,,,,,
2526,2022-12-01,3.08,2.17,-6.31,0.0838199999999999,0.14986,0.14986,0.0635,,,,,,
2527,2022-12-02,0.0,-0.21,-12.33,0.09398,0.1523999999999999,0.1523999999999999,0.06604,,,,,,
2528,2022-12-03,0.0,2.23,-13.81,0.09398,0.16002,0.15748,0.0736599999999999,,,,,,
2529,2022-12-04,0.32,4.37,-5.5,0.1041399999999999,0.1676399999999999,0.16256,0.0838199999999999,,,,,,
2530,2022-12-05,0.0,2.82,-8.75,0.10922,0.17526,0.1676399999999999,0.0888999999999999,,,,,,
2531,2022-12-06,2.4,-1.13,-13.21,0.11176,0.17526,0.1676399999999999,0.09144,,,,,,
2532,2022-12-07,0.0,0.24,-13.07,0.11176,0.17526,0.1676399999999999,0.09144,,,,,,
2533,2022-12-08,0.0,2.0,-10.54,0.11938,0.18288,0.17526,0.1016,,,,,,
2534,2022-12-09,0.0,3.99,-10.78,0.11938,0.18288,0.17526,0.1016,,,,,,
2535,2022-12-10,1.11,5.8,-8.62,0.11938,0.18288,0.1777999999999999,0.1016,,,,,,
2536,2022-12-11,0.0,2.44,-3.01,0.1219199999999999,0.18796,0.1803399999999999,0.1016,,,,,,
2537,2022-12-12,0.66,-0.63,-5.34,0.127,0.1905,0.18288,0.11176,,,,,,
2538,2022-12-13,1.27,-1.4,-6.9,0.127,0.19812,0.18542,0.1168399999999999,,,,,,
2539,2022-12-14,0.0,-1.64,-6.14,0.13208,0.21336,0.19812,0.12954,,,,,,
2540,2022-12-15,0.0,-5.03,-14.39,0.13208,0.2158999999999999,0.20066,0.13208,,,,,,
2541,2022-12-16,0.0,-6.77,-18.3,0.13208,0.21844,0.20066,0.13462,,,,,,
2542,2022-12-17,0.0,-4.76,-18.29,0.13208,0.21844,0.20066,0.13462,,,,,,
2543,2022-12-18,0.0,-1.88,-15.81,0.13208,0.21844,0.2032,0.13462,,,,,,
2544,2022-12-19,0.0,0.94,-15.7,0.13208,0.2209799999999999,0.2032,0.13462,,,,,,
2545,2022-12-20,4.04,3.51,-10.86,0.13462,0.2209799999999999,0.2032,0.13462,,,,,,
2546,2022-12-21,0.0,-1.54,-9.94,0.13462,0.2209799999999999,0.2032,0.13716,,,,,,
2547,2022-12-22,0.0,-2.58,-16.19,0.13716,0.23622,0.21082,0.14478,,,,,,
2548,2022-12-23,0.0,1.08,-11.53,0.13716,0.23622,0.21336,0.14478,,,,,,
2549,2022-12-24,0.0,3.46,-4.91,0.1397,0.23876,0.21336,0.1473199999999999,,,,,,
2550,2022-12-25,0.0,5.46,-3.79,0.1397,0.23876,0.21336,0.1473199999999999,,,,,,
2551,2022-12-26,9.27,8.34,-3.06,0.1397,0.2413,0.21336,0.1473199999999999,,,,,,
2552,2022-12-27,8.58,4.8,-2.32,0.1397,0.2413,0.21336,0.1473199999999999,,,,,,
2553,2022-12-28,0.0,1.3,-7.12,0.15748,0.2717799999999999,0.2286,0.1777999999999999,,,,,,
2554,2022-12-29,5.63,3.85,-8.51,0.16256,0.2844799999999999,0.23876,0.19558,,,,,,
2555,2022-12-30,14.29,3.82,-5.64,0.16256,0.2844799999999999,0.23876,0.19558,,,,,,
2556,2022-12-31,15.51,4.83,-0.47,0.17526,0.30226,0.2438399999999999,0.2082799999999999,,,,,,
2557,2023-01-01,12.52,1.18,-2.05,0.2032,0.32004,0.26162,0.2158999999999999,,,,,,
2558,2023-01-02,7.03,-0.11,-4.24,0.21336,0.3352799999999999,0.27432,0.22606,,,,,,
2559,2023-01-03,0.0,-1.33,-7.03,0.21844,0.34036,0.2819399999999999,0.2311399999999999,,,,,,
2560,2023-01-04,1.85,2.12,-8.85,0.21844,0.34036,0.2819399999999999,0.2311399999999999,,,,,,
2561,2023-01-05,0.0,3.03,-6.88,0.21844,0.34036,0.2819399999999999,0.2311399999999999,,,,,,
2562,2023-01-06,10.94,0.83,-4.0,0.22352,0.3454399999999999,0.2844799999999999,0.23622,,,,,,
2563,2023-01-07,0.0,3.63,-7.09,0.2311399999999999,0.35306,0.28702,0.2438399999999999,,,,,,
2564,2023-01-08,0.0,4.77,-7.41,0.2311399999999999,0.35306,0.28702,0.2438399999999999,,,,,,
2565,2023-01-09,11.97,5.16,-7.86,0.2311399999999999,0.35306,0.28702,0.2438399999999999,,,,,,
2566,2023-01-10,0.0,5.33,-0.23,0.25146,0.37846,0.2920999999999999,0.254,,,,,,
2567,2023-01-11,0.0,-0.46,-9.05,0.2717799999999999,0.4114799999999999,0.31496,0.2794,,,,,,
2568,2023-01-12,0.0,0.16,-10.8,0.2794,0.4191,0.32004,0.28956,,,,,,
2569,2023-01-13,0.0,4.74,-7.48,0.2819399999999999,0.42164,0.32258,0.28956,,,,,,
2570,2023-01-14,0.0,4.37,-4.46,0.2819399999999999,0.42164,0.32258,0.28956,,,,,,
2571,2023-01-15,6.48,1.79,-3.28,0.2819399999999999,0.42164,0.32258,0.28956,,,,,,
2572,2023-01-16,0.88,0.84,-4.73,0.2844799999999999,0.4292599999999999,0.32512,0.2946399999999999,,,,,,
2573,2023-01-17,0.0,-1.59,-6.31,0.28702,0.4317999999999999,0.32512,0.2971799999999999,,,,,,
2574,2023-01-18,0.0,-3.39,-13.38,0.28702,0.4317999999999999,0.32512,0.2971799999999999,,,,,,
2575,2023-01-19,0.0,-2.13,-13.01,0.28702,0.4317999999999999,0.32512,0.2971799999999999,,,,,,
2576,2023-01-20,0.0,-4.16,-15.56,0.28702,0.4317999999999999,0.32766,0.2971799999999999,,,,,,
2577,2023-01-21,0.43,-6.01,-17.01,0.28702,0.4317999999999999,0.32766,0.2971799999999999,,,,,,
2578,2023-01-22,0.0,-3.85,-15.73,0.28956,0.43434,0.32766,0.2971799999999999,,,,,,
2579,2023-01-23,0.42,-2.68,-15.75,0.28956,0.43434,0.32766,0.2971799999999999,,,,,,
2580,2023-01-24,0.0,-4.47,-15.77,0.28956,0.43942,0.33274,0.29972,,,,,,
2581,2023-01-25,0.0,-2.6,-15.24,0.2920999999999999,0.4419599999999999,0.33274,0.3047999999999999,,,,,,
2582,2023-01-26,0.0,-0.07,-13.27,0.2920999999999999,0.44704,0.33782,0.3047999999999999,,,,,,
2583,2023-01-27,2.46,0.4,-4.63,0.2920999999999999,0.44704,0.33782,0.30734,,,,,,
2584,2023-01-28,0.78,-0.13,-5.78,0.29972,0.45212,0.33782,0.31496,,,,,,
2585,2023-01-29,0.0,-5.3,-14.9,0.30734,0.4572,0.34036,0.31496,,,,,,
2586,2023-01-30,0.0,-10.63,-25.42,0.30734,0.4673599999999999,0.34036,0.32004,,,,,,
2587,2023-01-31,0.0,-7.79,-27.08,0.30734,0.4673599999999999,0.34036,0.32004,,,,,,
2588,2023-02-01,0.0,-2.66,-17.87,0.30734,0.4673599999999999,0.34036,0.32004,,,,,,
2589,2023-02-02,0.0,-0.0,-15.65,0.30734,0.4673599999999999,0.34036,0.32004,,,,,,
2590,2023-02-03,0.0,3.31,-13.16,0.30734,0.4673599999999999,0.34036,0.32004,,,,,,
2591,2023-02-04,0.0,4.35,-11.35,0.30988,0.4673599999999999,0.34036,0.32512,,,,,,
2592,2023-02-05,2.31,2.45,-7.83,0.30988,0.4673599999999999,0.3479799999999999,0.32512,,,,,,
2593,2023-02-06,0.0,1.47,-8.92,0.30988,0.47244,0.3479799999999999,0.3302,,,,,,
2594,2023-02-07,0.0,2.23,-11.93,0.3175,0.47752,0.35052,0.3352799999999999,,,,,,
2595,2023-02-08,0.0,-1.56,-15.37,0.3175,0.47752,0.35052,0.3352799999999999,,,,,,
2596,2023-02-09,0.0,-3.12,-18.05,0.3175,0.47752,0.35052,0.3352799999999999,,,,,,
2597,2023-02-10,0.0,2.04,-16.42,0.3175,0.47752,0.35052,0.3352799999999999,,,,,,
2598,2023-02-11,0.0,1.84,-11.3,0.3175,0.4800599999999999,0.35306,0.3352799999999999,,,,,,
2599,2023-02-12,0.0,2.42,-12.36,0.3175,0.4800599999999999,0.35306,0.3352799999999999,,,,,,
2600,2023-02-13,0.0,1.85,-14.7,0.3175,0.4800599999999999,0.35306,0.3352799999999999,,,,,,
2601,2023-02-14,0.0,-1.85,-9.93,0.3175,0.4800599999999999,0.35306,0.3352799999999999,,,,,,
2602,2023-02-15,0.0,-6.42,-18.02,0.3175,0.4800599999999999,0.35306,0.3352799999999999,,,,,,
2603,2023-02-16,0.0,-4.27,-21.85,0.3175,0.49022,0.35306,0.3352799999999999,,,,,,
2604,2023-02-17,0.0,0.67,-17.58,0.3175,0.49784,0.35306,0.3352799999999999,,,,,,
2605,2023-02-18,0.0,3.21,-13.72,0.3175,0.49784,0.35306,0.3352799999999999,,,,,,
2606,2023-02-19,0.0,4.87,-6.37,0.3175,0.49784,0.35306,0.3352799999999999,,,,,,
2607,2023-02-20,0.0,5.21,-1.3,0.3175,0.49784,0.35306,0.3352799999999999,,,,,,
2608,2023-02-21,22.49,-1.9,-5.28,0.3175,0.49784,0.35306,0.33782,,,,,,
2609,2023-02-22,6.53,-4.54,-16.09,0.32004,0.5257799999999999,0.36322,0.35306,,,,,,
2610,2023-02-23,0.0,-0.67,-16.97,0.32004,0.53594,0.37338,0.3606799999999999,,,,,,
2611,2023-02-24,0.0,3.55,-12.27,0.32004,0.54102,0.37592,0.36576,,,,,,
2612,2023-02-25,0.0,5.24,-10.0,0.32004,0.5435599999999999,0.37846,0.3682999999999999,,,,,,
2613,2023-02-26,3.74,3.7,-5.67,0.3302,0.5461,0.381,0.37084,,,,,,
2614,2023-02-27,6.1,1.85,-4.03,0.3302,0.54864,0.381,0.37084,,,,,,
2615,2023-02-28,0.0,-0.77,-5.9,0.3302,0.5715,0.3937,0.38608,,,,,,
2616,2023-03-01,0.0,-0.24,-7.3,0.3429,0.5841999999999999,0.40386,0.3987799999999999,,,,,,
2617,2023-03-02,0.0,0.88,-9.18,0.3454399999999999,0.5892799999999999,0.40386,0.3987799999999999,,,,,,
2618,2023-03-03,0.0,2.05,-10.97,0.3454399999999999,0.5892799999999999,0.40386,0.3987799999999999,,,,,,
2619,2023-03-04,4.87,1.79,-12.43,0.3454399999999999,0.5892799999999999,0.40386,0.3987799999999999,,,,,,
2620,2023-03-05,4.9,1.33,-6.09,0.35052,0.60452,0.41402,0.4114799999999999,,,,,,
2621,2023-03-06,1.11,0.7,-7.51,0.36576,0.6273799999999999,0.4292599999999999,0.4317999999999999,,,,,,
2622,2023-03-07,0.0,-0.71,-9.76,0.37084,0.63754,0.43942,0.43942,,,,,,
2623,2023-03-08,1.96,2.62,-9.73,0.37084,0.63754,0.43942,0.43942,,,,,,
2624,2023-03-09,0.98,7.36,-11.57,0.37592,0.64262,0.4445,0.4445,,,,,,
2625,2023-03-10,10.47,6.59,-5.13,0.37846,0.64516,0.44704,0.44704,,,,,,
2626,2023-03-11,0.0,5.7,-8.64,0.4114799999999999,0.68326,0.4749799999999999,0.4673599999999999,,,,,,
2627,2023-03-12,0.0,5.15,-4.98,0.4114799999999999,0.68326,0.4749799999999999,0.4673599999999999,,,,,,
2628,2023-03-13,0.0,8.52,-4.9,0.41402,0.68326,0.47752,0.47752,,,,,,
2629,2023-03-14,6.74,7.33,-1.59,0.41402,0.6858,0.47752,0.47752,,,,,,
2630,2023-03-15,3.78,3.4,-4.93,0.4191,0.6858,0.47752,0.4800599999999999,,,,,,
2631,2023-03-16,0.0,1.31,-10.3,0.43688,0.7111999999999999,0.4927599999999999,0.49784,,,,,,
2632,2023-03-17,0.0,1.38,-12.66,0.43688,0.7111999999999999,0.4927599999999999,0.49784,,,,,,
2633,2023-03-18,0.0,5.55,-13.36,0.43688,0.7111999999999999,0.4952999999999999,0.49784,,,,,,
2634,2023-03-19,0.0,8.06,-10.39,0.43688,0.7111999999999999,0.4952999999999999,0.49784,,,,,,
2635,2023-03-20,2.84,6.32,-5.28,0.43688,0.71374,0.49784,0.49784,,,,,,
2636,2023-03-21,0.79,5.16,-7.12,0.43942,0.7213599999999999,0.50292,0.50292,,,,,,
2637,2023-03-22,3.05,4.8,-2.3,0.4445,0.72898,0.508,0.5054599999999999,,,,,,
2638,2023-03-23,8.92,2.59,-3.22,0.44958,0.7365999999999999,0.51308,0.51054,,,,,,
2639,2023-03-24,7.35,0.09,-6.18,0.45212,0.74676,0.5206999999999999,0.51816,,,,,,
2640,2023-03-25,3.84,-1.47,-13.71,0.4673599999999999,0.78232,0.54864,0.5334,,,,,,
2641,2023-03-26,0.0,-0.29,-15.5,0.4749799999999999,0.78232,0.54864,0.54102,,,,,,
2642,2023-03-27,6.18,4.35,-13.32,0.4749799999999999,0.78232,0.54864,0.54102,,,,,,
2643,2023-03-28,0.0,8.29,-13.13,0.4876799999999999,0.7975599999999999,0.5588,0.55118,,,,,,
2644,2023-03-29,9.93,6.5,-2.66,0.4876799999999999,0.7975599999999999,0.5588,0.55118,,,,,,
2645,2023-03-30,4.53,4.22,-2.78,0.49784,0.80264,0.56642,0.55626,,,,,,
2646,2023-03-31,3.78,7.37,-4.97,0.50292,0.81534,0.57658,0.5689599999999999,,,,,,
2647,2023-04-01,0.0,9.66,-6.11,0.508,0.8255,0.5892799999999999,0.57912,,,,,,
2648,2023-04-02,10.73,5.26,-2.24,0.51308,0.8255,0.5892799999999999,0.58166,,,,,,
2649,2023-04-03,12.62,0.99,-4.23,0.51308,0.83566,0.5943599999999999,0.58166,,,,,,
2650,2023-04-04,11.81,-0.05,-5.92,0.5257799999999999,0.8585199999999998,0.6223,0.5943599999999999,,,,,,
2651,2023-04-05,0.0,2.0,-12.33,0.55118,0.889,0.64262,0.61468,,,,,,
2652,2023-04-06,0.0,4.65,-15.12,0.55118,0.8966199999999999,0.64262,0.61976,,,,,,
2653,2023-04-07,0.0,9.51,-11.39,0.55626,0.89916,0.64262,0.61976,,,,,,
2654,2023-04-08,0.0,13.91,-3.1,0.5588,0.89916,0.64262,0.61976,,,,,,
2655,2023-04-09,0.0,15.4,-2.44,0.55118,0.89916,0.64008,0.61976,,,,,,
2656,2023-04-10,0.0,18.27,-1.47,0.5461,0.89916,0.63754,0.61468,,,,,,
2657,2023-04-11,0.0,20.11,1.86,0.53848,0.89408,0.62992,0.59944,,,,,,
2658,2023-04-12,0.0,11.65,2.9,0.5257799999999999,0.88138,0.6248400000000001,0.58166,,,,,,
2659,2023-04-13,0.0,8.09,-3.14,0.51562,0.8763,0.6248400000000001,0.5638799999999999,,,,,,
2660,2023-04-14,0.0,8.53,-6.1,0.52324,0.8763,0.6248400000000001,0.5638799999999999,,,,,,
2661,2023-04-15,0.0,13.78,-5.29,0.5206999999999999,0.8763,0.6223,0.5638799999999999,,,,,,
2662,2023-04-16,0.0,18.16,-3.74,0.51816,0.8763,0.61976,0.5588,,,,,,
2663,2023-04-17,0.0,12.31,2.3,0.51308,0.87376,0.61976,0.54864,,,,,,
2664,2023-04-18,6.13,8.02,-1.04,0.4876799999999999,0.8712199999999999,0.61976,0.53848,,,,,,
2665,2023-04-19,0.0,4.38,-4.88,0.4927599999999999,0.8712199999999999,0.6223,0.53594,,,,,,
2666,2023-04-20,0.88,5.3,-6.29,0.5003799999999999,0.86614,0.6223,0.53594,,,,,,
2667,2023-04-21,0.0,6.34,-3.91,0.5003799999999999,0.87376,0.6248400000000001,0.53594,,,,,,
2668,2023-04-22,4.78,10.52,-2.36,0.5003799999999999,0.8864599999999999,0.6273799999999999,0.53848,,,,,,
2669,2023-04-23,6.29,13.09,-3.05,0.5003799999999999,0.8864599999999999,0.6273799999999999,0.53848,,,,,,
2670,2023-04-24,3.49,9.54,-0.57,0.5003799999999999,0.8864599999999999,0.6273799999999999,0.53848,,,,,,
2671,2023-04-25,0.0,10.81,-0.15,0.5054599999999999,0.90424,0.62992,0.5308599999999999,,,,,,
2672,2023-04-26,0.0,15.97,-1.85,0.5054599999999999,0.90932,0.6324599999999999,0.5334,,,,,,
2673,2023-04-27,0.0,18.0,-0.44,0.5003799999999999,0.90678,0.6273799999999999,0.5206999999999999,,,,,,
2674,2023-04-28,0.0,20.41,-1.07,0.4673599999999999,0.9017,0.61214,0.4952999999999999,,,,,,
2675,2023-04-29,0.0,24.53,0.57,0.44958,0.9017,0.5841999999999999,0.4699,,,,,,
2676,2023-04-30,0.0,25.55,2.97,0.4241799999999999,0.89916,0.5613400000000001,0.43688,,,,,,
2677,2023-05-01,0.0,24.01,3.9,0.39116,0.89408,0.5334,0.4064,,,,,,
2678,2023-05-02,0.0,23.1,3.14,0.3682999999999999,0.8712199999999999,0.50292,0.37592,,,,,,
2679,2023-05-03,0.87,21.68,2.27,0.35306,0.84074,0.4826,0.35306,,,,,,
2680,2023-05-04,0.0,17.08,6.05,0.32766,0.8229599999999999,0.4572,0.3352799999999999,,,,,,
2681,2023-05-05,1.51,13.67,3.1,0.30734,0.80772,0.4317999999999999,0.31496,,,,,,
2682,2023-05-06,2.02,13.83,0.68,0.29972,0.7975599999999999,0.4165599999999999,0.3047999999999999,,,,,,
2683,2023-05-07,1.07,16.21,-0.4,0.29972,0.79248,0.40386,0.29972,,,,,,
2684,2023-05-08,0.57,20.02,0.8,0.29972,0.79502,0.4064,0.28956,,,,,,
2685,2023-05-09,0.0,19.59,1.72,0.2819399999999999,0.78994,0.3937,0.27686,,,,,,
2686,2023-05-10,1.75,19.07,3.24,0.26162,0.76962,0.37338,0.254,,,,,,
2687,2023-05-11,0.0,19.26,1.16,0.24892,0.75184,0.35052,0.23622,,,,,,
2688,2023-05-12,0.74,18.57,2.84,0.22606,0.7365999999999999,0.3302,0.21336,,,,,,
2689,2023-05-13,3.68,19.48,8.83,0.2082799999999999,0.70612,0.30734,0.19558,,,,,,
2690,2023-05-14,4.85,21.62,7.16,0.18288,0.6858,0.28956,0.1676399999999999,,,,,,
2691,2023-05-15,4.76,24.08,7.11,0.15748,0.66548,0.26162,0.1397,,,,,,
2692,2023-05-16,0.78,23.84,6.52,0.1219199999999999,0.635,0.2286,0.1143,,,,,,
2693,2023-05-17,0.83,23.15,4.87,0.0888999999999999,0.60198,0.20066,0.0838199999999999,,,,,,
2694,2023-05-18,0.0,22.12,5.23,0.0584199999999999,0.5689599999999999,0.17018,0.0584199999999999,,,,,,
2695,2023-05-19,0.0,24.85,3.93,0.0304799999999999,0.54864,0.1473199999999999,0.0304799999999999,,,,,,
2696,2023-05-20,0.0,25.86,4.31,0.01016,0.51816,0.10922,0.01016,,,,,,
2697,2023-05-21,0.0,25.7,5.96,0.0076199999999999,0.49022,0.0761999999999999,0.0,,,,,,
2698,2023-05-22,0.0,24.44,8.14,0.0,0.44958,0.03302,0.0,,,,,,
2699,2023-05-23,5.76,23.39,7.69,0.0,0.4165599999999999,0.0,0.0,,,,,,
2700,2023-05-24,3.23,22.86,6.87,0.0,0.38354,0.0,0.0,,,,,,
2701,2023-05-25,4.37,20.04,6.79,0.0,0.35306,0.0,0.0,,,,,,
2702,2023-05-26,1.7,19.44,5.72,0.0,0.32512,0.0,0.0,,,,,,
2703,2023-05-27,0.71,21.57,4.86,0.0,0.31242,0.0,0.0,,,,,,
2704,2023-05-28,0.0,23.19,5.32,0.0,0.2920999999999999,0.0,0.0,,,,,,
2705,2023-05-29,0.0,24.85,5.38,0.0,0.26416,0.0,0.0,,,,,,
2706,2023-05-30,0.0,24.23,5.58,0.0,0.2311399999999999,0.0,0.0,,,,,,
2707,2023-05-31,0.0,22.25,6.89,0.0,0.19304,0.0,0.0,,,,,,
2708,2023-06-01,0.66,20.81,7.63,0.0,0.16256,0.0,0.0,,,,,,
2709,2023-06-02,0.0,19.79,6.48,0.0,0.1473199999999999,0.0,0.0,,,,,,
2710,2023-06-03,0.0,22.06,4.84,0.0,0.13716,0.0,0.0,,,,,,
2711,2023-06-04,0.7,22.91,4.94,0.0,0.10668,0.0,0.0,,,,,,
2712,2023-06-05,0.35,24.27,6.14,0.0,0.0761999999999999,0.0,0.0,,,,,,
2713,2023-06-06,3.38,25.48,7.99,0.0,0.0431799999999999,0.0,0.0,,,,,,
2714,2023-06-07,1.47,23.2,7.9,0.0,0.01016,0.0,0.0,,,,,,
2715,2023-06-08,0.0,22.7,5.34,0.0,0.0,0.0,0.0,,,,,,
2716,2023-06-09,0.84,23.62,5.02,0.0,0.0,0.0,0.0,,,,,,
2717,2023-06-10,0.0,23.2,5.46,0.0,0.0,0.0,0.0,,,,,,
2718,2023-06-11,1.89,21.31,6.95,0.0,0.0,0.0,0.0,,,,,,
2719,2023-06-12,2.42,21.42,8.0,0.0,0.0,0.0,0.0,,,,,,
2720,2023-06-13,0.0,22.1,7.81,0.0,0.0,0.0,0.0,,,,,,
2721,2023-06-14,1.31,20.8,9.45,0.0,0.0,0.0,0.0,,,,,,
2722,2023-06-15,0.0,21.06,5.64,0.0,0.0,0.0,0.0,,,,,,
2723,2023-06-16,1.69,22.21,3.62,0.0,0.0,0.0,0.0,,,,,,
2724,2023-06-17,0.0,24.29,6.0,0.0,0.0,0.0,0.0,,,,,,
2725,2023-06-18,0.0,25.52,10.26,0.0,0.0,0.0,0.0,,,,,,
2726,2023-06-19,2.22,24.02,10.1,0.0,0.0,0.0,0.0,,,,,,
2727,2023-06-20,0.0,22.41,4.86,0.0,0.0,0.0,0.0,,,,,,
2728,2023-06-21,0.0,24.83,4.37,0.0,0.0,0.0,0.0,,,,,,
2729,2023-06-22,0.0,24.69,7.51,0.0,0.0,0.0,0.0,,,,,,
2730,2023-06-23,0.0,24.48,5.19,0.0,0.0,0.0,0.0,,,,,,
2731,2023-06-24,0.0,27.16,5.68,0.0,0.0,0.0,0.0,,,,,,
2732,2023-06-25,0.0,28.26,5.62,0.0,0.0,0.0,0.0,,,,,,
2733,2023-06-26,0.0,26.25,7.73,0.0,0.0,0.0,0.0,,,,,,
2734,2023-06-27,0.0,25.65,8.84,0.0,0.0,0.0,0.0,,,,,,
2735,2023-06-28,0.0,25.47,8.58,0.0,0.0,0.0,0.0,,,,,,
2736,2023-06-29,0.0,26.26,6.25,0.0,0.0,0.0,0.0,,,,,,
2737,2023-06-30,0.0,28.55,7.47,0.0,0.0,0.0,0.0,,,,,,
2738,2023-07-01,0.0,30.29,8.82,0.0,0.0,0.0,0.0,,,,,,
2739,2023-07-02,0.0,31.96,9.92,0.0,0.0,0.0,0.0,,,,,,
2740,2023-07-03,0.0,27.98,10.66,0.0,0.0,0.0,0.0,,,,,,
2741,2023-07-04,0.0,27.88,9.88,0.0,0.0,0.0,0.0,,,,,,
2742,2023-07-05,0.0,28.26,9.38,0.0,0.0,0.0,0.0,,,,,,
2743,2023-07-06,0.0,29.67,11.07,0.0,0.0,0.0,0.0,,,,,,
2744,2023-07-07,0.0,30.4,11.65,0.0,0.0,0.0,0.0,,,,,,
2745,2023-07-08,0.0,31.82,10.26,0.0,0.0,0.0,0.0,,,,,,
2746,2023-07-09,0.0,32.08,11.73,0.0,0.0,0.0,0.0,,,,,,
2747,2023-07-10,0.0,31.6,10.27,0.0,0.0,0.0,0.0,,,,,,
2748,2023-07-11,0.0,32.11,8.4,0.0,0.0,0.0,0.0,,,,,,
2749,2023-07-12,0.0,31.6,8.43,0.0,0.0,0.0,0.0,,,,,,
2750,2023-07-13,0.0,30.4,8.7,0.0,0.0,0.0,0.0,,,,,,
2751,2023-07-14,0.0,29.91,7.35,0.0,0.0,0.0,0.0,,,,,,
2752,2023-07-15,0.0,32.87,7.42,0.0,0.0,0.0,0.0,,,,,,
2753,2023-07-16,0.0,35.51,10.23,0.0,0.0,0.0,0.0,,,,,,
2754,2023-07-17,0.0,34.1,12.63,0.0,0.0,0.0,0.0,,,,,,
2755,2023-07-18,0.0,32.66,15.48,0.0,0.0,0.0,0.0,,,,,,
2756,2023-07-19,0.0,31.91,14.24,0.0,0.0,0.0,0.0,,,,,,
2757,2023-07-20,0.0,32.21,12.06,0.0,0.0,0.0,0.0,,,,,,
2758,2023-07-21,0.0,34.95,11.03,0.0,0.0,0.0,0.0,,,,,,
2759,2023-07-22,0.0,35.25,12.85,0.0,0.0,0.0,0.0,,,,,,
2760,2023-07-23,0.0,34.31,15.2,0.0,0.0,0.0,0.0,,,,,,
2761,2023-07-24,0.0,33.34,14.56,0.0,0.0,0.0,0.0,,,,,,
2762,2023-07-25,0.0,32.74,13.08,0.0,0.0,0.0,0.0,,,,,,
2763,2023-07-26,0.0,33.64,13.83,0.0,0.0,0.0,0.0,,,,,,
2764,2023-07-27,0.0,34.36,12.87,0.0,0.0,0.0,0.0,,,,,,
2765,2023-07-28,0.0,35.18,10.82,0.0,0.0,0.0,0.0,,,,,,
2766,2023-07-29,0.0,35.35,12.12,0.0,0.0,0.0,0.0,,,,,,
2767,2023-07-30,0.0,31.91,13.87,0.0,0.0,0.0,0.0,,,,,,
2768,2023-07-31,0.81,29.98,17.17,0.0,0.0,0.0,0.0,,,,,,
2769,2023-08-01,10.33,26.87,15.86,0.0,0.0,0.0,0.0,,,,,,
2770,2023-08-02,4.08,25.75,13.2,0.0,0.0,0.0,0.0,,,,,,
2771,2023-08-03,5.63,25.66,11.1,0.0,0.0,0.0,0.0,,,,,,
2772,2023-08-04,0.0,28.56,10.41,0.0,0.0,0.0,0.0,,,,,,
2773,2023-08-05,0.0,28.41,11.06,0.0,0.0,0.0,0.0,,,,,,
2774,2023-08-06,0.0,28.21,10.66,0.0,0.0,0.0,0.0,,,,,,
2775,2023-08-07,0.0,25.93,10.91,0.0,0.0,0.0,0.0,,,,,,
2776,2023-08-08,0.0,26.29,9.36,0.0,0.0,0.0,0.0,,,,,,
2777,2023-08-09,0.0,28.94,7.97,0.0,0.0,0.0,0.0,,,,,,
2778,2023-08-10,0.0,30.8,10.44,0.0,0.0,0.0,0.0,,,,,,
2779,2023-08-11,0.0,30.38,10.68,0.0,0.0,0.0,0.0,,,,,,
2780,2023-08-12,0.0,30.34,11.59,0.0,0.0,0.0,0.0,,,,,,
2781,2023-08-13,0.0,31.47,10.56,0.0,0.0,0.0,0.0,,,,,,
2782,2023-08-14,0.0,32.7,10.44,0.0,0.0,0.0,0.0,,,,,,
2783,2023-08-15,0.0,33.26,11.87,0.0,0.0,0.0,0.0,,,,,,
2784,2023-08-16,0.0,32.8,12.34,0.0,0.0,0.0,0.0,,,,,,
2785,2023-08-17,8.0,32.06,13.4,0.0,0.0,0.0,0.0,,,,,,
2786,2023-08-18,0.0,29.44,15.06,0.0,0.0,0.0,0.0,,,,,,
2787,2023-08-19,5.08,28.56,15.03,0.0,0.0,0.0,0.0,,,,,,
2788,2023-08-20,0.0,28.33,14.74,0.0,0.0,0.0,0.0,,,,,,
2789,2023-08-21,3.0,25.32,15.4,0.0,0.0,0.0,0.0,,,,,,
2790,2023-08-22,6.32,26.13,12.91,0.0,0.0,0.0,0.0,,,,,,
2791,2023-08-23,17.62,26.28,10.7,0.0,0.0,0.0,0.0,,,,,,
2792,2023-08-24,1.03,28.21,11.04,0.0,0.0,0.0,0.0,,,,,,
2793,2023-08-25,0.0,30.15,11.49,0.0,0.0,0.0,0.0,,,,,,
2794,2023-08-26,0.0,30.1,12.71,0.0,0.0,0.0,0.0,,,,,,
2795,2023-08-27,0.0,30.66,12.41,0.0,0.0,0.0,0.0,,,,,,
2796,2023-08-28,0.0,31.9,9.19,0.0,0.0,0.0,0.0,,,,,,
2797,2023-08-29,0.0,31.25,9.33,0.0,0.0,0.0,0.0,,,,,,
2798,2023-08-30,0.0,30.43,7.7,0.0,0.0,0.0,0.0,,,,,,
2799,2023-08-31,0.0,28.34,6.64,0.0,0.0,0.0,0.0,,,,,,
2800,2023-09-01,1.25,25.71,13.89,0.0,0.0,0.0,0.0,,,,,,
2801,2023-09-02,0.0,26.89,12.87,0.0,0.0,0.0,0.0,,,,,,
2802,2023-09-03,13.71,21.2,11.62,0.0,0.0,0.0,0.0,,,,,,
2803,2023-09-04,7.64,19.57,7.61,0.0,0.0,0.0,0.0,,,,,,
2804,2023-09-05,0.0,24.86,5.6,0.0,0.0,0.0,0.0,,,,,,
2805,2023-09-06,0.0,27.4,6.11,0.0,0.0,0.0,0.0,,,,,,
2806,2023-09-07,0.0,27.93,6.46,0.0,0.0,0.0,0.0,,,,,,
2807,2023-09-08,0.0,28.25,6.55,0.0,0.0,0.0,0.0,,,,,,
2808,2023-09-09,0.0,27.86,5.92,0.0,0.0,0.0,0.0,,,,,,
2809,2023-09-10,0.0,26.59,8.0,0.0,0.0,0.0,0.0,,,,,,
2810,2023-09-11,0.0,26.13,6.34,0.0,0.0,0.0,0.0,,,,,,
2811,2023-09-12,0.0,23.3,6.12,0.0,0.0,0.0,0.0,,,,,,
2812,2023-09-13,0.93,24.41,6.03,0.0,0.0,0.0,0.0,,,,,,
2813,2023-09-14,0.0,23.69,5.74,0.0,0.0,0.0,0.0,,,,,,
2814,2023-09-15,0.0,24.33,4.2,0.0,0.0,0.0,0.0,,,,,,
2815,2023-09-16,0.0,25.99,4.24,0.0,0.0,0.0,0.0,,,,,,
2816,2023-09-17,0.0,26.83,4.71,0.0,0.0,0.0,0.0,,,,,,
2817,2023-09-18,0.0,24.27,5.19,0.0,0.0,0.0,0.0,,,,,,
2818,2023-09-19,0.0,25.08,7.07,0.0,0.0,0.0,0.0,,,,,,
2819,2023-09-20,6.73,20.81,6.71,0.0,0.0,0.0,0.0,,,,,,
2820,2023-09-21,0.0,17.29,6.13,0.0,0.0,0.0,0.0,,,,,,
2821,2023-09-22,5.65,18.05,2.09,0.0,0.0,0.0,0.0,,,,,,
2822,2023-09-23,0.0,20.77,0.08,0.0,0.0,0.0,0.0,,,,,,
2823,2023-09-24,0.0,24.71,0.76,0.0,0.0,0.0,0.0,,,,,,
2824,2023-09-25,0.0,26.45,2.37,0.0,0.0,0.0,0.0,,,,,,
2825,2023-09-26,0.0,27.01,3.4,0.0,0.0,0.0,0.0,,,,,,
2826,2023-09-27,0.0,25.39,4.05,0.0,0.0,0.0,0.0,,,,,,
2827,2023-09-28,0.0,26.23,3.26,0.0,0.0,0.0,0.0,,,,,,
2828,2023-09-29,0.0,24.56,2.98,0.0,0.0,0.0,0.0,,,,,,
2829,2023-09-30,4.67,20.79,4.19,0.0,0.0,0.0,0.0,,,,,,
2830,2023-10-01,8.44,14.16,5.58,0.0,0.0,0.0,0.0,,,,,,
2831,2023-10-02,10.53,12.25,5.36,0.0,0.0,0.0,0.0,,,,,,
2832,2023-10-03,0.96,12.71,4.81,0.0,0.0152399999999999,0.0,0.0,,,,,,
2833,2023-10-04,0.0,16.7,2.71,0.0,0.0127,0.0,0.0,,,,,,
2834,2023-10-05,0.0,20.81,2.29,0.0,0.00508,0.0,0.0,,,,,,
2835,2023-10-06,0.0,21.79,1.82,0.0,0.0,0.0,0.0,,,,,,
2836,2023-10-07,0.0,23.25,2.39,0.0,0.0,0.0,0.0,,,,,,
2837,2023-10-08,0.0,24.64,2.05,0.0,0.0,0.0,0.0,,,,,,
2838,2023-10-09,0.0,23.84,1.27,0.0,0.0,0.0,0.0,,,,,,
2839,2023-10-10,0.0,17.63,3.39,0.0,0.0,0.0,0.0,,,,,,
2840,2023-10-11,1.74,11.32,2.98,0.0,0.0,0.0,0.0,,,,,,
2841,2023-10-12,0.0,10.8,2.88,0.0,0.00508,0.00508,0.0,,,,,,
2842,2023-10-13,0.0,16.18,0.06,0.0,0.0177799999999999,0.0127,0.0,,,,,,
2843,2023-10-14,0.0,19.83,-0.73,0.0,0.0127,0.0,0.0,,,,,,
2844,2023-10-15,0.0,22.91,-2.2,0.0,0.0076199999999999,0.0,0.0,,,,,,
2845,2023-10-16,0.0,24.08,1.32,0.0,0.0,0.0,0.0,,,,,,
2846,2023-10-17,0.0,22.89,1.91,0.0,0.0,0.0,0.0,,,,,,
2847,2023-10-18,0.0,23.46,1.5,0.0,0.0,0.0,0.0,,,,,,
2848,2023-10-19,0.0,24.38,1.03,0.0,0.0,0.0,0.0,,,,,,
2849,2023-10-20,0.0,25.02,0.91,0.0,0.0,0.0,0.0,,,,,,
2850,2023-10-21,0.0,24.16,2.05,0.0,0.0,0.0,0.0,,,,,,
2851,2023-10-22,0.0,22.41,1.65,0.0,0.0,0.0,0.0,,,,,,
2852,2023-10-23,0.0,18.67,2.03,0.0,0.0,0.0,0.0,,,,,,
2853,2023-10-24,0.0,18.65,-0.01,0.0,0.0,0.0,0.0,,,,,,
2854,2023-10-25,5.44,12.52,0.52,0.0,0.0,0.0,0.0,,,,,,
2855,2023-10-26,2.22,11.32,-5.14,0.0,0.0,0.0,0.0,,,,,,
2856,2023-10-27,0.0,8.27,-8.39,0.00508,0.01016,0.0152399999999999,0.0,,,,,,
2857,2023-10-28,0.0,6.07,-6.78,0.0076199999999999,0.0152399999999999,0.0177799999999999,0.0,,,,,,
2858,2023-10-29,0.0,5.99,-9.17,0.0076199999999999,0.0152399999999999,0.0177799999999999,0.0,,,,,,
2859,2023-10-30,0.0,9.86,-10.55,0.0076199999999999,0.0152399999999999,0.0177799999999999,0.0,,,,,,
2860,2023-10-31,0.0,12.37,-8.44,0.0076199999999999,0.0152399999999999,0.0152399999999999,0.0,,,,,,
2861,2023-11-01,0.0,15.46,-4.12,0.0076199999999999,0.01016,0.0152399999999999,0.0,,,,,,
2862,2023-11-02,0.0,17.21,-3.69,0.00508,0.0076199999999999,0.01016,0.0,,,,,,
2863,2023-11-03,0.0,17.45,-0.73,0.00508,0.0076199999999999,0.01016,0.0,,,,,,
2864,2023-11-04,0.0,18.21,-0.89,0.0,0.00508,0.01016,0.0,,,,,,
2865,2023-11-05,0.0,16.41,2.8,0.0,0.00508,0.01016,0.0,,,,,,
2866,2023-11-06,2.15,10.66,3.86,0.0,0.00254,0.0076199999999999,0.0,,,,,,
2867,2023-11-07,5.67,9.01,-0.13,0.0,0.00254,0.00508,0.0,,,,,,
2868,2023-11-08,0.0,6.78,-5.16,0.0,0.0177799999999999,0.02286,0.0076199999999999,,,,,,
2869,2023-11-09,0.0,7.97,-7.78,0.0,0.0152399999999999,0.02286,0.0076199999999999,,,,,,
2870,2023-11-10,0.0,10.38,-8.19,0.0,0.0152399999999999,0.02286,0.0076199999999999,,,,,,
2871,2023-11-11,0.0,12.61,-6.08,0.0,0.0152399999999999,0.02286,0.0076199999999999,,,,,,
2872,2023-11-12,0.0,15.99,-5.57,0.0,0.0177799999999999,0.02286,0.00508,,,,,,
2873,2023-11-13,0.0,16.61,-2.18,0.0,0.0177799999999999,0.02286,0.00254,,,,,,
2874,2023-11-14,0.0,17.1,-2.03,0.0,0.0177799999999999,0.02286,0.00254,,,,,,
2875,2023-11-15,11.93,12.9,-1.5,0.0,0.0177799999999999,0.02286,0.00254,,,,,,
2876,2023-11-16,3.83,9.9,0.41,0.0,0.0177799999999999,0.02286,0.00254,,,,,,
2877,2023-11-17,0.91,7.39,-2.72,0.0076199999999999,0.0431799999999999,0.0380999999999999,0.0152399999999999,,,,,,
2878,2023-11-18,0.6,5.76,-2.73,0.0076199999999999,0.0431799999999999,0.0380999999999999,0.0152399999999999,,,,,,
2879,2023-11-19,0.7,5.73,-0.35,0.0127,0.04826,0.0431799999999999,0.0177799999999999,,,,,,
2880,2023-11-20,0.0,5.74,-4.18,0.0127,0.0584199999999999,0.05334,0.02286,,,,,,
2881,2023-11-21,0.0,6.22,-7.4,0.0127,0.0584199999999999,0.05334,0.02286,,,,,,
2882,2023-11-22,0.0,7.36,-6.13,0.0127,0.0584199999999999,0.05334,0.02286,,,,,,
2883,2023-11-23,1.45,2.08,-5.68,0.0127,0.0584199999999999,0.05334,0.02286,,,,,,
2884,2023-11-24,0.0,0.53,-6.23,0.0127,0.0584199999999999,0.05334,0.02286,,,,,,
2885,2023-11-25,0.0,0.7,-9.98,0.0152399999999999,0.0584199999999999,0.05588,0.0254,,,,,,
2886,2023-11-26,0.0,1.39,-11.65,0.0152399999999999,0.0584199999999999,0.05588,0.0254,,,,,,
2887,2023-11-27,0.0,3.93,-12.8,0.0152399999999999,0.0584199999999999,0.05588,0.0254,,,,,,
2888,2023-11-28,0.0,4.54,-9.65,0.0152399999999999,0.0609599999999999,0.0609599999999999,0.0254,,,,,,
2889,2023-11-29,0.0,4.56,-8.59,0.0152399999999999,0.0635,0.0609599999999999,0.0254,,,,,,
2890,2023-11-30,0.0,2.86,-7.4,0.0152399999999999,0.0635,0.0609599999999999,0.0254,,,,,,
2891,2023-12-01,1.29,2.4,-5.7,0.0152399999999999,0.0635,0.0609599999999999,0.0254,,,,,,
2892,2023-12-02,12.21,2.73,-3.41,0.0304799999999999,0.06858,0.0609599999999999,0.0254,,,,,,
2893,2023-12-03,7.45,4.99,-1.26,0.04572,0.0838199999999999,0.0736599999999999,0.0355599999999999,,,,,,
2894,2023-12-04,0.0,5.81,-2.77,0.0761999999999999,0.10668,0.0863599999999999,0.0508,,,,,,
2895,2023-12-05,0.0,8.6,-5.34,0.0761999999999999,0.10668,0.09652,0.0508,,,,,,
2896,2023-12-06,1.54,7.88,-5.39,0.0761999999999999,0.10668,0.09652,0.0508,,,,,,
2897,2023-12-07,4.83,3.05,-4.45,0.0761999999999999,0.10922,0.09652,0.05334,,,,,,
2898,2023-12-08,5.94,-3.34,-11.02,0.0761999999999999,0.11938,0.1016,0.05334,,,,,,
2899,2023-12-09,0.0,-1.76,-15.51,0.0863599999999999,0.13462,0.1168399999999999,0.0584199999999999,,,,,,
2900,2023-12-10,0.0,3.21,-10.48,0.0863599999999999,0.13462,0.1168399999999999,0.0584199999999999,,,,,,
2901,2023-12-11,0.0,4.63,-5.3,0.0888999999999999,0.13716,0.11938,0.0609599999999999,,,,,,
2902,2023-12-12,0.0,2.91,-4.61,0.0888999999999999,0.13716,0.11938,0.0609599999999999,,,,,,
2903,2023-12-13,0.0,2.4,-7.7,0.0888999999999999,0.13716,0.11938,0.0609599999999999,,,,,,
2904,2023-12-14,0.0,2.79,-8.46,0.0888999999999999,0.13716,0.11938,0.0609599999999999,,,,,,
2905,2023-12-15,0.0,3.03,-9.37,0.0888999999999999,0.13716,0.11938,0.0609599999999999,,,,,,
2906,2023-12-16,0.0,4.01,-7.98,0.0888999999999999,0.13716,0.11938,0.0609599999999999,,,,,,
2907,2023-12-17,0.0,4.28,-9.66,0.0888999999999999,0.13716,0.11938,0.0609599999999999,,,,,,
2908,2023-12-18,0.0,8.28,-5.78,0.0888999999999999,0.1397,0.11938,0.0609599999999999,,,,,,
2909,2023-12-19,0.0,8.09,-1.37,0.0888999999999999,0.1397,0.11938,0.0609599999999999,,,,,,
2910,2023-12-20,0.0,8.24,-1.85,0.0888999999999999,0.1397,0.11938,0.06604,,,,,,
2911,2023-12-21,0.0,6.54,-3.9,0.0888999999999999,0.1397,0.11938,0.06858,,,,,,
2912,2023-12-22,2.49,4.25,-4.98,0.0888999999999999,0.1397,0.11938,0.06858,,,,,,
2913,2023-12-23,0.0,0.56,-8.51,0.0888999999999999,0.1397,0.11938,0.06858,,,,,,
2914,2023-12-24,0.0,-1.49,-14.52,0.09144,0.14478,0.12446,0.0736599999999999,,,,,,
2915,2023-12-25,0.0,-1.55,-16.44,0.09144,0.14478,0.12446,0.0736599999999999,,,,,,
2916,2023-12-26,0.0,0.91,-15.87,0.0888999999999999,0.14478,0.12446,0.0736599999999999,,,,,,
2917,2023-12-27,0.0,4.43,-8.99,0.0838199999999999,0.14478,0.12446,0.0736599999999999,,,,,,
2918,2023-12-28,0.0,5.51,-7.75,0.0838199999999999,0.14478,0.12446,0.0736599999999999,,,,,,
2919,2023-12-29,0.0,6.3,-8.01,0.08128,0.14478,0.12446,0.0736599999999999,,,,,,
2920,2023-12-30,0.0,6.21,-6.17,0.08128,0.14478,0.12446,0.0736599999999999,,,,,,
2921,2023-12-31,0.0,5.89,-7.28,0.08128,0.14478,0.12446,0.0736599999999999,,,,,,
2922,2024-01-01,0.0,4.66,-9.04,0.08128,0.14478,0.12446,0.0711199999999999,,,,,,
2923,2024-01-02,0.0,1.98,-10.18,0.08128,0.14478,0.12446,0.0711199999999999,,,,,,
2924,2024-01-03,0.0,2.71,-9.53,0.08128,0.14478,0.12446,0.0711199999999999,,,,,,
2925,2024-01-04,0.0,1.76,-5.58,0.08128,0.14478,0.12446,0.0711199999999999,,,,,,
2926,2024-01-05,0.0,0.39,-7.05,0.08128,0.14986,0.127,0.0736599999999999,,,,,,
2927,2024-01-06,0.37,-1.02,-8.56,0.08128,0.15494,0.13208,0.0761999999999999,,,,,,
2928,2024-01-07,0.0,-2.23,-11.07,0.0838199999999999,0.15494,0.13208,0.07874,,,,,,
2929,2024-01-08,0.0,0.86,-14.12,0.0863599999999999,0.17018,0.1473199999999999,0.0888999999999999,,,,,,
2930,2024-01-09,2.06,-1.43,-12.34,0.0863599999999999,0.17018,0.1473199999999999,0.0888999999999999,,,,,,
2931,2024-01-10,2.52,-3.15,-12.93,0.0888999999999999,0.1777999999999999,0.15748,0.1016,,,,,,
2932,2024-01-11,2.1,-1.46,-15.42,0.1016,0.19304,0.1676399999999999,0.1143,,,,,,
2933,2024-01-12,6.46,0.49,-8.78,0.1041399999999999,0.19558,0.1676399999999999,0.1143,,,,,,
2934,2024-01-13,11.28,0.24,-8.98,0.127,0.21082,0.18542,0.13716,,,,,,
2935,2024-01-14,5.82,-0.68,-2.55,0.1397,0.22606,0.18796,0.14478,,,,,,
2936,2024-01-15,1.96,-5.44,-17.77,0.15494,0.2463799999999999,0.2032,0.1651,,,,,,
2937,2024-01-16,0.78,0.6,-19.29,0.15494,0.2463799999999999,0.2032,0.1651,,,,,,
2938,2024-01-17,4.23,5.27,-9.38,0.15494,0.25146,0.2057399999999999,0.1651,,,,,,
2939,2024-01-18,0.0,3.23,-5.53,0.18288,0.2717799999999999,0.21844,0.18796,,,,,,
2940,2024-01-19,0.0,4.55,-6.13,0.18288,0.2717799999999999,0.21844,0.18796,,,,,,
2941,2024-01-20,0.0,3.93,-4.9,0.18542,0.2717799999999999,0.21844,0.18796,,,,,,
2942,2024-01-21,0.0,4.79,-2.98,0.18542,0.2717799999999999,0.21844,0.18796,,,,,,
2943,2024-01-22,0.0,5.2,-0.73,0.18796,0.27432,0.21844,0.19558,,,,,,
2944,2024-01-23,0.0,5.78,-0.38,0.18796,0.27432,0.21844,0.19558,,,,,,
2945,2024-01-24,0.0,2.91,-2.29,0.1905,0.27432,0.21844,0.19558,,,,,,
2946,2024-01-25,2.15,3.98,-2.87,0.1905,0.27432,0.21844,0.19558,,,,,,
2947,2024-01-26,0.0,4.17,-4.4,0.19304,0.2844799999999999,0.22352,0.2032,,,,,,
2948,2024-01-27,0.0,6.2,-5.67,0.19304,0.2844799999999999,0.22606,0.2032,,,,,,
2949,2024-01-28,0.0,8.65,-4.11,0.19558,0.2844799999999999,0.22606,0.2032,,,,,,
2950,2024-01-29,0.0,7.45,-3.32,0.19558,0.2844799999999999,0.22606,0.2032,,,,,,
2951,2024-01-30,0.0,8.88,-6.06,0.19558,0.2844799999999999,0.22606,0.2032,,,,,,
2952,2024-01-31,0.0,9.79,-6.03,0.19558,0.2844799999999999,0.22606,0.2032,,,,,,
2953,2024-02-01,0.39,5.66,-3.07,0.19558,0.2844799999999999,0.22606,0.2032,,,,,,
2954,2024-02-02,1.7,4.28,-0.2,0.19812,0.2844799999999999,0.22606,0.2082799999999999,,,,,,
2955,2024-02-03,0.0,3.9,-3.78,0.21082,0.30226,0.2438399999999999,0.2209799999999999,,,,,,
2956,2024-02-04,0.0,4.05,-7.14,0.21336,0.30734,0.24892,0.2336799999999999,,,,,,
2957,2024-02-05,4.0,6.24,0.08,0.2158999999999999,0.30734,0.24892,0.2336799999999999,,,,,,
2958,2024-02-06,2.76,3.02,0.02,0.2209799999999999,0.3175,0.25654,0.2463799999999999,,,,,,
2959,2024-02-07,3.62,1.73,-5.34,0.22606,0.3175,0.25654,0.2463799999999999,,,,,,
2960,2024-02-08,3.09,0.94,-6.72,0.24892,0.34036,0.27432,0.26924,,,,,,
2961,2024-02-09,0.0,-0.2,-10.09,0.25146,0.3479799999999999,0.27686,0.27432,,,,,,
2962,2024-02-10,0.0,-1.68,-15.77,0.25146,0.35052,0.27686,0.2794,,,,,,
2963,2024-02-11,0.0,0.67,-16.86,0.25146,0.35052,0.2794,0.2794,,,,,,
2964,2024-02-12,0.0,3.57,-13.14,0.25146,0.35052,0.2794,0.2794,,,,,,
2965,2024-02-13,3.29,6.15,-10.99,0.25146,0.35052,0.2794,0.2794,,,,,,
2966,2024-02-14,1.45,5.06,-4.52,0.25146,0.35052,0.2794,0.2794,,,,,,
2967,2024-02-15,2.45,3.88,-1.98,0.254,0.3555999999999999,0.2844799999999999,0.28702,,,,,,
2968,2024-02-16,0.88,1.74,-8.88,0.25654,0.37338,0.28956,0.2946399999999999,,,,,,
2969,2024-02-17,0.83,1.56,-12.72,0.26162,0.37592,0.2946399999999999,0.29972,,,,,,
2970,2024-02-18,1.5,5.28,-9.57,0.26162,0.37846,0.29972,0.30226,,,,,,
2971,2024-02-19,8.06,6.48,-9.27,0.26416,0.39116,0.29972,0.30734,,,,,,
2972,2024-02-20,0.0,6.4,-0.18,0.27432,0.40132,0.31242,0.3175,,,,,,
2973,2024-02-21,4.05,6.17,-1.3,0.2819399999999999,0.4191,0.32512,0.32766,,,,,,
2974,2024-02-22,0.0,6.73,-6.12,0.28702,0.4292599999999999,0.33274,0.3352799999999999,,,,,,
2975,2024-02-23,0.0,8.09,-7.87,0.28702,0.4292599999999999,0.33274,0.3352799999999999,,,,,,
2976,2024-02-24,0.0,11.13,-8.53,0.28702,0.4292599999999999,0.33274,0.3352799999999999,,,,,,
2977,2024-02-25,0.0,11.47,-6.0,0.28702,0.4292599999999999,0.33274,0.33782,,,,,,
2978,2024-02-26,0.0,2.69,-4.38,0.28956,0.4317999999999999,0.33274,0.34036,,,,,,
2979,2024-02-27,0.0,3.23,-10.87,0.2971799999999999,0.4419599999999999,0.3429,0.3454399999999999,,,,,,
2980,2024-02-28,0.0,8.95,-13.95,0.2971799999999999,0.45212,0.35052,0.3454399999999999,,,,,,
2981,2024-02-29,0.0,11.5,-7.16,0.2971799999999999,0.4546599999999999,0.35052,0.35052,,,,,,
2982,2024-03-01,0.0,9.08,-1.03,0.29972,0.4546599999999999,0.35052,0.35052,,,,,,
2983,2024-03-02,11.25,3.33,-10.03,0.29972,0.4546599999999999,0.35052,0.35052,,,,,,
2984,2024-03-03,3.36,-0.65,-13.29,0.30734,0.4826,0.37592,0.3682999999999999,,,,,,
2985,2024-03-04,0.0,3.99,-13.46,0.31242,0.4927599999999999,0.381,0.37084,,,,,,
2986,2024-03-05,0.0,7.23,-11.44,0.31496,0.5003799999999999,0.381,0.37338,,,,,,
2987,2024-03-06,2.23,5.64,-1.69,0.31496,0.5003799999999999,0.381,0.37592,,,,,,
2988,2024-03-07,1.48,4.2,-4.66,0.3175,0.5054599999999999,0.381,0.37592,,,,,,
2989,2024-03-08,0.0,5.37,-9.9,0.32004,0.51308,0.38862,0.38608,,,,,,
2990,2024-03-09,0.0,9.99,-12.75,0.32004,0.51308,0.39116,0.38608,,,,,,
2991,2024-03-10,0.0,11.35,-5.58,0.32004,0.51308,0.3937,0.38608,,,,,,
2992,2024-03-11,0.0,8.46,-1.84,0.32004,0.51308,0.3937,0.38608,,,,,,
2993,2024-03-12,3.37,4.88,-2.81,0.32004,0.51308,0.3937,0.38608,,,,,,
2994,2024-03-13,0.0,4.32,-4.89,0.32512,0.5257799999999999,0.4064,0.39624,,,,,,
2995,2024-03-14,0.0,5.5,-5.17,0.32512,0.5308599999999999,0.4064,0.39624,,,,,,
2996,2024-03-15,0.0,8.1,-3.38,0.32766,0.5308599999999999,0.4064,0.3987799999999999,,,,,,
2997,2024-03-16,0.0,10.69,-4.1,0.33274,0.5334,0.40894,0.3987799999999999,,,,,,
2998,2024-03-17,0.0,14.38,-2.48,0.33274,0.5334,0.40894,0.3987799999999999,,,,,,
2999,2024-03-18,0.0,15.64,-4.38,0.33274,0.5334,0.40894,0.3987799999999999,,,,,,
3000,2024-03-19,0.0,15.84,-3.83,0.33274,0.5334,0.40894,0.3987799999999999,,,,,,
3001,2024-03-20,0.0,14.63,-2.92,0.33274,0.5334,0.40894,0.3987799999999999,,,,,,
3002,2024-03-21,0.0,15.92,-2.83,0.33274,0.5334,0.40894,0.3987799999999999,,,,,,
3003,2024-03-22,0.0,14.56,-3.66,0.33274,0.5334,0.40894,0.3987799999999999,,,,,,
3004,2024-03-23,7.41,8.73,0.03,0.3352799999999999,0.5334,0.40894,0.3987799999999999,,,,,,
3005,2024-03-24,0.0,6.45,-3.17,0.34036,0.5461,0.4165599999999999,0.4064,,,,,,
3006,2024-03-25,3.83,3.57,-4.08,0.3429,0.55372,0.42164,0.40894,,,,,,
3007,2024-03-26,8.22,6.31,-3.92,0.3454399999999999,0.55626,0.42164,0.40894,,,,,,
3008,2024-03-27,0.0,6.28,-4.72,0.3606799999999999,0.5689599999999999,0.43434,0.42672,,,,,,
3009,2024-03-28,6.24,7.77,-2.22,0.36322,0.57404,0.43688,0.4292599999999999,,,,,,
3010,2024-03-29,4.3,6.89,-3.23,0.36576,0.5969,0.45212,0.43434,,,,,,
3011,2024-03-30,6.44,7.89,0.97,0.3682999999999999,0.60198,0.4546599999999999,0.43942,,,,,,
3012,2024-03-31,0.0,8.88,-0.07,0.37338,0.61722,0.45974,0.45212,,,,,,
3013,2024-04-01,0.0,11.35,-3.96,0.381,0.635,0.46482,0.45974,,,,,,
3014,2024-04-02,0.0,16.45,-3.85,0.37846,0.635,0.46482,0.45974,,,,,,
3015,2024-04-03,0.0,17.93,-2.33,0.37846,0.635,0.46482,0.45974,,,,,,
3016,2024-04-04,0.0,15.39,1.37,0.37592,0.635,0.46482,0.4572,,,,,,
3017,2024-04-05,1.52,7.22,-2.65,0.37592,0.635,0.46482,0.4572,,,,,,
3018,2024-04-06,2.99,4.93,-4.9,0.37846,0.635,0.4622799999999999,0.45974,,,,,,
3019,2024-04-07,0.0,7.44,-5.64,0.381,0.635,0.4622799999999999,0.4622799999999999,,,,,,
3020,2024-04-08,0.0,9.68,-5.94,0.381,0.63754,0.4622799999999999,0.45974,,,,,,
3021,2024-04-09,0.0,13.06,-5.16,0.381,0.63754,0.46482,0.4572,,,,,,
3022,2024-04-10,0.0,16.88,-2.31,0.3682999999999999,0.63754,0.46482,0.4546599999999999,,,,,,
3023,2024-04-11,0.0,20.48,-2.46,0.35306,0.63754,0.4622799999999999,0.44958,,,,,,
3024,2024-04-12,0.0,21.74,2.25,0.3302,0.6324599999999999,0.4572,0.4419599999999999,,,,,,
3025,2024-04-13,0.0,19.42,1.84,0.31242,0.61976,0.4419599999999999,0.42672,,,,,,
3026,2024-04-14,3.92,13.55,1.47,0.2971799999999999,0.6095999999999999,0.4292599999999999,0.4064,,,,,,
3027,2024-04-15,1.04,13.28,2.4,0.2794,0.60198,0.4114799999999999,0.38862,,,,,,
3028,2024-04-16,0.0,13.32,3.52,0.28956,0.61214,0.4241799999999999,0.40386,,,,,,
3029,2024-04-17,0.0,12.61,-1.62,0.2844799999999999,0.61214,0.4165599999999999,0.3937,,,,,,
3030,2024-04-18,0.0,13.83,-4.1,0.27686,0.61214,0.4165599999999999,0.38354,,,,,,
3031,2024-04-19,0.0,16.56,-1.74,0.2667,0.6095999999999999,0.4114799999999999,0.37084,,,,,,
3032,2024-04-20,0.0,19.97,-0.61,0.25908,0.60452,0.4064,0.3606799999999999,,,,,,
3033,2024-04-21,0.0,21.16,0.21,0.23876,0.5969,0.3937,0.34036,,,,,,
3034,2024-04-22,0.0,21.65,2.55,0.2158999999999999,0.5841999999999999,0.37084,0.30988,,,,,,
3035,2024-04-23,0.0,22.39,4.41,0.18796,0.5638799999999999,0.35052,0.2920999999999999,,,,,,
3036,2024-04-24,0.0,18.67,5.67,0.1676399999999999,0.5435599999999999,0.3302,0.27432,,,,,,
3037,2024-04-25,10.24,13.31,3.53,0.1523999999999999,0.52324,0.3047999999999999,0.24892,,,,,,
3038,2024-04-26,11.45,12.87,3.05,0.13716,0.51562,0.2946399999999999,0.2311399999999999,,,,,,
3039,2024-04-27,8.22,11.8,3.8,0.1422399999999999,0.5206999999999999,0.30226,0.2286,,,,,,
3040,2024-04-28,1.85,14.68,1.32,0.13716,0.5206999999999999,0.30988,0.22352,,,,,,
3041,2024-04-29,0.93,15.18,0.18,0.12954,0.51562,0.30988,0.21844,,,,,,
3042,2024-04-30,0.0,10.81,-0.25,0.11938,0.52324,0.29972,0.20066,,,,,,
3043,2024-05-01,0.0,12.35,-2.85,0.10668,0.51816,0.28956,0.18796,,,,,,
3044,2024-05-02,0.0,12.37,-3.3,0.09398,0.508,0.2844799999999999,0.1777999999999999,,,,,,
3045,2024-05-03,0.0,16.31,-1.26,0.07874,0.5054599999999999,0.26416,0.16256,,,,,,
3046,2024-05-04,0.0,16.88,-1.51,0.07874,0.5054599999999999,0.2717799999999999,0.1676399999999999,,,,,,
3047,2024-05-05,4.04,11.7,0.77,0.05588,0.4952999999999999,0.23876,0.13716,,,,,,
3048,2024-05-06,13.28,6.3,0.12,0.04826,0.49022,0.23622,0.12446,,,,,,
3049,2024-05-07,1.2,7.34,-1.84,0.0609599999999999,0.5003799999999999,0.2463799999999999,0.13208,,,,,,
3050,2024-05-08,0.0,10.48,-0.48,0.0761999999999999,0.51816,0.26924,0.14986,,,,,,
3051,2024-05-09,0.0,13.56,1.42,0.0761999999999999,0.5206999999999999,0.26924,0.14986,,,,,,
3052,2024-05-10,0.52,17.55,1.62,0.0736599999999999,0.5206999999999999,0.26162,0.1422399999999999,,,,,,
3053,2024-05-11,1.82,21.21,3.02,0.06858,0.51816,0.25908,0.13716,,,,,,
3054,2024-05-12,0.0,23.18,2.99,0.05588,0.51308,0.2413,0.1143,,,,,,
3055,2024-05-13,2.22,20.95,4.55,0.0177799999999999,0.4952999999999999,0.21336,0.08128,,,,,,
3056,2024-05-14,0.0,19.63,1.98,0.0,0.49022,0.18796,0.0508,,,,,,
3057,2024-05-15,0.0,21.22,1.84,0.0,0.47244,0.1676399999999999,0.02032,,,,,,
3058,2024-05-16,0.0,23.33,2.27,0.0,0.44958,0.1473199999999999,0.0,,,,,,
3059,2024-05-17,0.0,23.57,2.96,0.0,0.4114799999999999,0.11938,0.0,,,,,,
3060,2024-05-18,0.0,21.24,3.11,0.0,0.37846,0.0863599999999999,0.0,,,,,,
3061,2024-05-19,4.71,13.53,7.0,0.0,0.33782,0.0508,0.0,,,,,,
3062,2024-05-20,5.21,14.32,1.06,0.0,0.30226,0.0254,0.0,,,,,,
3063,2024-05-21,0.0,17.19,-0.77,0.0,0.29972,0.0,0.0,,,,,,
3064,2024-05-22,0.0,14.72,1.28,0.0,0.30734,0.0,0.0,,,,,,
3065,2024-05-23,0.0,16.18,-0.68,0.0,0.2844799999999999,0.0,0.0,,,,,,
3066,2024-05-24,0.71,14.75,-1.13,0.0,0.2844799999999999,0.0,0.0,,,,,,
3067,2024-05-25,0.0,16.33,3.21,0.0,0.26416,0.0,0.0,,,,,,
3068,2024-05-26,0.0,21.95,1.5,0.0,0.26924,0.0,0.0,,,,,,
3069,2024-05-27,0.0,25.4,2.29,0.0,0.25654,0.0,0.0,,,,,,
3070,2024-05-28,0.0,25.02,5.33,0.0,0.22352,0.0,0.0,,,,,,
3071,2024-05-29,0.0,21.44,3.59,0.0,0.1905,0.0,0.0,,,,,,
3072,2024-05-30,0.0,21.82,0.67,0.0,0.1523999999999999,0.0,0.0,,,,,,
3073,2024-05-31,0.0,25.97,2.87,0.0,0.12446,0.0,0.0,,,,,,
3074,2024-06-01,0.0,25.67,6.44,0.0,0.09398,0.0,0.0,,,,,,
3075,2024-06-02,0.0,22.33,9.16,0.0,0.0609599999999999,0.0,0.0,,,,,,
3076,2024-06-03,0.0,21.94,9.36,0.0,0.0254,0.0,0.0,,,,,,
3077,2024-06-04,0.0,24.87,6.2,0.0,0.0127,0.0,0.0,,,,,,
3078,2024-06-05,3.8,25.91,6.73,0.0,0.00508,0.0,0.0,,,,,,
3079,2024-06-06,13.0,29.69,4.82,0.0,0.0,0.0,0.0,,,,,,
3080,2024-06-07,0.5,28.62,13.13,0.0,0.0,0.0,0.0,,,,,,
3081,2024-06-08,0.3,28.03,6.51,0.0,0.0,0.0,0.0,,,,,,
3082,2024-06-09,0.0,28.4,6.83,0.0,0.0,0.0,0.0,,,,,,
3083,2024-06-10,0.0,28.48,8.16,0.0,0.0,0.0,0.0,,,,,,
3084,2024-06-11,0.0,31.04,7.49,0.0,0.0,0.0,0.0,,,,,,
3085,2024-06-12,0.0,33.07,9.75,0.0,0.0,0.0,0.0,,,,,,
3086,2024-06-13,0.0,31.08,10.16,0.0,0.0,0.0,0.0,,,,,,
3087,2024-06-14,0.0,28.22,13.3,0.0,0.0,0.0,0.0,,,,,,
3088,2024-06-15,0.0,26.9,8.3,0.0,0.0,0.0,0.0,,,,,,
3089,2024-06-16,0.0,23.13,5.11,0.0,0.0,0.0,0.0,,,,,,
3090,2024-06-17,0.0,20.69,0.18,0.0,0.0,0.0,0.0,,,,,,
3091,2024-06-18,0.0,22.19,0.42,0.0,0.0,0.0,0.0,,,,,,
3092,2024-06-19,0.0,24.35,6.29,0.0,0.0,0.0,0.0,,,,,,
3093,2024-06-20,0.0,28.61,10.0,0.0,0.0,0.0,0.0,,,,,,
3094,2024-06-21,0.0,30.74,8.99,0.0,0.0,0.0,0.0,,,,,,
3095,2024-06-22,0.0,32.89,8.77,0.0,0.0,0.0,0.0,,,,,,
3096,2024-06-23,0.0,32.74,12.05,0.0,0.0,0.0,0.0,,,,,,
3097,2024-06-24,0.0,33.18,11.88,0.0,0.0,0.0,0.0,,,,,,
3098,2024-06-25,0.0,32.37,12.12,0.0,0.0,0.0,0.0,,,,,,
3099,2024-06-26,0.0,29.25,15.16,0.0,0.0,0.0,0.0,,,,,,
3100,2024-06-27,0.0,27.85,10.85,0.0,0.0,0.0,0.0,,,,,,
3101,2024-06-28,0.0,29.77,8.39,0.0,0.0,0.0,0.0,,,,,,
3102,2024-06-29,0.0,32.56,9.27,0.0,0.0,0.0,0.0,,,,,,
3103,2024-06-30,0.0,28.23,10.56,0.0,0.0,0.0,0.0,,,,,,
3104,2024-07-01,0.0,25.62,6.93,0.0,0.0,0.0,0.0,,,,,,
3105,2024-07-02,0.0,25.49,4.67,0.0,0.0,0.0,0.0,,,,,,
3106,2024-07-03,0.0,26.39,4.27,0.0,0.0,0.0,0.0,,,,,,
3107,2024-07-04,0.0,27.84,3.65,0.0,0.0,0.0,0.0,,,,,,
3108,2024-07-05,0.0,28.47,4.87,0.0,0.0,0.0,0.0,,,,,,
3109,2024-07-06,0.0,29.01,5.63,0.0,0.0,0.0,0.0,,,,,,
3110,2024-07-07,0.0,30.59,7.24,0.0,0.0,0.0,0.0,,,,,,
3111,2024-07-08,0.0,32.33,7.88,0.0,0.0,0.0,0.0,,,,,,
3112,2024-07-09,0.0,34.46,9.05,0.0,0.0,0.0,0.0,,,,,,
3113,2024-07-10,0.0,36.28,10.03,0.0,0.0,0.0,0.0,,,,,,
3114,2024-07-11,0.0,36.59,10.48,0.0,0.0,0.0,0.0,,,,,,
3115,2024-07-12,0.0,35.67,11.08,0.0,0.0,0.0,0.0,,,,,,
3116,2024-07-13,0.0,34.4,12.57,0.0,0.0,0.0,0.0,,,,,,
3117,2024-07-14,0.0,32.71,14.22,0.0,0.0,0.0,0.0,,,,,,
3118,2024-07-15,0.0,31.62,11.91,0.0,0.0,0.0,0.0,,,,,,
3119,2024-07-16,0.0,33.3,12.37,0.0,0.0,0.0,0.0,,,,,,
3120,2024-07-17,0.0,34.39,12.43,0.0,0.0,0.0,0.0,,,,,,
3121,2024-07-18,0.0,34.46,13.7,0.0,0.0,0.0,0.0,,,,,,
3122,2024-07-19,0.0,34.59,12.58,0.0,0.0,0.0,0.0,,,,,,
3123,2024-07-20,0.0,33.18,12.95,0.0,0.0,0.0,0.0,,,,,,
3124,2024-07-21,0.0,33.01,12.31,0.0,0.0,0.0,0.0,,,,,,
3125,2024-07-22,0.0,33.84,10.34,0.0,0.0,0.0,0.0,,,,,,
3126,2024-07-23,0.0,35.02,11.61,0.0,0.0,0.0,0.0,,,,,,
3127,2024-07-24,0.0,33.06,14.03,0.0,0.0,0.0,0.0,,,,,,
3128,2024-07-25,1.03,31.9,15.82,0.0,0.0,0.0,0.0,,,,,,
3129,2024-07-26,0.0,29.48,13.41,0.0,0.0,0.0,0.0,,,,,,
3130,2024-07-27,0.0,30.48,11.95,0.0,0.0,0.0,0.0,,,,,,
3131,2024-07-28,0.0,31.4,9.14,0.0,0.0,0.0,0.0,,,,,,
3132,2024-07-29,0.0,30.82,8.48,0.0,0.0,0.0,0.0,,,,,,
3133,2024-07-30,0.0,30.69,9.2,0.0,0.0,0.0,0.0,,,,,,
3134,2024-07-31,0.0,32.87,8.63,0.0,0.0,0.0,0.0,,,,,,
3135,2024-08-01,0.0,35.46,9.32,0.0,0.0,0.0,0.0,,,,,,
3136,2024-08-02,0.0,34.53,10.68,0.0,0.0,0.0,0.0,,,,,,
3137,2024-08-03,1.65,33.54,12.88,0.0,0.0,0.0,0.0,,,,,,
3138,2024-08-04,0.0,31.69,12.68,0.0,0.0,0.0,0.0,,,,,,
3139,2024-08-05,2.27,35.06,13.08,0.0,0.0,0.0,0.0,,,,,,
3140,2024-08-06,0.0,34.57,13.37,0.0,0.0,0.0,0.0,,,,,,
3141,2024-08-07,0.0,33.36,12.15,0.0,0.0,0.0,0.0,,,,,,
3142,2024-08-08,0.0,33.34,12.53,0.0,0.0,0.0,0.0,,,,,,
3143,2024-08-09,0.0,32.93,11.81,0.0,0.0,0.0,0.0,,,,,,
3144,2024-08-10,0.0,32.18,12.59,0.0,0.0,0.0,0.0,,,,,,
3145,2024-08-11,2.11,29.06,12.87,0.0,0.0,0.0,0.0,,,,,,
3146,2024-08-12,10.58,28.8,14.49,0.0,0.0,0.0,0.0,,,,,,
3147,2024-08-13,4.02,28.65,10.48,0.0,0.0,0.0,0.0,,,,,,
3148,2024-08-14,0.0,29.44,9.83,0.0,0.0,0.0,0.0,,,,,,
3149,2024-08-15,0.0,31.0,8.42,0.0,0.0,0.0,0.0,,,,,,
3150,2024-08-16,0.0,29.15,9.17,0.0,0.0,0.0,0.0,,,,,,
3151,2024-08-17,9.02,28.89,10.71,0.0,0.0,0.0,0.0,,,,,,
3152,2024-08-18,6.16,30.22,11.78,0.0,0.0,0.0,0.0,,,,,,
3153,2024-08-19,0.0,31.3,11.35,0.0,0.0,0.0,0.0,,,,,,
3154,2024-08-20,0.0,31.33,10.74,0.0,0.0,0.0,0.0,,,,,,
3155,2024-08-21,0.55,28.61,10.36,0.0,0.0,0.0,0.0,,,,,,
3156,2024-08-22,2.54,26.88,8.85,0.0,0.0,0.0,0.0,,,,,,
3157,2024-08-23,0.0,28.22,15.23,0.0,0.0,0.0,0.0,,,,,,
3158,2024-08-24,0.0,26.63,13.1,0.0,0.0,0.0,0.0,,,,,,
3159,2024-08-25,0.88,24.66,7.79,0.0,0.0,0.0,0.0,,,,,,
3160,2024-08-26,0.3,26.53,5.99,0.0,0.0,0.0,0.0,,,,,,
3161,2024-08-27,0.0,27.79,5.16,0.0,0.0,0.0,0.0,,,,,,
3162,2024-08-28,0.0,26.68,6.69,0.0,0.0,0.0,0.0,,,,,,
3163,2024-08-29,0.0,27.64,3.99,0.0,0.0,0.0,0.0,,,,,,
3164,2024-08-30,0.0,29.83,3.78,0.0,0.0,0.0,0.0,,,,,,
3165,2024-08-31,0.0,31.53,5.31,0.0,0.0,0.0,0.0,,,,,,
3166,2024-09-01,0.0,30.52,7.36,0.0,0.0,0.0,0.0,,,,,,
3167,2024-09-02,1.02,30.89,9.05,0.0,0.0,0.0,0.0,,,,,,
3168,2024-09-03,5.75,25.85,10.7,0.0,0.0,0.0,0.0,,,,,,
3169,2024-09-04,0.0,26.67,8.46,0.0,0.0,0.0,0.0,,,,,,
3170,2024-09-05,0.0,28.72,6.02,0.0,0.0,0.0,0.0,,,,,,
3171,2024-09-06,0.0,30.86,7.21,0.0,0.0,0.0,0.0,,,,,,
3172,2024-09-07,0.0,30.81,7.84,0.0,0.0,0.0,0.0,,,,,,
3173,2024-09-08,0.0,30.26,9.44,0.0,0.0,0.0,0.0,,,,,,
3174,2024-09-09,0.0,30.15,9.42,0.0,0.0,0.0,0.0,,,,,,
3175,2024-09-10,7.1,27.45,9.46,0.0,0.0,0.0,0.0,,,,,,
3176,2024-09-11,0.0,21.16,11.98,0.0,0.0,0.0,0.0,,,,,,
3177,2024-09-12,0.0,20.45,2.01,0.0,0.0,0.0,0.0,,,,,,
3178,2024-09-13,0.0,24.84,1.35,0.0,0.0,0.0,0.0,,,,,,
3179,2024-09-14,0.0,27.69,3.18,0.0,0.0,0.0,0.0,,,,,,
3180,2024-09-15,4.62,25.5,6.33,0.0,0.0,0.0,0.0,,,,,,
3181,2024-09-16,4.24,18.38,8.26,0.0,0.0,0.0,0.0,,,,,,
3182,2024-09-17,0.0,18.74,3.02,0.0,0.0,0.0,0.0,,,,,,
3183,2024-09-18,0.0,21.63,2.11,0.0,0.0,0.0,0.0,,,,,,
3184,2024-09-19,0.0,24.09,2.05,0.0,0.0,0.0,0.0,,,,,,
3185,2024-09-20,0.0,25.04,4.24,0.0,0.0,0.0,0.0,,,,,,
3186,2024-09-21,0.3,24.82,4.85,0.0,0.0,0.0,0.0,,,,,,
3187,2024-09-22,0.3,23.39,3.02,0.0,0.0,0.0,0.0,,,,,,
3188,2024-09-23,0.0,25.52,3.28,0.0,0.0,0.0,0.0,,,,,,
3189,2024-09-24,0.0,28.38,3.38,0.0,0.0,0.0,0.0,,,,,,
3190,2024-09-25,0.0,28.92,5.86,0.0,0.0,0.0,0.0,,,,,,
3191,2024-09-26,0.0,29.34,6.84,0.0,0.0,0.0,0.0,,,,,,
3192,2024-09-27,0.0,30.5,5.25,0.0,0.0,0.0,0.0,,,,,,
3193,2024-09-28,0.0,31.22,6.49,0.0,0.0,0.0,0.0,,,,,,
3194,2024-09-29,0.0,27.26,9.27,0.0,0.0,0.0,0.0,,,,,,
3195,2024-09-30,0.0,26.08,3.31,0.0,0.0,0.0,0.0,,,,,,
3196,2024-10-01,0.0,26.44,1.67,0.0,0.0,0.0,0.0,,,,,,
3197,2024-10-02,0.0,26.3,3.83,0.0,0.0,0.0,0.0,,,,,,
3198,2024-10-03,0.0,28.27,3.24,0.0,0.0,0.0,0.0,,,,,,
3199,2024-10-04,0.0,26.1,4.12,0.0,0.0,0.0,0.0,,,,,,
3200,2024-10-05,0.0,25.53,4.68,0.0,0.0,0.0,0.0,,,,,,
3201,2024-10-06,0.0,26.25,3.25,0.0,0.0,0.0,0.0,,,,,,
3202,2024-10-07,0.0,26.77,3.96,0.0,0.0,0.0,0.0,,,,,,
3203,2024-10-08,0.0,26.8,4.17,0.0,0.0,0.0,0.0,,,,,,
3204,2024-10-09,0.0,26.89,5.15,0.0,0.0,0.0,0.0,,,,,,
3205,2024-10-10,0.0,26.46,5.81,0.0,0.0,0.0,0.0,,,,,,
3206,2024-10-11,0.0,26.87,5.7,0.0,0.0,0.0,0.0,,,,,,
3207,2024-10-12,0.0,26.03,4.15,0.0,0.0,0.0,0.0,,,,,,
3208,2024-10-13,0.0,25.67,3.37,0.0,0.0,0.0,0.0,,,,,,
3209,2024-10-14,0.0,25.44,4.21,0.0,0.0,0.0,0.0,,,,,,
3210,2024-10-15,0.0,24.17,3.74,0.0,0.0,0.0,0.0,,,,,,
3211,2024-10-16,3.79,15.49,4.56,0.0,0.0,0.0,0.0,,,,,,
3212,2024-10-17,12.8,12.25,2.9,0.0,0.0,0.0,0.0,,,,,,
3213,2024-10-18,3.46,11.59,1.72,0.0,0.0076199999999999,0.0,0.0,,,,,,
3214,2024-10-19,0.0,15.79,1.17,0.0,0.0152399999999999,0.0152399999999999,0.0,,,,,,
3215,2024-10-20,0.0,18.59,0.73,0.0,0.0127,0.0152399999999999,0.0,,,,,,
3216,2024-10-21,0.0,19.72,0.77,0.0,0.0,0.0127,0.0,,,,,,
3217,2024-10-22,0.0,21.94,1.38,0.0,0.0,0.0076199999999999,0.0,,,,,,
3218,2024-10-23,0.3,17.74,1.49,0.0,0.0,0.0,0.0,,,,,,
3219,2024-10-24,0.0,18.14,-1.35,0.0,0.0,0.0,0.0,,,,,,
3220,2024-10-25,0.0,20.84,-2.57,0.0,0.0,0.0,0.0,,,,,,
3221,2024-10-26,0.0,20.87,1.13,0.0,0.0,0.0,0.0,,,,,,
3222,2024-10-27,0.0,19.05,1.93,0.0,0.0,0.0,0.0,,,,,,
3223,2024-10-28,3.04,10.22,3.36,0.0,0.0,0.0,0.0,,,,,,
3224,2024-10-29,4.08,7.44,-0.77,0.0,0.0,0.0,0.0,,,,,,
3225,2024-10-30,0.0,8.67,-2.94,0.01016,0.03302,0.0304799999999999,0.0177799999999999,,,,,,
3226,2024-10-31,0.0,11.21,-2.34,0.01016,0.03302,0.0355599999999999,0.0127,,,,,,
3227,2024-11-01,0.0,10.93,-2.3,0.0127,0.03302,0.0380999999999999,0.0127,,,,,,
3228,2024-11-02,2.3,7.94,-1.91,0.0127,0.0304799999999999,0.0380999999999999,0.0127,,,,,,
3229,2024-11-03,0.76,5.79,-5.47,0.0177799999999999,0.0304799999999999,0.0380999999999999,0.0127,,,,,,
3230,2024-11-04,0.0,3.62,-7.37,0.0177799999999999,0.0355599999999999,0.04572,0.0152399999999999,,,,,,
3231,2024-11-05,0.58,3.56,-6.79,0.0177799999999999,0.0380999999999999,0.04572,0.0152399999999999,,,,,,
3232,2024-11-06,0.0,5.62,-9.2,0.02032,0.04064,0.0508,0.02032,,,,,,
3233,2024-11-07,0.0,9.1,-9.32,0.02032,0.04064,0.0508,0.02032,,,,,,
3234,2024-11-08,0.0,11.19,-8.49,0.02286,0.04064,0.0508,0.02032,,,,,,
3235,2024-11-09,0.0,13.57,-5.11,0.0254,0.04064,0.05588,0.02032,,,,,,
3236,2024-11-10,0.0,17.31,-4.74,0.0254,0.04064,0.05588,0.02032,,,,,,
3237,2024-11-11,0.0,9.89,-2.35,0.0254,0.0431799999999999,0.0609599999999999,0.02032,,,,,,
3238,2024-11-12,2.42,9.17,-4.36,0.02794,0.0431799999999999,0.0609599999999999,0.02032,,,,,,
3239,2024-11-13,0.0,12.4,-7.0,0.0304799999999999,0.0508,0.0736599999999999,0.02794,,,,,,
3240,2024-11-14,0.0,11.11,-3.08,0.03302,0.0508,0.0761999999999999,0.02794,,,,,,
3241,2024-11-15,4.56,6.42,-3.54,0.03302,0.0508,0.0761999999999999,0.02794,,,,,,
3242,2024-11-16,1.38,4.25,-4.95,0.03302,0.05334,0.07874,0.03302,,,,,,
3243,2024-11-17,0.0,3.09,-6.64,0.03302,0.0609599999999999,0.0863599999999999,0.04064,,,,,,
3244,2024-11-18,1.38,2.15,-7.98,0.03302,0.0609599999999999,0.0863599999999999,0.04064,,,,,,
3245,2024-11-19,1.3,5.07,-11.17,0.03302,0.0609599999999999,0.0863599999999999,0.04064,,,,,,
3246,2024-11-20,0.0,9.94,-11.58,0.03302,0.0609599999999999,0.0863599999999999,0.04064,,,,,,
3247,2024-11-21,0.0,13.02,-3.95,0.03302,0.06604,0.0888999999999999,0.0431799999999999,,,,,,
3248,2024-11-22,0.0,13.8,-3.31,0.03302,0.06604,0.0888999999999999,0.0431799999999999,,,,,,
3249,2024-11-23,8.0,7.81,0.85,0.03302,0.06604,0.0888999999999999,0.0431799999999999,,,,,,
3250,2024-11-24,3.25,5.23,-10.53,0.03302,0.06604,0.0888999999999999,0.0431799999999999,,,,,,
3251,2024-11-25,0.0,3.16,-13.97,0.03302,0.06858,0.09144,0.04572,,,,,,
3252,2024-11-26,7.26,2.67,-4.56,0.0380999999999999,0.07874,0.1016,0.04572,,,,,,
3253,2024-11-27,0.0,-0.27,-10.33,0.04572,0.09144,0.1143,0.05588,,,,,,
3254,2024-11-28,0.0,-1.23,-13.13,0.04572,0.09144,0.1143,0.05588,,,,,,
3255,2024-11-29,0.0,0.11,-12.87,0.04572,0.09144,0.1143,0.05588,,,,,,
3256,2024-11-30,0.0,3.04,-11.31,0.04572,0.09144,0.1143,0.05588,,,,,,
3257,2024-12-01,0.0,4.62,-9.55,0.04826,0.09144,0.1143,0.05588,,,,,,
3258,2024-12-02,0.0,5.69,-7.3,0.04826,0.09144,0.1143,0.05588,,,,,,
3259,2024-12-03,0.0,6.41,-5.91,0.04826,0.09144,0.1143,0.0584199999999999,,,,,,
3260,2024-12-04,0.0,5.9,-6.67,0.04826,0.09144,0.1143,0.0584199999999999,,,,,,
3261,2024-12-05,0.0,5.34,-7.38,0.04826,0.09144,0.1143,0.0584199999999999,,,,,,
3262,2024-12-06,0.0,4.95,-7.64,0.04826,0.09144,0.1143,0.0584199999999999,,,,,,
3263,2024-12-07,0.0,6.32,-8.08,0.04826,0.09144,0.1143,0.0584199999999999,,,,,,
3264,2024-12-08,0.0,2.86,-8.29,0.04826,0.09144,0.1143,0.0584199999999999,,,,,,
3265,2024-12-09,0.0,1.84,-10.07,0.04826,0.09144,0.1143,0.0584199999999999,,,,,,
3266,2024-12-10,0.0,0.09,-12.19,0.04826,0.09144,0.1143,0.0584199999999999,,,,,,
3267,2024-12-11,0.0,5.61,-11.87,0.04826,0.09144,0.1143,0.0584199999999999,,,,,,
3268,2024-12-12,0.0,5.59,-7.94,0.04826,0.09652,0.1168399999999999,0.0609599999999999,,,,,,
3269,2024-12-13,2.44,6.5,-6.56,0.04826,0.09652,0.1168399999999999,0.0609599999999999,,,,,,
3270,2024-12-14,1.41,3.61,-6.6,0.0508,0.09652,0.1168399999999999,0.0635,,,,,,
3271,2024-12-15,0.0,5.53,-10.05,0.05588,0.1016,0.11938,0.0635,,,,,,
3272,2024-12-16,0.0,6.84,-10.18,0.05588,0.1016,0.1219199999999999,0.0635,,,,,,
3273,2024-12-17,0.0,4.85,-5.87,0.0635,0.10668,0.12446,0.06858,,,,,,
3274,2024-12-18,0.0,6.7,-7.24,0.0635,0.11176,0.12954,0.06858,,,,,,
3275,2024-12-19,0.0,6.75,-6.38,0.0635,0.1143,0.13208,0.06858,,,,,,
3276,2024-12-20,0.0,7.71,-6.02,0.0635,0.1143,0.13208,0.06858,,,,,,
3277,2024-12-21,0.0,9.21,-5.19,0.0635,0.1143,0.13208,0.06858,,,,,,
3278,2024-12-22,0.0,6.51,-3.32,0.0635,0.1143,0.13208,0.06858,,,,,,
3279,2024-12-23,0.85,7.14,-2.13,0.0635,0.1143,0.13208,0.06858,,,,,,
3280,2024-12-24,0.0,3.62,-4.81,0.0635,0.1143,0.13208,0.06858,,,,,,
3281,2024-12-25,0.97,4.96,-3.93,0.06604,0.1143,0.13208,0.0711199999999999,,,,,,
3282,2024-12-26,1.84,3.84,-3.62,0.0711199999999999,0.1219199999999999,0.13716,0.07874,,,,,,
3283,2024-12-27,9.92,4.99,-2.29,0.07874,0.12954,0.1422399999999999,0.0863599999999999,,,,,,
3284,2024-12-28,6.41,4.65,-0.27,0.0863599999999999,0.14478,0.1523999999999999,0.09906,,,,,,
3285,2024-12-29,7.53,3.39,-1.18,0.1016,0.15748,0.15748,0.10922,,,,,,
3286,2024-12-30,0.0,-0.27,-11.87,0.10922,0.1727199999999999,0.1727199999999999,0.1219199999999999,,,,,,
3287,2024-12-31,,,,0.10922,0.1803399999999999,0.18542,0.1219199999999999,,,,,,
3288,2025-01-01,,,,0.10922,0.1803399999999999,0.18542,0.1219199999999999,,,,,,
3289,2025-01-02,,,,0.12446,0.18796,0.1905,0.127,,,,,,
3290,2025-01-03,,,,0.1397,0.19558,0.19812,0.13716,,,,,,
3291,2025-01-04,,,,0.1397,0.19812,0.20066,0.1397,,,,,,
3292,2025-01-05,,,,0.15494,0.2057399999999999,0.2057399999999999,0.14478,,,,,,
3293,2025-01-06,,,,0.15748,0.2057399999999999,0.2082799999999999,0.14478,,,,,,
3294,2025-01-07,,,,0.15748,0.2082799999999999,0.21082,0.14478,,,,,,
3295,2025-01-08,,,,0.15748,0.2082799999999999,0.21082,0.14478,,,,,,
3296,2025-01-09,,,,0.15748,0.2082799999999999,0.2082799999999999,0.14478,,,,,,
3297,2025-01-10,,,,0.15748,0.2082799999999999,0.2057399999999999,0.14478,,,,,,
3298,2025-01-11,,,,0.1651,0.21082,0.2082799999999999,0.14478,,,,,,
3299,2025-01-12,,,,0.17018,0.21336,0.2082799999999999,0.14986,,,,,,
3300,2025-01-13,,,,0.17018,0.21336,0.2082799999999999,0.14986,,,,,,
3301,2025-01-14,,,,0.17526,0.2158999999999999,0.21082,0.14986,,,,,,
3302,2025-01-15,,,,0.17526,0.2158999999999999,0.21082,0.14986,,,,,,
3303,2025-01-16,,,,0.1777999999999999,0.21844,0.21336,0.14986,,,,,,
3304,2025-01-17,,,,0.1777999999999999,0.21844,0.21336,0.14986,,,,,,
3305,2025-01-18,,,,0.1803399999999999,0.21844,0.2158999999999999,0.1523999999999999,,,,,,
3306,2025-01-19,,,,0.1803399999999999,0.22606,0.21844,0.1523999999999999,,,,,,
3307,2025-01-20,,,,0.18288,0.22606,0.21844,0.1523999999999999,,,,,,
3308,2025-01-21,,,,0.18288,0.22606,0.21844,0.1523999999999999,,,,,,
3309,2025-01-22,,,,0.18288,0.22606,0.21844,0.15494,,,,,,
3310,2025-01-23,,,,0.18288,0.22606,0.21844,0.15494,,,,,,
3311,2025-01-24,,,,0.18288,0.22606,0.21844,0.15494,,,,,,
3312,2025-01-25,,,,0.18796,0.22606,0.21844,0.15748,,,,,,
3313,2025-01-26,,,,0.1905,0.22606,0.21844,0.16002,,,,,,
3314,2025-01-27,,,,0.1905,0.22606,0.21844,0.16002,,,,,,
3315,2025-01-28,,,,0.1905,0.2286,0.2209799999999999,0.16002,,,,,,
3316,2025-01-29,,,,0.1905,0.2286,0.2209799999999999,0.16002,,,,,,
3317,2025-01-30,,,,0.1905,0.2286,0.2209799999999999,0.16002,,,,,,
3318,2025-01-31,,,,0.1905,0.2286,0.2209799999999999,0.16002,,,,,,
3319,2025-02-01,,,,0.19304,0.2311399999999999,0.22352,0.16002,,,,,,
3320,2025-02-02,,,,0.2082799999999999,0.2438399999999999,0.22606,0.1651,,,,,,
3321,2025-02-03,,,,0.2082799999999999,0.2463799999999999,0.22606,0.1651,,,,,,
3322,2025-02-04,,,,0.2082799999999999,0.2463799999999999,0.22606,0.16002,,,,,,
3323,2025-02-05,,,,0.2082799999999999,0.2463799999999999,0.2286,0.1523999999999999,,,,,,
3324,2025-02-06,,,,0.2082799999999999,0.25654,0.23876,0.15494,,,,,,
3325,2025-02-07,,,,0.2082799999999999,0.25908,0.23876,0.15748,,,,,,
3326,2025-02-08,,,,0.22606,0.2920999999999999,0.2667,0.17018,,,,,,
3327,2025-02-09,,,,0.22606,0.2920999999999999,0.2667,0.1727199999999999,,,,,,
3328,2025-02-10,,,,0.22606,0.2920999999999999,0.2667,0.1727199999999999,,,,,,
3329,2025-02-11,,,,0.22606,0.2971799999999999,0.26924,0.1727199999999999,,,,,,
3330,2025-02-12,,,,0.22606,0.2971799999999999,0.26924,0.1803399999999999,,,,,,
3331,2025-02-13,,,,0.22606,0.2971799999999999,0.26924,0.1803399999999999,,,,,,
3332,2025-02-14,,,,0.25654,0.32004,0.2844799999999999,0.18542,,,,,,
3333,2025-02-15,,,,0.27432,0.3454399999999999,0.29972,0.18796,,,,,,
3334,2025-02-16,,,,0.27432,0.35052,0.30226,0.19304,,,,,,
3335,2025-02-17,,,,0.2819399999999999,0.3606799999999999,0.30988,0.2032,,,,,,
3336,2025-02-18,,,,0.2946399999999999,0.37592,0.32258,0.2158999999999999,,,,,,
3337,2025-02-19,,,,0.2946399999999999,0.37846,0.32512,0.2209799999999999,,,,,,
3338,2025-02-20,,,,0.2971799999999999,0.381,0.32766,0.2209799999999999,,,,,,
3339,2025-02-21,,,,0.3047999999999999,0.38862,0.3352799999999999,0.2209799999999999,,,,,,
3340,2025-02-22,,,,0.3047999999999999,0.38862,0.3352799999999999,0.2209799999999999,,,,,,
3341,2025-02-23,,,,0.3047999999999999,0.38862,0.3352799999999999,0.2209799999999999,,,,,,
3342,2025-02-24,,,,0.3047999999999999,0.38862,0.3352799999999999,0.2209799999999999,,,,,,
3343,2025-02-25,,,,0.3047999999999999,0.38862,0.3352799999999999,0.2209799999999999,,,,,,
3344,2025-02-26,,,,0.3047999999999999,0.38862,0.3352799999999999,0.2209799999999999,,,,,,
3345,2025-02-27,,,,0.3047999999999999,0.38862,0.3352799999999999,0.2209799999999999,,,,,,
3346,2025-02-28,,,,0.3047999999999999,0.38862,0.3352799999999999,0.2209799999999999,,,,,,
3347,2025-03-01,,,,0.3047999999999999,0.38862,0.3352799999999999,0.2209799999999999,,,,,,
3348,2025-03-02,,,,0.3047999999999999,0.38862,0.3352799999999999,0.2209799999999999,,,,,,
3349,2025-03-03,,,,0.3047999999999999,0.38862,0.3352799999999999,0.2209799999999999,,,,,,
3350,2025-03-04,,,,0.30734,0.39624,0.34036,0.2286,,,,,,
3351,2025-03-05,,,,0.30988,0.4064,0.3454399999999999,0.2311399999999999,,,,,,
3352,2025-03-06,,,,0.31496,0.4114799999999999,0.35052,0.2336799999999999,,,,,,
3353,2025-03-07,,,,0.32766,0.4241799999999999,0.3581399999999999,0.2413,,,,,,
3354,2025-03-08,,,,0.32766,0.42672,0.3606799999999999,0.2438399999999999,,,,,,
3355,2025-03-09,,,,0.32766,0.42672,0.3606799999999999,0.2438399999999999,,,,,,
3356,2025-03-10,,,,0.32766,0.42672,0.3606799999999999,0.2438399999999999,,,,,,
3357,2025-03-11,,,,0.32766,0.42672,0.3606799999999999,0.2438399999999999,,,,,,
3358,2025-03-12,,,,0.32766,0.42672,0.3606799999999999,0.2438399999999999,,,,,,
3359,2025-03-13,,,,0.3302,0.42672,0.3606799999999999,0.2463799999999999,,,,,,
3360,2025-03-14,,,,0.3352799999999999,0.43688,0.37592,0.25908,,,,,,
3361,2025-03-15,,,,0.34036,0.4419599999999999,0.381,0.25908,,,,,,
3362,2025-03-16,,,,0.3454399999999999,0.44704,0.38354,0.26416,,,,,,
3363,2025-03-17,,,,0.3479799999999999,0.44958,0.38354,0.26416,,,,,,
3364,2025-03-18,,,,0.35052,0.44958,0.38862,0.26416,,,,,,
3365,2025-03-19,,,,0.36322,0.4699,0.40894,0.2794,,,,,,
3366,2025-03-20,,,,0.36322,0.4699,0.40894,0.2794,,,,,,
3367,2025-03-21,,,,0.36322,0.4699,0.40894,0.2794,,,,,,
3368,2025-03-22,,,,0.3682999999999999,0.47752,0.4114799999999999,0.2844799999999999,,,,,,
3369,2025-03-23,,,,0.37084,0.4800599999999999,0.4165599999999999,0.28956,,,,,,
3370,2025-03-24,,,,0.35052,0.4800599999999999,0.4165599999999999,0.28956,,,,,,
3371,2025-03-25,,,,0.3352799999999999,0.4749799999999999,0.4114799999999999,0.28702,,,,,,
3372,2025-03-26,,,,0.32004,0.4699,0.40894,0.2794,,,,,,
3373,2025-03-27,,,,0.3047999999999999,0.46482,0.40386,0.25908,,,,,,
3374,2025-03-28,,,,0.29972,0.45974,0.3987799999999999,0.2463799999999999,,,,,,
3375,2025-03-29,,,,0.29972,0.4622799999999999,0.3987799999999999,0.23876,,,,,,
3376,2025-03-30,,,,0.30226,0.4699,0.40132,0.2413,,,,,,
3377,2025-03-31,,,,0.3047999999999999,0.4699,0.40132,0.2438399999999999,,,,,,
3378,2025-04-01,,,,0.31496,0.4952999999999999,0.42164,0.25654,,,,,,
3379,2025-04-02,,,,0.32258,0.5054599999999999,0.4317999999999999,0.26416,,,,,,
3380,2025-04-03,,,,0.32258,0.508,0.43688,0.26416,,,,,,
3381,2025-04-04,,,,0.32258,0.51054,0.4419599999999999,0.26416,,,,,,
3382,2025-04-05,,,,0.32512,0.51054,0.4419599999999999,0.26416,,,,,,
3383,2025-04-06,,,,0.3175,0.51054,0.4419599999999999,0.26416,,,,,,
3384,2025-04-07,,,,0.30226,0.51054,0.4419599999999999,0.25908,,,,,,
3385,2025-04-08,,,,0.2920999999999999,0.51054,0.43688,0.254,,,,,,
3386,2025-04-09,,,,0.2794,0.5054599999999999,0.43688,0.23622,,,,,,
3387,2025-04-10,,,,0.2667,0.49784,0.42672,0.22606,,,,,,
3388,2025-04-11,,,,0.25146,0.4927599999999999,0.4114799999999999,0.2032,,,,,,
3389,2025-04-12,,,,0.23622,0.47752,0.39116,0.17526,,,,,,
3390,2025-04-13,,,,0.22352,0.4622799999999999,0.37084,0.1473199999999999,,,,,,
3391,2025-04-14,,,,0.2158999999999999,0.44958,0.37084,0.13716,,,,,,
3392,2025-04-15,,,,0.20066,0.44958,0.37084,0.12446,,,,,,
3393,2025-04-16,,,,0.18796,0.43942,0.35306,0.11176,,,,,,
3394,2025-04-17,,,,0.1777999999999999,0.4317999999999999,0.3429,0.11176,,,,,,
3395,2025-04-18,,,,0.1905,0.44958,0.36322,0.13208,,,,,,
3396,2025-04-19,,,,0.1777999999999999,0.44958,0.36322,0.12954,,,,,,
3397,2025-04-20,,,,0.17018,0.44958,0.36576,0.12446,,,,,,
3398,2025-04-21,,,,0.1651,0.45212,0.3606799999999999,0.11176,,,,,,
3399,2025-04-22,,,,0.1523999999999999,0.45212,0.3555999999999999,0.09906,,,,,,
3400,2025-04-23,,,,0.13716,0.44704,0.34036,0.0838199999999999,,,,,,
3401,2025-04-24,,,,0.13462,0.43688,0.31496,0.0635,,,,,,
3402,2025-04-25,,,,0.1168399999999999,0.43688,0.30988,0.04826,,,,,,
3403,2025-04-26,,,,0.1016,0.42672,0.2946399999999999,0.0304799999999999,,,,,,
3404,2025-04-27,,,,0.0761999999999999,0.40894,0.27432,0.0152399999999999,,,,,,
3405,2025-04-28,,,,0.0508,0.40894,0.27432,0.0,,,,,,
3406,2025-04-29,,,,0.0254,0.4064,0.26162,0.0,,,,,,
3407,2025-04-30,,,,0.0,0.38354,0.2463799999999999,0.0,,,,,,
3408,2025-05-01,,,,0.0,0.38354,0.23876,0.0,,,,,,
3409,2025-05-02,,,,0.0,0.37084,0.22352,0.0,,,,,,
3410,2025-05-03,,,,0.0,0.3479799999999999,0.19558,0.0,,,,,,
3411,2025-05-04,,,,0.0,0.32512,0.1651,0.0,,,,,,
3412,2025-05-05,,,,0.0,0.30226,0.1397,0.0,,,,,,
3413,2025-05-06,,,,0.0,0.3047999999999999,0.13716,0.0,,,,,,
3414,2025-05-07,,,,0.0,0.29972,0.12446,0.0,,,,,,
3415,2025-05-08,,,,0.0,0.26924,0.1016,0.0,,,,,,
3416,2025-05-09,,,,0.0,0.2438399999999999,0.06604,0.0,,,,,,
3417,2025-05-10,,,,0.0,0.21082,0.02032,0.0,,,,,,
3418,2025-05-11,,,,0.0,0.1727199999999999,0.0,0.0,,,,,,
3419,2025-05-12,,,,0.0,0.13716,0.0,0.0,,,,,,
3420,2025-05-13,,,,0.0,0.09398,0.0,0.0,,,,,,
3421,2025-05-14,,,,0.0,0.0863599999999999,0.0,0.0,,,,,,
3422,2025-05-15,,,,0.0,0.09398,0.0,0.0,,,,,,
3423,2025-05-16,,,,0.0,0.09906,0.0,0.0,,,,,,
3424,2025-05-17,,,,0.0,0.09398,0.0,0.0,,,,,,
3425,2025-05-18,,,,0.0,0.07874,0.0,0.0,,,,,,
3426,2025-05-19,,,,0.0,0.0888999999999999,0.0,0.0,,,,,,
3427,2025-05-20,,,,0.0,0.0838199999999999,0.0,0.0,,,,,,
3428,2025-05-21,,,,0.0,0.0736599999999999,0.0,0.0,,,,,,
3429,2025-05-22,,,,0.0,0.0431799999999999,0.0,0.0,,,,,,
3430,2025-05-23,,,,0.0,0.0152399999999999,0.0,0.0,,,,,,
3431,2025-05-24,,,,0.0,0.0,0.0,0.0,,,,,,
3432,2025-05-25,,,,0.0,0.0,0.0,0.0,,,,,,
3433,2025-05-26,,,,0.0,0.0,0.0,0.0,,,,,,
3434,2025-05-27,,,,0.0,0.0,0.0,0.0,,,,,,
3435,2025-05-28,,,,0.0,0.0,0.0,0.0,,,,,,
3436,2025-05-29,,,,0.0,0.0,0.0,0.0,,,,,,
3437,2025-05-30,,,,0.0,0.0,0.0,0.0,,,,,,
3438,2025-05-31,,,,0.0,0.0,0.0,0.0,,,,,,
3439,2025-06-01,,,,0.0,0.0,0.0,0.0,,,,,,
3440,2025-06-02,,,,0.0,0.0,0.0,0.0,,,,,,
3441,2025-06-03,,,,0.0,0.0,0.0,0.0,,,,,,
3442,2025-06-04,,,,0.0,0.0,0.0,0.0,,,,,,
3443,2025-06-05,,,,0.0,0.0,0.0,0.0,,,,,,
3444,2025-06-06,,,,0.0,0.0,0.0,0.0,,,,,,
3445,2025-06-07,,,,0.0,0.0,0.0,0.0,,,,,,
3446,2025-06-08,,,,0.0,0.0,0.0,0.0,,,,,,
3447,2025-06-09,,,,0.0,0.0,0.0,0.0,,,,,,
3448,2025-06-10,,,,0.0,0.0,0.0,0.0,,,,,,
3449,2025-06-11,,,,0.0,0.0,0.0,0.0,,,,,,
3450,2025-06-12,,,,0.0,0.0,0.0,0.0,,,,,,
3451,2025-06-13,,,,0.0,0.0,0.0,0.0,,,,,,
3452,2025-06-14,,,,0.0,0.0,0.0,0.0,,,,,,
3453,2025-06-15,,,,0.0,0.0,0.0,0.0,,,,,,
3454,2025-06-16,,,,0.0,0.0,0.0,0.0,,,,,,
3455,2025-06-17,,,,0.0,0.0,0.0,0.0,,,,,,
3456,2025-06-18,,,,0.0,0.0,0.0,0.0,,,,,,
3457,2025-06-19,,,,0.0,0.0,0.0,0.0,,,,,,
3458,2025-06-20,,,,0.0,0.0,0.0,0.0,,,,,,
3459,2025-06-21,,,,0.0,0.0,0.0,0.0,,,,,,
3460,2025-06-22,,,,0.0,0.0,0.0,0.0,,,,,,
3461,2025-06-23,,,,0.0,0.0,0.0,0.0,,,,,,
3462,2025-06-24,,,,0.0,0.0,0.0,0.0,,,,,,
3463,2025-06-25,,,,0.0,0.0,0.0,0.0,,,,,,
3464,2025-06-26,,,,0.0,0.0,0.0,0.0,,,,,,
3465,2025-06-27,,,,0.0,0.0,0.0,0.0,,,,,,
3466,2025-06-28,,,,0.0,0.0,0.0,0.0,,,,,,
3467,2025-06-29,,,,0.0,0.0,0.0,0.0,,,,,,
3468,2025-06-30,,,,0.0,0.0,0.0,0.0,,,,,,
3469,2025-07-01,,,,0.0,0.0,0.0,0.0,,,,,,
3470,2025-07-02,,,,0.0,0.0,0.0,0.0,,,,,,
3471,2025-07-03,,,,0.0,0.0,0.0,0.0,,,,,,
3472,2025-07-04,,,,0.0,0.0,0.0,0.0,,,,,,
3473,2025-07-05,,,,0.0,0.0,0.0,0.0,,,,,,
3474,2025-07-06,,,,0.0,0.0,0.0,0.0,,,,,,
3475,2025-07-07,,,,0.0,0.0,0.0,0.0,,,,,,
3476,2025-07-08,,,,0.0,0.0,0.0,0.0,,,,,,
3477,2025-07-09,,,,0.0,0.0,0.0,0.0,,,,,,
3478,2025-07-10,,,,0.0,0.0,0.0,0.0,,,,,,
3479,2025-07-11,,,,0.0,0.0,0.0,0.0,,,,,,
3480,2025-07-12,,,,0.0,0.0,0.0,0.0,,,,,,
3481,2025-07-13,,,,0.0,0.0,0.0,0.0,,,,,,
3482,2025-07-14,,,,0.0,0.0,0.0,0.0,,,,,,
3483,2025-07-15,,,,0.0,0.0,0.0,0.0,,,,,,
3484,2025-07-16,,,,0.0,0.0,0.0,0.0,,,,,,
3485,2025-07-17,,,,0.0,0.0,0.0,0.0,,,,,,
3486,2025-07-18,,,,0.0,0.0,0.0,0.0,,,,,,
3487,2025-07-19,,,,0.0,0.0,0.0,0.0,,,,,,
3488,2025-07-20,,,,0.0,0.0,0.0,0.0,,,,,,
3489,2025-07-21,,,,0.0,0.0,0.0,0.0,,,,,,
3490,2025-07-22,,,,0.0,0.0,0.0,0.0,,,,,,
3491,2025-07-23,,,,0.0,0.0,0.0,0.0,,,,,,
3492,2025-07-24,,,,0.0,0.0,0.0,0.0,,,,,,
3493,2025-07-25,,,,0.0,0.0,0.0,0.0,,,,,,
3494,2025-07-26,,,,0.0,0.0,0.0,0.0,,,,,,
3495,2025-07-27,,,,0.0,0.0,0.0,0.0,,,,,,
3496,2025-07-28,,,,0.0,0.0,0.0,0.0,,,,,,
3497,2025-07-29,,,,0.0,0.0,0.0,0.0,,,,,,
3498,2025-07-30,,,,0.0,0.0,0.0,0.0,,,,,,
3499,2025-07-31,,,,0.0,0.0,0.0,0.0,,,,,,
3500,2025-08-01,,,,0.0,0.0,0.0,0.0,,,,,,
3501,2025-08-02,,,,0.0,0.0,0.0,0.0,,,,,,
3502,2025-08-03,,,,0.0,0.0,0.0,0.0,,,,,,
3503,2025-08-04,,,,0.0,0.0,0.0,0.0,,,,,,
3504,2025-08-05,,,,0.0,0.0,0.0,0.0,,,,,,
3505,2025-08-06,,,,0.0,0.0,0.0,0.0,,,,,,
3506,2025-08-07,,,,0.0,0.0,0.0,0.0,,,,,,
3507,2025-08-08,,,,0.0,0.0,0.0,0.0,,,,,,
3508,2025-08-09,,,,0.0,0.0,0.0,0.0,,,,,,
3509,2025-08-10,,,,0.0,0.0,0.0,0.0,,,,,,
3510,2025-08-11,,,,0.0,0.0,0.0,0.0,,,,,,
3511,2025-08-12,,,,0.0,0.0,0.0,0.0,,,,,,
3512,2025-08-13,,,,0.0,0.0,0.0,0.0,,,,,,
3513,2025-08-14,,,,0.0,0.0,0.0,0.0,,,,,,
3514,2025-08-15,,,,0.0,0.0,0.0,0.0,,,,,,
3515,2025-08-16,,,,0.0,0.0,0.0,0.0,,,,,,
3516,2025-08-17,,,,0.0,0.0,0.0,0.0,,,,,,
3517,2025-08-18,,,,0.0,0.0,0.0,0.0,,,,,,
3518,2025-08-19,,,,0.0,0.0,0.0,0.0,,,,,,
3519,2025-08-20,,,,0.0,0.0,0.0,0.0,,,,,,
3520,2025-08-21,,,,0.0,0.0,0.0,0.0,,,,,,
3521,2025-08-22,,,,0.0,0.0,0.0,0.0,,,,,,
3522,2025-08-23,,,,0.0,0.0,0.0,0.0,,,,,,
3523,2025-08-24,,,,0.0,0.0,0.0,0.0,,,,,,
3524,2025-08-25,,,,0.0,0.0,0.0,0.0,,,,,,
3525,2025-08-26,,,,0.0,0.0,0.0,0.0,,,,,,
3526,2025-08-27,,,,0.0,0.0,0.0,0.0,,,,,,
3527,2025-08-28,,,,0.0,0.0,0.0,0.0,,,,,,
3528,2025-08-29,,,,0.0,0.0,0.0,0.0,,,,,,
3529,2025-08-30,,,,0.0,0.0,0.0,0.0,,,,,,
3530,2025-08-31,,,,0.0,0.0,0.0,0.0,,,,,,
3531,2025-09-01,,,,0.0,0.0,0.0,0.0,,,,,,
3532,2025-09-02,,,,0.0,0.0,0.0,0.0,,,,,,
3533,2025-09-03,,,,0.0,0.0,0.0,0.0,,,,,,
3534,2025-09-04,,,,0.0,0.0,0.0,0.0,,,,,,
3535,2025-09-05,,,,0.0,0.0,0.0,0.0,,,,,,
3536,2025-09-06,,,,0.0,0.0,0.0,0.0,,,,,,
3537,2025-09-07,,,,0.0,0.0,0.0,0.0,,,,,,
3538,2025-09-08,,,,0.0,0.0,0.0,0.0,,,,,,
3539,2025-09-09,,,,0.0,0.0,0.0,0.0,,,,,,
3540,2025-09-10,,,,0.0,0.0,0.0,0.0,,,,,,
3541,2025-09-11,,,,0.0,0.0,0.0,0.0,,,,,,
3542,2025-09-12,,,,0.0,0.0,0.0,0.0,,,,,,
3543,2025-09-13,,,,0.0,0.0,0.0,0.0,,,,,,
3544,2025-09-14,,,,0.0,0.0,0.0,0.0,,,,,,
3545,2025-09-15,,,,0.0,0.0,0.0,0.0,,,,,,
3546,2025-09-16,,,,0.0,0.0,0.0,0.0,,,,,,
3547,2025-09-17,,,,0.0,0.0,0.0,0.0,,,,,,
3548,2025-09-18,,,,0.0,0.0,0.0,0.0,,,,,,
3549,2025-09-19,,,,0.0,0.0,0.0,0.0,,,,,,
3550,2025-09-20,,,,0.0,0.0,0.0,0.0,,,,,,
3551,2025-09-21,,,,0.0,0.0,0.0,0.0,,,,,,
3552,2025-09-22,,,,0.0,0.0,0.0,0.0,,,,,,
3553,2025-09-23,,,,0.0,0.0,0.0,0.0,,,,,,
3554,2025-09-24,,,,0.0,0.0,0.0,0.0,,,,,,
3555,2025-09-25,,,,0.0,0.0,0.0,0.0,,,,,,
3556,2025-09-26,,,,0.0,0.0,0.0,0.0,,,,,,
3557,2025-09-27,,,,0.0,0.0,0.0,0.0,,,,,,
3558,2025-09-28,,,,0.0,0.0,0.0,0.0,,,,,,
3559,2025-09-29,,,,0.0,0.0,0.0,0.0,,,,,,
3560,2025-09-30,,,,0.0,0.0,0.0,0.0,,,,,,
3561,2025-10-01,,,,0.0,0.0,0.0,0.0,,,,,,
3562,2025-10-02,,,,0.0,0.0,0.0,0.0,,,,,,
3563,2025-10-03,,,,0.0,0.0,0.0,0.0,,,,,,
3564,2025-10-04,,,,0.0,0.0,0.0,0.0,,,,,,
3565,2025-10-05,,,,0.0,0.0,0.0,0.0,,,,,,
3566,2025-10-06,,,,0.0,0.0,0.0,0.0,,,,,,
3567,2025-10-07,,,,0.0,0.0,0.0,0.0,,,,,,
3568,2025-10-08,,,,0.0,0.0,0.0,0.0,,,,,,
3569,2025-10-09,,,,0.0,0.0,0.0,0.0,,,,,,
3570,2025-10-10,,,,0.0,0.0,0.0,0.0,,,,,,
3571,2025-10-11,,,,0.0,0.0,0.0,0.00254,,,,,,
3572,2025-10-12,,,,0.0,0.0127,0.0152399999999999,0.00508,,,,,,
3573,2025-10-13,,,,0.0,0.01016,0.01016,0.0,,,,,,
3574,2025-10-14,,,,0.0,0.01016,0.0,0.0,,,,,,
3575,2025-10-15,,,,0.0,0.01016,0.0,0.0,,,,,,
3576,2025-10-16,,,,0.0,0.0177799999999999,0.0177799999999999,0.0,,,,,,
3577,2025-10-17,,,,0.0,0.03302,0.0355599999999999,0.02032,,,,,,
3578,2025-10-18,,,,0.0,0.0304799999999999,0.0355599999999999,0.0177799999999999,,,,,,
3579,2025-10-19,,,,0.0,0.0254,0.03302,0.0152399999999999,,,,,,
3580,2025-10-20,,,,0.0,0.0254,0.0304799999999999,0.00508,,,,,,
3581,2025-10-21,,,,0.0,0.02032,0.02794,0.0,,,,,,
3582,2025-10-22,,,,0.0,0.02032,0.02794,0.0,,,,,,
3583,2025-10-23,,,,0.0,0.0177799999999999,0.02794,0.0,,,,,,
3584,2025-10-24,,,,0.0,0.01016,0.02794,0.0,,,,,,
3585,2025-10-25,,,,0.0,0.01016,0.02794,0.0,,,,,,
3586,2025-10-26,,,,0.0,0.01016,0.02794,0.0,,,,,,
3587,2025-10-27,,,,0.0,0.0127,0.02794,0.0,,,,,,
3588,2025-10-28,,,,0.0,0.03302,0.02794,0.0,,,,,,
3589,2025-10-29,,,,0.0,0.0304799999999999,0.02794,0.0,,,,,,
3590,2025-10-30,,,,0.0,0.0304799999999999,0.02794,0.0,,,,,,
3591,2025-10-31,,,,0.0,0.0304799999999999,0.02794,0.0,,,,,,
3592,2025-11-01,,,,0.0,0.0304799999999999,0.02794,0.0,,,,,,
3593,2025-11-02,,,,0.0,0.0304799999999999,0.02794,0.0,,,,,,
3594,2025-11-03,,,,0.0,0.02794,0.02794,0.0,,,,,,
3595,2025-11-04,,,,0.0,0.02286,0.0254,0.0,,,,,,
3596,2025-11-05,,,,0.0,0.0177799999999999,0.0254,0.0,,,,,,
3597,2025-11-06,,,,0.0,0.0127,0.02032,0.0,,,,,,
3598,2025-11-07,,,,0.0,0.01016,0.02032,0.00254,,,,,,
3599,2025-11-08,,,,0.0,0.01016,0.02032,0.0,,,,,,
3600,2025-11-09,,,,0.0,0.01016,0.02032,0.0,,,,,,
3601,2025-11-10,,,,0.0,0.01016,0.02032,0.0,,,,,,
3602,2025-11-11,,,,0.0,0.01016,0.02032,0.0,,,,,,
3603,2025-11-12,,,,0.0,0.01016,0.02032,0.0,,,,,,
3604,2025-11-13,,,,0.0,0.01016,0.02032,0.0,,,,,,
3605,2025-11-14,,,,0.0,0.01016,0.02032,0.0,,,,,,
3606,2025-11-15,,,,0.0,0.01016,0.0127,0.0,,,,,,
3607,2025-11-16,,,,0.0,0.01016,0.01016,0.0,,,,,,
3608,2025-11-17,,,,0.0,0.0152399999999999,0.0127,0.00508,,,,,,
3609,2025-11-18,,,,0.0076199999999999,0.02286,0.0152399999999999,0.0076199999999999,,,,,,
3610,2025-11-19,,,,0.0076199999999999,0.02286,0.0152399999999999,0.0076199999999999,,,,,,
3611,2025-11-20,,,,0.0076199999999999,0.0254,0.0152399999999999,0.01016,,,,,,
3612,2025-11-21,,,,0.0076199999999999,0.0254,0.0152399999999999,0.0152399999999999,,,,,,
3613,2025-11-22,,,,0.0076199999999999,0.0254,0.0152399999999999,0.0152399999999999,,,,,,
3614,2025-11-23,,,,0.0076199999999999,0.0254,0.0152399999999999,0.0152399999999999,,,,,,
3615,2025-11-24,,,,0.0076199999999999,0.0254,0.0152399999999999,0.0152399999999999,,,,,,
3616,2025-11-25,,,,0.0076199999999999,0.0304799999999999,0.0152399999999999,0.0152399999999999,,,,,,
3617,2025-11-26,,,,0.0076199999999999,0.0304799999999999,0.0152399999999999,0.0152399999999999,,,,,,
3618,2025-11-27,,,,0.0076199999999999,0.0304799999999999,0.0152399999999999,0.0152399999999999,,,,,,
3619,2025-11-28,,,,0.0076199999999999,0.0304799999999999,0.0152399999999999,0.0152399999999999,,,,,,
3620,2025-11-29,,,,0.0076199999999999,0.0304799999999999,0.0152399999999999,0.0152399999999999,,,,,,
3621,2025-11-30,,,,0.0076199999999999,0.0304799999999999,0.0152399999999999,0.0152399999999999,,,,,,
3622,2025-12-01,,,,0.01016,0.0380999999999999,0.02286,0.0152399999999999,,,,,,
3623,2025-12-02,,,,0.01016,0.0380999999999999,0.0254,0.0152399999999999,,,,,,
3624,2025-12-03,,,,0.01016,0.0380999999999999,0.0254,0.0177799999999999,,,,,,
3625,2025-12-04,,,,0.01016,0.0380999999999999,0.0254,0.0177799999999999,,,,,,
3626,2025-12-05,,,,0.0177799999999999,0.04064,0.02794,0.0177799999999999,,,,,,
3627,2025-12-06,,,,0.0431799999999999,0.05334,0.03302,0.03302,,,,,,
3628,2025-12-07,,,,0.05334,0.06604,0.04064,0.0431799999999999,,,,,,
3629,2025-12-08,,,,0.05334,0.06604,0.04064,0.0431799999999999,,,,,,
3630,2025-12-09,,,,0.05334,0.06604,0.04064,0.0431799999999999,,,,,,
3631,2025-12-10,,,,0.05334,0.06604,0.04064,0.0431799999999999,,,,,,
3632,2025-12-11,,,,0.05334,0.06604,0.04064,0.0431799999999999,,,,,,
3633,2025-12-12,,,,0.05334,0.06604,0.04064,0.0431799999999999,,,,,,
3634,2025-12-13,,,,0.0508,0.06604,0.04064,0.0431799999999999,,,,,,
3635,2025-12-14,,,,0.0508,0.06604,0.04064,0.0431799999999999,,,,,,
3636,2025-12-15,,,,0.0508,0.06604,0.04064,0.0431799999999999,,,,,,
3637,2025-12-16,,,,0.0508,0.06604,0.04064,0.0431799999999999,,,,,,
3638,2025-12-17,,,,0.0508,0.06604,0.04064,0.0431799999999999,,,,,,
3639,2025-12-18,,,,0.0609599999999999,0.0761999999999999,0.04826,0.05588,,,,,,
3640,2025-12-19,,,,0.0609599999999999,0.07874,0.04826,0.05588,,,,,,
3641,2025-12-20,,,,0.0736599999999999,0.09652,0.05588,0.0635,,,,,,
3642,2025-12-21,,,,0.0838199999999999,0.11176,0.0711199999999999,0.06604,,,,,,
3643,2025-12-22,,,,0.0838199999999999,0.11176,0.0711199999999999,0.06604,,,,,,
3644,2025-12-23,,,,0.0838199999999999,0.11176,0.0711199999999999,0.06604,,,,,,
3645,2025-12-24,,,,0.0838199999999999,0.11176,0.0711199999999999,0.0584199999999999,,,,,,
3646,2025-12-25,,,,0.0838199999999999,0.11176,0.0711199999999999,0.0508,,,,,,
3647,2025-12-26,,,,0.07874,0.11176,0.0736599999999999,0.0431799999999999,,,,,,
3648,2025-12-27,,,,0.08128,0.1143,0.07874,0.04572,,,,,,
3649,2025-12-28,,,,0.0838199999999999,0.13208,0.09652,0.05334,,,,,,
3650,2025-12-29,,,,0.0838199999999999,0.13208,0.09652,0.05334,,,,,,
3651,2025-12-30,,,,0.0838199999999999,0.13208,0.09906,0.0431799999999999,,,,,,
3652,2025-12-31,,,,0.0838199999999999,0.13208,0.09906,0.0431799999999999,,,,,,
