330_SWE (m),392_SWE (m),393_SWE (m),763_SWE (m),533_SWE (m),684_SWE (m),814_SWE (m),896_SWE (m),1118_SWE (m),1145_SWE (m)
0.13462,0.2158999999999999,0.1676399999999999,0.13462,0.2438399999999999,0.15748,0.18796,0.15494,0.10922,0.1397
0.13462,0.21844,0.1676399999999999,0.13462,0.2438399999999999,0.15748,0.1905,0.15494,0.10922,0.1397
0.13716,0.21844,0.1676399999999999,0.13462,0.2438399999999999,0.16002,0.1905,0.16002,0.11176,0.14478
0.13716,0.2209799999999999,0.17018,0.13462,0.2438399999999999,0.16002,0.1905,0.16256,0.11176,0.1473199999999999
0.1397,0.2209799999999999,0.17018,0.13716,0.2438399999999999,0.16002,0.1905,0.16256,0.11176,0.14986
0.1397,0.2209799999999999,0.17018,0.1422399999999999,0.2438399999999999,0.16002,0.19812,0.1676399999999999,0.11176,0.14986
0.1397,0.22606,0.1727199999999999,0.14478,0.2463799999999999,0.1651,0.2057399999999999,0.1777999999999999,0.11176,0.1523999999999999
0.1422399999999999,0.2311399999999999,0.1777999999999999,0.14986,0.25146,0.1676399999999999,0.21844,0.18288,0.1143,0.15748
0.1397,0.23622,0.18288,0.14986,0.25146,0.17018,0.21844,0.18542,0.1143,0.15494
0.13716,0.23622,0.18288,0.14986,0.254,0.17018,0.21844,0.18542,0.1143,0.1523999999999999
0.13462,0.2336799999999999,0.18288,0.1473199999999999,0.25654,0.17018,0.21844,0.18288,0.1168399999999999,0.1523999999999999
0.13462,0.2336799999999999,0.18288,0.1473199999999999,0.25654,0.17018,0.21844,0.1803399999999999,0.1168399999999999,0.15494
0.1397,0.2336799999999999,0.18288,0.1473199999999999,0.25654,0.17018,0.21844,0.1803399999999999,0.1168399999999999,0.15748
0.14478,0.2336799999999999,0.1803399999999999,0.14986,0.25654,0.17018,0.2209799999999999,0.18288,0.1168399999999999,0.15748
0.1473199999999999,0.23622,0.1803399999999999,0.14986,0.26416,0.1777999999999999,0.2209799999999999,0.18796,0.1168399999999999,0.16002
0.15494,0.2413,0.18288,0.15748,0.2717799999999999,0.18796,0.2286,0.20066,0.1219199999999999,0.16002
0.16002,0.2438399999999999,0.18796,0.16256,0.27686,0.19812,0.2438399999999999,0.21082,0.12446,0.1676399999999999
0.16002,0.2438399999999999,0.1905,0.16256,0.2844799999999999,0.19558,0.2438399999999999,0.21844,0.12446,0.1676399999999999
0.1676399999999999,0.25654,0.19558,0.17018,0.2946399999999999,0.2057399999999999,0.25146,0.2336799999999999,0.13208,0.17018
0.1727199999999999,0.25654,0.19558,0.1727199999999999,0.29972,0.2082799999999999,0.25654,0.2463799999999999,0.13462,0.17526
0.1777999999999999,0.2667,0.2032,0.1777999999999999,0.30988,0.22352,0.2667,0.25908,0.1397,0.1803399999999999
0.1803399999999999,0.2667,0.2032,0.1803399999999999,0.30988,0.22352,0.2717799999999999,0.25908,0.1397,0.1803399999999999
0.1803399999999999,0.2667,0.2032,0.1803399999999999,0.30988,0.22352,0.2717799999999999,0.26162,0.1397,0.18288
0.18796,0.27686,0.21082,0.18796,0.32004,0.2336799999999999,0.27686,0.2717799999999999,0.1473199999999999,0.18796
0.19558,0.2920999999999999,0.2209799999999999,0.19812,0.3302,0.2413,0.28702,0.2794,0.14986,0.19304
0.19558,0.2920999999999999,0.2209799999999999,0.19812,0.3302,0.2413,0.28702,0.27686,0.14986,0.1905
0.19558,0.2920999999999999,0.2209799999999999,0.19812,0.3302,0.2413,0.28702,0.27686,0.14986,0.18796
0.19558,0.2946399999999999,0.2209799999999999,0.19812,0.3302,0.2413,0.28956,0.27686,0.14986,0.1905
0.19558,0.2946399999999999,0.2209799999999999,0.19812,0.33782,0.2438399999999999,0.2920999999999999,0.2794,0.1523999999999999,0.19304
0.2082799999999999,0.30734,0.22606,0.2082799999999999,0.35306,0.24892,0.30734,0.28956,0.15494,0.2032
0.2209799999999999,0.33782,0.24892,0.21844,0.38354,0.26162,0.32004,0.30226,0.1676399999999999,0.2209799999999999
0.22352,0.33782,0.254,0.22352,0.38354,0.27432,0.3302,0.31242,0.1676399999999999,0.2209799999999999
0.22606,0.35306,0.26416,0.2311399999999999,0.39624,0.28702,0.34036,0.32512,0.17526,0.2286
0.22606,0.35306,0.26416,0.2311399999999999,0.39624,0.28702,0.34036,0.32766,0.17526,0.2286
0.22606,0.35306,0.26416,0.2311399999999999,0.40132,0.28702,0.34036,0.3302,0.17526,0.2286
0.2311399999999999,0.3606799999999999,0.2667,0.23876,0.40386,0.28956,0.3454399999999999,0.33274,0.17526,0.2311399999999999
0.2311399999999999,0.3606799999999999,0.2667,0.23876,0.40386,0.28956,0.3454399999999999,0.33274,0.17526,0.2311399999999999
0.2311399999999999,0.3606799999999999,0.2667,0.23876,0.40386,0.28956,0.3454399999999999,0.33274,0.17526,0.2311399999999999
0.2311399999999999,0.3606799999999999,0.2667,0.23876,0.40386,0.28956,0.3454399999999999,0.33274,0.17526,0.2311399999999999
0.2311399999999999,0.3606799999999999,0.2667,0.23876,0.40386,0.28956,0.3454399999999999,0.33274,0.17526,0.2311399999999999
0.2311399999999999,0.3606799999999999,0.2667,0.23876,0.40386,0.28956,0.3454399999999999,0.33274,0.17526,0.2311399999999999
0.2311399999999999,0.3606799999999999,0.2667,0.23876,0.40386,0.28956,0.3454399999999999,0.33274,0.17526,0.2311399999999999
0.2311399999999999,0.3606799999999999,0.2667,0.23876,0.40386,0.28956,0.3454399999999999,0.33274,0.17526,0.2311399999999999
0.2311399999999999,0.3606799999999999,0.2667,0.23876,0.40386,0.28956,0.3454399999999999,0.33274,0.17526,0.2311399999999999
0.2311399999999999,0.3606799999999999,0.2667,0.23876,0.40386,0.28956,0.3454399999999999,0.33274,0.17526,0.2311399999999999
0.23876,0.36576,0.2717799999999999,0.2438399999999999,0.40894,0.2971799999999999,0.3606799999999999,0.3454399999999999,0.18288,0.23876
0.2413,0.36576,0.2717799999999999,0.2438399999999999,0.41402,0.30226,0.37338,0.3454399999999999,0.18288,0.2438399999999999
0.2413,0.36576,0.2717799999999999,0.2438399999999999,0.41402,0.30226,0.37338,0.3454399999999999,0.18288,0.2438399999999999
0.2413,0.36576,0.2717799999999999,0.2438399999999999,0.41402,0.30226,0.37338,0.3454399999999999,0.18288,0.2438399999999999
0.254,0.38354,0.2794,0.25654,0.4419599999999999,0.3175,0.39116,0.3555999999999999,0.1905,0.25654
0.254,0.38354,0.2844799999999999,0.25908,0.4419599999999999,0.3175,0.39116,0.3555999999999999,0.1905,0.25654
0.254,0.38354,0.28702,0.25908,0.44704,0.3175,0.39116,0.3555999999999999,0.19304,0.25908
0.254,0.38354,0.28702,0.25908,0.44704,0.3175,0.39116,0.3555999999999999,0.19304,0.25908
0.254,0.39116,0.28956,0.25908,0.44958,0.32004,0.3987799999999999,0.3581399999999999,0.19304,0.26162
0.254,0.39116,0.28702,0.26162,0.44958,0.32004,0.3987799999999999,0.3606799999999999,0.19304,0.26162
0.254,0.39116,0.2844799999999999,0.26162,0.44958,0.32004,0.3987799999999999,0.3606799999999999,0.19304,0.26162
0.254,0.39116,0.2819399999999999,0.26416,0.44958,0.32004,0.40132,0.3606799999999999,0.1905,0.25908
0.254,0.39116,0.27686,0.26416,0.44958,0.32004,0.40132,0.3606799999999999,0.18796,0.25654
0.254,0.39116,0.27432,0.26416,0.44958,0.32004,0.40132,0.3606799999999999,0.18542,0.25654
0.254,0.39116,0.27432,0.26416,0.44958,0.32004,0.3987799999999999,0.3606799999999999,0.1777999999999999,0.25654
0.254,0.39116,0.27432,0.26416,0.44958,0.32004,0.3987799999999999,0.3606799999999999,0.1727199999999999,0.25654
0.254,0.39116,0.27432,0.26416,0.4445,0.32004,0.3987799999999999,0.3606799999999999,0.1651,0.25654
0.254,0.39624,0.2794,0.2667,0.4445,0.32004,0.40132,0.3606799999999999,0.16256,0.25654
0.25146,0.39624,0.2794,0.25654,0.43942,0.30734,0.40132,0.3581399999999999,0.15748,0.25654
0.2438399999999999,0.39624,0.2794,0.24892,0.4292599999999999,0.3047999999999999,0.40132,0.3454399999999999,0.14986,0.25654
0.2413,0.39624,0.2819399999999999,0.2463799999999999,0.4241799999999999,0.2971799999999999,0.40132,0.33274,0.1397,0.25654
0.2463799999999999,0.40132,0.2844799999999999,0.24892,0.4317999999999999,0.30988,0.4191,0.3352799999999999,0.127,0.25908
0.24892,0.4064,0.2946399999999999,0.24892,0.4317999999999999,0.31242,0.42164,0.3352799999999999,0.12446,0.26162
0.24892,0.40894,0.30226,0.24892,0.4317999999999999,0.31242,0.42164,0.3352799999999999,0.1168399999999999,0.2667
0.25146,0.41402,0.30734,0.25146,0.43688,0.32258,0.4317999999999999,0.3454399999999999,0.10922,0.26924
0.25146,0.41402,0.31242,0.25146,0.4419599999999999,0.32258,0.43434,0.3454399999999999,0.1016,0.27432
0.24892,0.41402,0.31242,0.24892,0.4419599999999999,0.32258,0.43434,0.34036,0.09398,0.26924
0.2463799999999999,0.41402,0.31242,0.2463799999999999,0.4419599999999999,0.32258,0.43434,0.33782,0.0888999999999999,0.26416
0.2438399999999999,0.41402,0.31242,0.2438399999999999,0.4419599999999999,0.30988,0.43942,0.32512,0.0609599999999999,0.26162
0.25146,0.43434,0.32258,0.24892,0.4622799999999999,0.32512,0.45212,0.34036,0.0635,0.27432
0.25908,0.4419599999999999,0.32258,0.254,0.47244,0.33274,0.45974,0.3479799999999999,0.06858,0.27686
0.25908,0.4419599999999999,0.32258,0.254,0.47752,0.3352799999999999,0.4622799999999999,0.35052,0.06604,0.2794
0.25908,0.4419599999999999,0.32258,0.254,0.47752,0.34036,0.46482,0.35052,0.0508,0.2794
0.25908,0.4419599999999999,0.32258,0.254,0.47752,0.3429,0.46482,0.35052,0.04064,0.2794
0.25908,0.43942,0.3175,0.254,0.47752,0.3454399999999999,0.46482,0.35052,0.0304799999999999,0.2794
0.25146,0.43688,0.30988,0.254,0.4800599999999999,0.3302,0.4622799999999999,0.35052,0.02032,0.27432
0.24892,0.43688,0.30226,0.25654,0.4800599999999999,0.3175,0.4622799999999999,0.34036,0.0152399999999999,0.26924
0.26416,0.4622799999999999,0.32766,0.26162,0.49784,0.33782,0.4800599999999999,0.3479799999999999,0.01016,0.27686
0.2717799999999999,0.4749799999999999,0.33782,0.26924,0.49784,0.34036,0.4800599999999999,0.3479799999999999,0.00508,0.2794
0.2717799999999999,0.47752,0.3429,0.2717799999999999,0.5003799999999999,0.3429,0.4826,0.3479799999999999,0.00508,0.2819399999999999
0.27432,0.4800599999999999,0.3429,0.2717799999999999,0.5003799999999999,0.3454399999999999,0.48514,0.3479799999999999,0.00508,0.2819399999999999
0.27432,0.4826,0.3429,0.27432,0.5003799999999999,0.3454399999999999,0.48514,0.3479799999999999,0.00508,0.2819399999999999
0.27432,0.4800599999999999,0.3429,0.27432,0.5054599999999999,0.3454399999999999,0.48514,0.35052,0.00508,0.2819399999999999
0.28702,0.4927599999999999,0.3454399999999999,0.27686,0.52832,0.3555999999999999,0.52324,0.37338,0.01016,0.3047999999999999
0.2971799999999999,0.51308,0.35306,0.2844799999999999,0.55118,0.37338,0.53594,0.381,0.0254,0.3175
0.30226,0.5206999999999999,0.3555999999999999,0.28702,0.5613400000000001,0.37592,0.53594,0.38354,0.02032,0.32004
0.30226,0.5334,0.3606799999999999,0.2971799999999999,0.5613400000000001,0.37846,0.53848,0.38354,0.0,0.32004
0.30226,0.5334,0.3606799999999999,0.2946399999999999,0.5613400000000001,0.37592,0.53848,0.381,0.0,0.31496
0.2971799999999999,0.5308599999999999,0.3606799999999999,0.28956,0.55626,0.3682999999999999,0.53848,0.37592,0.0,0.30988
0.28956,0.5257799999999999,0.3555999999999999,0.2844799999999999,0.55118,0.3479799999999999,0.53848,0.36322,0.0,0.2971799999999999
0.2844799999999999,0.52324,0.35306,0.27686,0.53848,0.33274,0.5308599999999999,0.34036,0.0,0.28956
0.2819399999999999,0.5206999999999999,0.35306,0.27432,0.5308599999999999,0.33274,0.5308599999999999,0.32512,0.0,0.28956
0.26416,0.51816,0.35306,0.26416,0.51308,0.30988,0.5308599999999999,0.30734,0.0,0.27432
0.2463799999999999,0.51054,0.35306,0.254,0.4800599999999999,0.28702,0.51816,0.27686,0.0,0.26162
0.22352,0.5003799999999999,0.3479799999999999,0.2336799999999999,0.45212,0.26416,0.508,0.25146,0.0,0.2438399999999999
0.21336,0.49022,0.3429,0.21336,0.42672,0.2336799999999999,0.49784,0.21336,0.0,0.22606
0.2032,0.4749799999999999,0.33782,0.19558,0.41402,0.21082,0.4876799999999999,0.1803399999999999,0.0,0.21082
0.19812,0.4673599999999999,0.33274,0.18542,0.3937,0.18542,0.4673599999999999,0.15494,0.0,0.19304
0.1803399999999999,0.4546599999999999,0.32258,0.1676399999999999,0.36576,0.16002,0.4572,0.127,0.0,0.1777999999999999
0.15748,0.43942,0.30734,0.1523999999999999,0.36576,0.13462,0.4572,0.09144,0.0,0.1676399999999999
0.15748,0.4546599999999999,0.3175,0.1523999999999999,0.381,0.1422399999999999,0.47244,0.08128,0.0,0.1676399999999999
0.16256,0.45974,0.31496,0.15494,0.38608,0.14478,0.4749799999999999,0.0838199999999999,0.0,0.1777999999999999
0.14986,0.45974,0.32258,0.15748,0.38862,0.1397,0.4749799999999999,0.06858,0.0,0.1777999999999999
0.1422399999999999,0.45974,0.32258,0.14478,0.381,0.13208,0.4673599999999999,0.04572,0.0,0.17018
0.1422399999999999,0.46482,0.32258,0.13716,0.36322,0.11176,0.4572,0.02032,0.0,0.16002
0.1422399999999999,0.4572,0.31496,0.127,0.3454399999999999,0.0838199999999999,0.44704,0.00508,0.0,0.14478
0.1219199999999999,0.45212,0.30226,0.11176,0.32004,0.0508,0.43688,0.0,0.0,0.1219199999999999
0.09144,0.43434,0.2794,0.0838199999999999,0.28956,0.0177799999999999,0.42672,0.0,0.0,0.1016
0.06604,0.40894,0.254,0.05588,0.2667,0.0,0.4064,0.0,0.0,0.08128
0.0761999999999999,0.4191,0.254,0.05334,0.2667,0.0,0.41402,0.00508,0.0,0.06604
0.08128,0.4191,0.25146,0.0508,0.2667,0.0,0.41402,0.0,0.0,0.0584199999999999
0.0838199999999999,0.42672,0.25146,0.0508,0.27432,0.0,0.42672,0.0,0.0,0.05588
0.0888999999999999,0.4445,0.26416,0.0584199999999999,0.2794,0.0,0.4546599999999999,0.0,0.0,0.04826
0.0838199999999999,0.4445,0.25908,0.05334,0.27432,0.0,0.46482,0.0,0.0,0.0355599999999999
0.0838199999999999,0.45212,0.26924,0.0635,0.27432,0.0,0.4800599999999999,0.0,0.0,0.0355599999999999
0.08128,0.4546599999999999,0.2717799999999999,0.0635,0.27432,0.0,0.48514,0.0,0.0,0.03302
0.0736599999999999,0.45212,0.26416,0.0584199999999999,0.27432,0.0,0.4876799999999999,0.0,0.0,0.02032
0.0584199999999999,0.44958,0.25908,0.04826,0.27432,0.0,0.4876799999999999,0.0,0.0,0.01016
0.0355599999999999,0.4419599999999999,0.23876,0.02286,0.25146,0.0,0.48514,0.0,0.0,0.0
0.0127,0.42672,0.21336,0.0,0.2209799999999999,0.0,0.46482,0.0,0.0,0.0
0.0,0.40132,0.18288,0.0,0.18542,0.0,0.43434,0.0,0.0,0.0
0.0,0.37592,0.15748,0.0,0.16002,0.0,0.41402,0.0,0.0,0.0
0.00508,0.37592,0.1473199999999999,0.0,0.1041399999999999,0.0,0.40386,0.0,0.0,0.0
0.0,0.37592,0.1422399999999999,0.0,0.09398,0.0,0.4165599999999999,0.0,0.0,0.0
0.0177799999999999,0.39624,0.15748,0.0076199999999999,0.09144,0.0,0.4292599999999999,0.0,0.0,0.0
0.00508,0.38354,0.13462,0.0,0.0584199999999999,0.0,0.40894,0.0,0.0,0.0
0.0,0.381,0.1219199999999999,0.0,0.05588,0.0,0.40132,0.0,0.0,0.0
0.0,0.37338,0.09144,0.0,0.0254,0.0,0.381,0.0,0.0,0.0
0.0,0.35306,0.0609599999999999,0.0,0.01016,0.0,0.3555999999999999,0.0,0.0,0.0
0.0,0.3302,0.0380999999999999,0.0,0.0,0.0,0.32258,0.0,0.0,0.0
0.0,0.30988,0.0254,0.0,0.0,0.0,0.28702,0.0,0.0,0.0
0.0,0.3047999999999999,0.0177799999999999,0.0,0.0,0.0,0.2717799999999999,0.0,0.0,0.0
0.0,0.32258,0.0127,0.0,0.0,0.0,0.2717799999999999,0.0,0.0,0.0
0.0,0.3175,0.0076199999999999,0.0,0.0,0.0,0.25908,0.0,0.0,0.0
0.0,0.30734,0.00508,0.0,0.0,0.0,0.2438399999999999,0.0,0.0,0.0
0.0,0.2819399999999999,0.0,0.0,0.0,0.0,0.2158999999999999,0.0,0.0,0.0
0.0,0.25146,0.0,0.0,0.0,0.0,0.18796,0.0,0.0,0.0
0.0,0.24892,0.0,0.0,0.0,0.0,0.18796,0.0,0.0,0.0
0.0,0.2463799999999999,0.0,0.0,0.0,0.0,0.1905,0.0,0.0,0.0
0.0,0.2413,0.0,0.0,0.0,0.0,0.17018,0.0,0.0,0.0
0.0,0.2311399999999999,0.0,0.0,0.0,0.0,0.15748,0.0,0.0,0.0
0.0,0.21336,0.0,0.0,0.0,0.0,0.1397,0.0,0.0,0.0
0.0,0.19558,0.0,0.0,0.0,0.0,0.127,0.0,0.0,0.0
0.0,0.17526,0.0,0.0,0.0,0.0,0.10668,0.0,0.0,0.0
0.0,0.14986,0.0,0.0,0.0,0.0,0.0838199999999999,0.0,0.0,0.0
0.0,0.12446,0.0,0.0,0.0,0.0,0.0508,0.0,0.0,0.0
0.0,0.09144,0.0,0.0,0.0,0.0,0.0152399999999999,0.0,0.0,0.0
0.0,0.0609599999999999,0.0,0.0,0.0,0.0,0.0,0.0,0.0,0.0
0.0,0.02286,0.0,0.0,0.0,0.0,0.0,0.0,0.0,0.0
0.0,0.0,0.0,0.0,0.0,0.0,0.0,0.0,0.0,0.0
0.0,0.0,0.0,0.0,0.0,0.0,0.0,0.0,0.0,0.0
0.0,0.0,0.0,0.0,0.0,0.0,0.0,0.0,0.0,0.0
0.0,0.0,0.0,0.0,0.0,0.0,0.0,0.0,0.0,0.0
0.0,0.0,0.0,0.0,0.0,0.0,0.0,0.0,0.0,0.0
0.0,0.0,0.0,0.0,0.0,0.0,0.0,0.0,0.0,0.0
0.0,0.0,0.0,0.0,0.0,0.0,0.0,0.0,0.0,0.0
0.0,0.0,0.0,0.0,0.0,0.0,0.0,0.0,0.0,0.0
0.0,0.0,0.0,0.0,0.0,0.0,0.0,0.0,0.0,0.0
0.0,0.0,0.0,0.0,0.0,0.0,0.0,0.0,0.0,0.0
0.0,0.0,0.0,0.0,0.0,0.0,0.0,0.0,0.0,0.0
0.0,0.0,0.0,0.0,0.0,0.0,0.0,0.0,0.0,0.0
0.0,0.0,0.0,0.0,0.0,0.0,0.0,0.0,0.0,0.0
0.0,0.0,0.0,0.0,0.0,0.0,0.0,0.0,0.0,0.0
0.0,0.0,0.0,0.0,0.0,0.0,0.0,0.0,0.0,0.0
0.0,0.0,0.0,0.0,0.0,0.0,0.0,0.0,0.0,0.0
0.0,0.0,0.0,0.0,0.0,0.0,0.0,0.0,0.0,0.0
0.0,0.0,0.0,0.0,0.0,0.0,0.0,0.0,0.0,0.0
0.0,0.0,0.0,0.0,0.0,0.0,0.0,0.0,0.0,0.0
0.0,0.0,0.0,0.0,0.0,0.0,0.0,0.0,0.0,0.0
0.0,0.0,0.0,0.0,0.0,0.0,0.0,0.0,0.0,0.0
0.0,0.0,0.0,0.0,0.0,0.0,0.0,0.0,0.0,0.0
0.0,0.0,0.0,0.0,0.0,0.0,0.0,0.0,0.0,0.0
0.0,0.0,0.0,0.0,0.0,0.0,0.0,0.0,0.0,0.0
0.0,0.0,0.0,0.0,0.0,0.0,0.0,0.0,0.0,0.0
0.0,0.0,0.0,0.0,0.0,0.0,0.0,0.0,0.0,0.0
0.0,0.0,0.0,0.0,0.0,0.0,0.0,0.0,0.0,0.0
0.0,0.0,0.0,0.0,0.0,0.0,0.0,0.0,0.0,0.0
0.0,0.0,0.0,0.0,0.0,0.0,0.0,0.0,0.0,0.0
0.0,0.0,0.0,0.0,0.0,0.0,0.0,0.0,0.0,0.0
0.0,0.0,0.0,0.0,0.0,0.0,0.0,0.0,0.0,0.0
0.0,0.0,0.0,0.0,0.0,0.0,0.0,0.0,0.0,0.0
0.0,0.0,0.0,0.0,0.0,0.0,0.0,0.0,0.0,0.0
0.0,0.0,0.0,0.0,0.0,0.0,0.0,0.0,0.0,0.0
0.0,0.0,0.0,0.0,0.0,0.0,0.0,0.0,0.0,0.0
0.0,0.0,0.0,0.0,0.0,0.0,0.0,0.0,0.0,0.0
0.0,0.0,0.0,0.0,0.0,0.0,0.0,0.0,0.0,0.0
0.0,0.0,0.0,0.0,0.0,0.0,0.0,0.0,0.0,0.0
0.0,0.0,0.0,0.0,0.0,0.0,0.0,0.0,0.0,0.0
0.0,0.0,0.0,0.0,0.0,0.0,0.0,0.0,0.0,0.0
0.0,0.0,0.0,0.0,0.0,0.0,0.0,0.0,0.0,0.0
0.0,0.0,0.0,0.0,0.0,0.0,0.0,0.0,0.0,0.0
0.0,0.0,0.0,0.0,0.0,0.0,0.0,0.0,0.0,0.0
0.0,0.0,0.0,0.0,0.0,0.0,0.0,0.0,0.0,0.0
0.0,0.0,0.0,0.0,0.0,0.0,0.0,0.0,0.0,0.0
0.0,0.0,0.0,0.0,0.0,0.0,0.0,0.0,0.0,0.0
0.0,0.0,0.0,0.0,0.0,0.0,0.0,0.0,0.0,0.0
0.0,0.0,0.0,0.0,0.0,0.0,0.0,0.0,0.0,0.0
0.0,0.0,0.0,0.0,0.0,0.0,0.0,0.0,0.0,0.0
0.0,0.0,0.0,0.0,0.0,0.0,0.0,0.0,0.0,0.0
0.0,0.0,0.0,0.0,0.0,0.0,0.0,0.0,0.0,0.0
0.0,0.0,0.0,0.0,0.0,0.0,0.0,0.0,0.0,0.0
0.0,0.0,0.0,0.0,0.0,0.0,0.0,0.0,0.0,0.0
0.0,0.0,0.0,0.0,0.0,0.0,0.0,0.0,0.0,0.0
0.0,0.0,0.0,0.0,0.0,0.0,0.0,0.0,0.0,0.0
0.0,0.0,0.0,0.0,0.0,0.0,0.0,0.0,0.0,0.0
0.0,0.0,0.0,0.0,0.0,0.0,0.0,0.0,0.0,0.0
0.0,0.0,0.0,0.0,0.0,0.0,0.0,0.0,0.0,0.0
0.0,0.0,0.0,0.0,0.0,0.0,0.0,0.0,0.0,0.0
0.0,0.0,0.0,0.0,0.0,0.0,0.0,0.0,0.0,0.0
0.0,0.0,0.0,0.0,0.0,0.0,0.0,0.0,0.0,0.0
0.0,0.0,0.0,0.0,0.0,0.0,0.0,0.0,0.0,0.0
0.0,0.0,0.0,0.0,0.0,0.0,0.0,0.0,0.0,0.0
0.0,0.0,0.0,0.0,0.0,0.0,0.0,0.0,0.0,0.0
0.0,0.0,0.0,0.0,0.0,0.0,0.0,0.0,0.0,0.0
0.0,0.0,0.0,0.0,0.0,0.0,0.0,0.0,0.0,0.0
0.0,0.0,0.0,0.0,0.0,0.0,0.0,0.0,0.0,0.0
0.0,0.0,0.0,0.0,0.0,0.0,0.0,0.0,0.0,0.0
0.0,0.0,0.0,0.0,0.0,0.0,0.0,0.0,0.0,0.0
0.0,0.0,0.0,0.0,0.0,0.0,0.0,0.0,0.0,0.0
0.0,0.0,0.0,0.0,0.0,0.0,0.0,0.0,0.0,0.0
0.0,0.0,0.0,0.0,0.0,0.0,0.0,0.0,0.0,0.0
0.0,0.0,0.0,0.0,0.0,0.0,0.0,0.0,0.0,0.0
0.0,0.0,0.0,0.0,0.0,0.0,0.0,0.0,0.0,0.0
0.0,0.0,0.0,0.0,0.0,0.0,0.0,0.0,0.0,0.0
0.0,0.0,0.0,0.0,0.0,0.0,0.0,0.0,0.0,0.0
0.0,0.0,0.0,0.0,0.0,0.0,0.0,0.0,0.0,0.0
0.0,0.0,0.0,0.0,0.0,0.0,0.0,0.0,0.0,0.0
0.0,0.0,0.0,0.0,0.0,0.0,0.0,0.0,0.0,0.0
0.0,0.0,0.0,0.0,0.0,0.0,0.0,0.0,0.0,0.0
0.0,0.0,0.0,0.0,0.0,0.0,0.0,0.0,0.0,0.0
0.0,0.0,0.0,0.0,0.0,0.0,0.0,0.0,0.0,0.0
0.0,0.0,0.0,0.0,0.0,0.0,0.0,0.0,0.0,0.0
0.0,0.0,0.0,0.0,0.0,0.0,0.0,0.0,0.0,0.0
0.0,0.0,0.0,0.0,0.0,0.0,0.0,0.0,0.0,0.0
0.0,0.0,0.0,0.0,0.0,0.0,0.0,0.0,0.0,0.0
0.0,0.0,0.0,0.0,0.0,0.0,0.0,0.0,0.0,0.0
0.0,0.0,0.0,0.0,0.0,0.0,0.0,0.0,0.0,0.0
0.0,0.0,0.0,0.0,0.0,0.0,0.0,0.0,0.0,0.0
0.0,0.0,0.0,0.0,0.0,0.0,0.0,0.0,0.0,0.0
0.0,0.0,0.0,0.0,0.0,0.0,0.0,0.0,0.0,0.0
0.0,0.0,0.0,0.0,0.0,0.0,0.0,0.0,0.0,0.0
0.0,0.0,0.0,0.0,0.0,0.0,0.0,0.0,0.0,0.0
0.0,0.0,0.0,0.0,0.0,0.0,0.0,0.0,0.0,0.0
0.0,0.0,0.0,0.0,0.0,0.0,0.0,0.0,0.0,0.0
0.0,0.0,0.0,0.0,0.0,0.0,0.0,0.0,0.0,0.0
0.0,0.0,0.0,0.0,0.0,0.0,0.0,0.0,0.0,0.0
0.0,0.0,0.0,0.0,0.0,0.0,0.0,0.0,0.0,0.0
0.0,0.0,0.0,0.0,0.0,0.0,0.0,0.0,0.0,0.0
0.0,0.0,0.0,0.0,0.0,0.0,0.0,0.0,0.0,0.0
0.0,0.0,0.0,0.0,0.0,0.0,0.0,0.0,0.0,0.0
0.0,0.0,0.0,0.0,0.0,0.0,0.0,0.0,0.0,0.0
0.0,0.0,0.0,0.0,0.0,0.0,0.0,0.0,0.0,0.0
0.0,0.0,0.0,0.0,0.0,0.0,0.0,0.0,0.0,0.0
0.0,0.0,0.0,0.0,0.0,0.0,0.0,0.0,0.0,0.0
0.0,0.0,0.0,0.0,0.0,0.0,0.0,0.0,0.0,0.0
0.0,0.0,0.0,0.0,0.0,0.0,0.0,0.0,0.0,0.0
0.0,0.0,0.0,0.0,0.0,0.0,0.0,0.0,0.0,0.0
0.0,0.0,0.0,0.0,0.0,0.0,0.0,0.0,0.0,0.0
0.0,0.0,0.0,0.0,0.0,0.0,0.0,0.0,0.0,0.0
0.0,0.0,0.0,0.0,0.0,0.0,0.0,0.0,0.0,0.0
0.0,0.0,0.0,0.0,0.0,0.0,0.0,0.0,0.0,0.0
0.0127,0.0127,0.0,0.0,0.0076199999999999,0.0,0.00254,0.0,0.0,0.0
0.00254,0.01016,0.0,0.00254,0.0127,0.00254,0.0,0.00254,0.0,0.00508
0.02286,0.0254,0.0152399999999999,0.0152399999999999,0.0177799999999999,0.0,0.0,0.0,0.0,0.0
0.0076199999999999,0.0177799999999999,0.00508,0.00508,0.0076199999999999,0.0,0.0,0.0,0.0,0.0
0.0,0.0076199999999999,0.0,0.0,0.0,0.0,0.0,0.0,0.0,0.0
0.0,0.0,0.0,0.0,0.0,0.0,0.0,0.0,0.0,0.0
0.0,0.0,0.0,0.0,0.0,0.0,0.0,0.0,0.0,0.0
0.0,0.0,0.0,0.0,0.0,0.0,0.0,0.0,0.0,0.0
0.0,0.0,0.0,0.0,0.0,0.0,0.0,0.0,0.0,0.0
0.0,0.0,0.0,0.0,0.0,0.0,0.0,0.0,0.0,0.0
0.0,0.0,0.0,0.0,0.0,0.0,0.0,0.0,0.0,0.0
0.00508,0.01016,0.00254,0.0,0.00254,0.01016,0.00254,0.01016,0.0,0.0
0.0,0.00508,0.0,0.0,0.0,0.00508,0.00254,0.01016,0.0,0.0
0.0,0.0076199999999999,0.00508,0.0,0.0,0.0076199999999999,0.00508,0.00508,0.0,0.0
0.0,0.0076199999999999,0.00508,0.0,0.0,0.0,0.0,0.00254,0.0,0.0
0.0,0.00508,0.00254,0.0,0.0,0.0,0.0,0.0,0.0,0.0
0.0,0.00254,0.0,0.0,0.0,0.0,0.0,0.0,0.0,0.0
0.0,0.0,0.0,0.0,0.0,0.0,0.0,0.0,0.0,0.0
0.0,0.0,0.0,0.0,0.0,0.0,0.0,0.0,0.0,0.0
0.0,0.0,0.0,0.0,0.0,0.0,0.0,0.0,0.0,0.0
0.0,0.0,0.0,0.0,0.0,0.0,0.0,0.0,0.0,0.0
0.0,0.0,0.0,0.0,0.0,0.0,0.0,0.0,0.0,0.0
0.0,0.0,0.0,0.0,0.0,0.0,0.0,0.0,0.0,0.0
0.0,0.0,0.0,0.0,0.0,0.0,0.0,0.0,0.0,0.0
0.0,0.0,0.0,0.0,0.00508,0.0,0.0,0.0,0.0,0.0
0.0,0.0127,0.01016,0.0,0.0304799999999999,0.0,0.0,0.00508,0.0,0.0
0.0,0.0127,0.01016,0.0,0.03302,0.00254,0.0,0.00508,0.0,0.0
0.0,0.0127,0.00508,0.0,0.0304799999999999,0.00254,0.0,0.0076199999999999,0.0,0.0
0.0,0.01016,0.00254,0.0,0.0254,0.0,0.0,0.00254,0.0,0.0
0.0,0.00508,0.0,0.0,0.0177799999999999,0.0,0.0,0.0,0.0,0.0
0.0,0.0,0.0,0.0,0.0076199999999999,0.0,0.0,0.0,0.0,0.0
0.0,0.0,0.0,0.0,0.0,0.0,0.0,0.0,0.0,0.0
0.0,0.0,0.0,0.0,0.0,0.0,0.0,0.0,0.0,0.0
0.0,0.0,0.0,0.0,0.0,0.0,0.0,0.0,0.0,0.0
0.0,0.0,0.0,0.0,0.0,0.0,0.0,0.0,0.0,0.0
0.0,0.0,0.0,0.0,0.0,0.0,0.0,0.0,0.0,0.0
0.0,0.0,0.0,0.0,0.0,0.0,0.0,0.0,0.0,0.0
0.0,0.0,0.0,0.0,0.0,0.0,0.0,0.0,0.0,0.0
0.0,0.0,0.0,0.0,0.0,0.0,0.0,0.0,0.0,0.0
0.0,0.0076199999999999,0.0076199999999999,0.0,0.0,0.0,0.0,0.0,0.0,0.0
0.0,0.0152399999999999,0.01016,0.0,0.0,0.0,0.0,0.0,0.0,0.0
0.0,0.0152399999999999,0.01016,0.0,0.0,0.0,0.0,0.0,0.0,0.0
0.0,0.0127,0.00508,0.0,0.0,0.0,0.0,0.0,0.0,0.0
0.0,0.0076199999999999,0.0,0.0,0.0,0.0,0.0,0.0,0.0,0.0
0.0,0.00254,0.0,0.0,0.0,0.0,0.0,0.0,0.0,0.0
0.0,0.0,0.0,0.0,0.0,0.0,0.0,0.0,0.0,0.0
0.0,0.0,0.0,0.0,0.0,0.0,0.0,0.0,0.0,0.0
0.0,0.0,0.0,0.0,0.0,0.0,0.0,0.0,0.0,0.0
0.0,0.0,0.0,0.0,0.0,0.0,0.0,0.0,0.0,0.0
0.0,0.0,0.0,0.0,0.0,0.0,0.0,0.0,0.0,0.0
0.0,0.0,0.0,0.0,0.0,0.0,0.0,0.0,0.0,0.0
0.0,0.0,0.0,0.0,0.0,0.0,0.0,0.0,0.0,0.0
0.0,0.0,0.0,0.0,0.0,0.0,0.0,0.0,0.0,0.0
0.0,0.0,0.0,0.0,0.0,0.0,0.0,0.0,0.0,0.0
0.0,0.0,0.0,0.0,0.0,0.0,0.0,0.0,0.0,0.0
0.0,0.0,0.0,0.0,0.0,0.0,0.0,0.0,0.0,0.0
0.0,0.01016,0.00508,0.00508,0.00508,0.01016,0.00508,0.00508,0.0,0.00254
0.00254,0.0076199999999999,0.00508,0.00508,0.00508,0.01016,0.00508,0.00508,0.0,0.00254
0.00254,0.00508,0.00254,0.00508,0.00254,0.0076199999999999,0.00254,0.00254,0.0,0.00254
0.00254,0.00508,0.00254,0.00508,0.00254,0.00254,0.00254,0.0,0.0,0.00254
0.0127,0.02286,0.0152399999999999,0.01016,0.0152399999999999,0.02032,0.02032,0.02032,0.0076199999999999,0.01016
0.0152399999999999,0.02794,0.0152399999999999,0.01016,0.0152399999999999,0.02032,0.02032,0.02032,0.0076199999999999,0.01016
0.02286,0.04572,0.0254,0.0127,0.02286,0.04064,0.03302,0.04064,0.01016,0.0152399999999999
0.02286,0.04572,0.0254,0.0127,0.02286,0.04064,0.03302,0.04064,0.01016,0.0152399999999999
0.02032,0.04572,0.0431799999999999,0.0127,0.02286,0.04064,0.03302,0.04064,0.01016,0.0152399999999999
0.0254,0.04572,0.04572,0.0177799999999999,0.0254,0.0431799999999999,0.04064,0.04064,0.01016,0.0177799999999999
0.0355599999999999,0.0609599999999999,0.05334,0.02286,0.0355599999999999,0.0609599999999999,0.0609599999999999,0.0584199999999999,0.0177799999999999,0.0254
0.0431799999999999,0.1016,0.0635,0.0355599999999999,0.05588,0.0863599999999999,0.0761999999999999,0.0838199999999999,0.0254,0.0355599999999999
0.0431799999999999,0.1016,0.06604,0.0355599999999999,0.05588,0.0863599999999999,0.0761999999999999,0.0838199999999999,0.0254,0.0355599999999999
0.04572,0.1016,0.06604,0.0355599999999999,0.05588,0.0863599999999999,0.0761999999999999,0.0838199999999999,0.0254,0.0355599999999999
0.04572,0.1016,0.06604,0.0355599999999999,0.05588,0.0863599999999999,0.0761999999999999,0.0838199999999999,0.0254,0.0355599999999999
0.04572,0.1016,0.06604,0.0355599999999999,0.05588,0.0863599999999999,0.0761999999999999,0.0838199999999999,0.0254,0.0355599999999999
0.04572,0.1016,0.06604,0.0355599999999999,0.05588,0.0863599999999999,0.0761999999999999,0.0863599999999999,0.0254,0.0355599999999999
0.04572,0.1143,0.0711199999999999,0.0380999999999999,0.0609599999999999,0.0888999999999999,0.0761999999999999,0.0863599999999999,0.02794,0.0355599999999999
0.04572,0.11938,0.0736599999999999,0.0380999999999999,0.0609599999999999,0.0888999999999999,0.08128,0.0863599999999999,0.02794,0.0355599999999999
0.04572,0.12446,0.07874,0.0380999999999999,0.0609599999999999,0.0888999999999999,0.08128,0.0863599999999999,0.02794,0.0355599999999999
0.04572,0.12446,0.07874,0.0380999999999999,0.0609599999999999,0.0888999999999999,0.08128,0.0863599999999999,0.02794,0.0355599999999999
0.05588,0.12954,0.08128,0.0508,0.0711199999999999,0.09144,0.09398,0.09652,0.0355599999999999,0.0355599999999999
0.0635,0.13462,0.0838199999999999,0.0609599999999999,0.09398,0.09652,0.09906,0.10668,0.0431799999999999,0.05588
0.09652,0.17526,0.10668,0.09144,0.15494,0.127,0.13462,0.14986,0.0736599999999999,0.09144
0.09652,0.1803399999999999,0.11176,0.09398,0.1651,0.12954,0.13716,0.15494,0.0761999999999999,0.09398
0.09652,0.1803399999999999,0.11176,0.09398,0.1651,0.12954,0.13716,0.15494,0.0761999999999999,0.09398
0.09652,0.1803399999999999,0.11176,0.09398,0.1651,0.12954,0.13716,0.15494,0.0761999999999999,0.09398
0.10922,0.19304,0.1219199999999999,0.1041399999999999,0.17526,0.13208,0.14478,0.16256,0.0863599999999999,0.10668
0.10922,0.19812,0.1219199999999999,0.1016,0.18796,0.13462,0.1523999999999999,0.1651,0.09144,0.11176
0.1422399999999999,0.2438399999999999,0.127,0.11938,0.2209799999999999,0.16002,0.1727199999999999,0.18542,0.09652,0.12954
0.1422399999999999,0.2438399999999999,0.127,0.11938,0.2209799999999999,0.16002,0.1727199999999999,0.18542,0.09652,0.12954
0.1422399999999999,0.2438399999999999,0.127,0.11938,0.2209799999999999,0.16002,0.1727199999999999,0.18542,0.09652,0.12954
0.14478,0.2463799999999999,0.12954,0.127,0.22352,0.16256,0.1777999999999999,0.1905,0.09652,0.12954
0.14478,0.2463799999999999,0.12954,0.127,0.22352,0.16256,0.1777999999999999,0.1905,0.09652,0.12954
0.1473199999999999,0.2463799999999999,0.12954,0.127,0.22352,0.16256,0.1777999999999999,0.1905,0.09652,0.12954
0.1473199999999999,0.2463799999999999,0.12954,0.127,0.22352,0.16256,0.1777999999999999,0.1905,0.09652,0.12954
0.1473199999999999,0.2463799999999999,0.12954,0.127,0.22606,0.16256,0.1905,0.1905,0.09652,0.13462
0.16256,0.254,0.13462,0.12954,0.2311399999999999,0.1676399999999999,0.21844,0.20066,0.09652,0.13716
0.1676399999999999,0.26162,0.1422399999999999,0.13716,0.2463799999999999,0.18542,0.2209799999999999,0.21082,0.1016,0.1422399999999999
0.1676399999999999,0.26162,0.1422399999999999,0.13716,0.2463799999999999,0.18542,0.2209799999999999,0.21082,0.1016,0.1422399999999999
0.1676399999999999,0.26162,0.1422399999999999,0.1397,0.2463799999999999,0.18542,0.22352,0.21082,0.1041399999999999,0.14478
0.1676399999999999,0.26416,0.14478,0.1397,0.2463799999999999,0.18542,0.22352,0.21082,0.1041399999999999,0.14478
0.1676399999999999,0.26416,0.14478,0.1397,0.2463799999999999,0.18542,0.22352,0.21082,0.1041399999999999,0.14478
0.1676399999999999,0.26416,0.14478,0.1397,0.2463799999999999,0.18542,0.22352,0.21082,0.1041399999999999,0.14478
0.1676399999999999,0.26416,0.14478,0.1397,0.2463799999999999,0.18542,0.22352,0.21082,0.1041399999999999,0.14478
0.17018,0.26924,0.1473199999999999,0.1422399999999999,0.254,0.18542,0.23622,0.21082,0.1041399999999999,0.1473199999999999
0.18796,0.28956,0.16256,0.15748,0.2667,0.20066,0.25654,0.2286,0.1143,0.15494
0.19304,0.2946399999999999,0.17018,0.1651,0.2667,0.20066,0.2667,0.2311399999999999,0.1143,0.15748
0.2286,0.3302,0.19304,0.19558,0.32258,0.2209799999999999,0.2946399999999999,0.2794,0.1422399999999999,0.19304
0.2286,0.3302,0.19304,0.19558,0.32258,0.2209799999999999,0.2946399999999999,0.2794,0.1422399999999999,0.19304
0.2286,0.3302,0.19304,0.19558,0.32258,0.2209799999999999,0.2946399999999999,0.2794,0.1422399999999999,0.19304
0.23876,0.3454399999999999,0.19812,0.20066,0.32766,0.22352,0.30226,0.2819399999999999,0.14478,0.19558
0.25654,0.35052,0.20066,0.2082799999999999,0.34036,0.2311399999999999,0.31242,0.3047999999999999,0.15748,0.2057399999999999
0.2819399999999999,0.40894,0.2311399999999999,0.2311399999999999,0.381,0.2413,0.34036,0.32512,0.1651,0.2286
0.30734,0.44704,0.25146,0.24892,0.4241799999999999,0.24892,0.3581399999999999,0.3454399999999999,0.1905,0.25654
0.33274,0.49022,0.2946399999999999,0.2717799999999999,0.4699,0.2794,0.38354,0.38862,0.2209799999999999,0.28956
0.33274,0.4952999999999999,0.3047999999999999,0.2717799999999999,0.47752,0.2794,0.39624,0.3987799999999999,0.2209799999999999,0.28956
0.33274,0.4952999999999999,0.3047999999999999,0.2717799999999999,0.47752,0.2794,0.39624,0.3987799999999999,0.2209799999999999,0.28956
0.33274,0.4952999999999999,0.3047999999999999,0.2717799999999999,0.47752,0.2794,0.39624,0.3987799999999999,0.2209799999999999,0.28956
0.33274,0.4952999999999999,0.3047999999999999,0.2717799999999999,0.47752,0.2794,0.39624,0.3987799999999999,0.2209799999999999,0.28956
0.33274,0.4952999999999999,0.3047999999999999,0.2717799999999999,0.47752,0.2794,0.39624,0.3987799999999999,0.2209799999999999,0.28956
0.33274,0.4952999999999999,0.3047999999999999,0.2717799999999999,0.47752,0.2794,0.39624,0.3987799999999999,0.2209799999999999,0.28956
0.33274,0.4952999999999999,0.3047999999999999,0.2717799999999999,0.47752,0.2794,0.39624,0.3987799999999999,0.2209799999999999,0.28956
0.34036,0.5003799999999999,0.30734,0.2794,0.4826,0.2794,0.39624,0.4064,0.22606,0.2920999999999999
0.34036,0.50292,0.30734,0.2794,0.48514,0.2794,0.4114799999999999,0.40894,0.22606,0.2946399999999999
0.3479799999999999,0.51308,0.31496,0.28702,0.4952999999999999,0.2920999999999999,0.4292599999999999,0.4241799999999999,0.2336799999999999,0.30226
0.3555999999999999,0.51816,0.31496,0.2946399999999999,0.51308,0.29972,0.44704,0.45212,0.254,0.32004
0.381,0.54864,0.32512,0.32258,0.54102,0.32004,0.49022,0.49022,0.26924,0.3454399999999999
0.381,0.55118,0.32512,0.32512,0.54864,0.32258,0.49022,0.4927599999999999,0.26924,0.3454399999999999
0.381,0.55372,0.3302,0.32766,0.55372,0.32512,0.49022,0.4952999999999999,0.26924,0.3454399999999999
0.381,0.55372,0.3302,0.32766,0.55626,0.32766,0.4927599999999999,0.5003799999999999,0.26924,0.3454399999999999
0.381,0.55372,0.3302,0.32766,0.55626,0.32766,0.4952999999999999,0.5003799999999999,0.26924,0.3454399999999999
0.381,0.55626,0.3302,0.3302,0.55626,0.32766,0.49784,0.5003799999999999,0.26924,0.3454399999999999
0.38354,0.55626,0.3302,0.3302,0.5588,0.32766,0.49784,0.5003799999999999,0.26924,0.3454399999999999
0.38354,0.55626,0.3302,0.3302,0.5588,0.32766,0.49784,0.5003799999999999,0.26924,0.3454399999999999
0.38354,0.55626,0.3302,0.3302,0.5588,0.32766,0.49784,0.5003799999999999,0.26924,0.3454399999999999
0.38354,0.55626,0.3302,0.3302,0.5588,0.32766,0.49784,0.5003799999999999,0.26924,0.3454399999999999
0.38354,0.55626,0.3302,0.33274,0.5638799999999999,0.32766,0.50292,0.508,0.26924,0.3454399999999999
0.39116,0.5638799999999999,0.33782,0.33782,0.56642,0.32766,0.51054,0.508,0.2717799999999999,0.3479799999999999
0.39624,0.5689599999999999,0.34036,0.33782,0.5689599999999999,0.32766,0.51562,0.51308,0.27432,0.3479799999999999
0.39624,0.5689599999999999,0.3429,0.33782,0.5689599999999999,0.32766,0.51816,0.51308,0.27432,0.35052
0.3987799999999999,0.57912,0.3479799999999999,0.3429,0.5892799999999999,0.32766,0.5257799999999999,0.52324,0.27686,0.3581399999999999
0.4165599999999999,0.6095999999999999,0.3555999999999999,0.35306,0.61976,0.32766,0.54102,0.52324,0.2667,0.37592
0.4165599999999999,0.6095999999999999,0.3555999999999999,0.35306,0.6248400000000001,0.32512,0.5435599999999999,0.52324,0.26416,0.37846
0.4165599999999999,0.61214,0.3555999999999999,0.3429,0.61722,0.3175,0.5461,0.5206999999999999,0.26416,0.3682999999999999
0.42164,0.63754,0.381,0.33782,0.6273799999999999,0.32258,0.5638799999999999,0.51054,0.26924,0.37338
0.42672,0.6527799999999999,0.3937,0.3429,0.6324599999999999,0.33782,0.58674,0.51054,0.28702,0.381
0.42672,0.6527799999999999,0.3937,0.3429,0.6324599999999999,0.33782,0.58674,0.51054,0.28702,0.381
0.42672,0.6527799999999999,0.3937,0.3429,0.6324599999999999,0.33782,0.58674,0.51054,0.28702,0.381
0.42672,0.6527799999999999,0.3937,0.3429,0.6324599999999999,0.33782,0.58674,0.51054,0.28702,0.381
0.42672,0.6527799999999999,0.3937,0.3429,0.6324599999999999,0.33782,0.58674,0.51054,0.28702,0.381
0.42672,0.6527799999999999,0.38862,0.3429,0.6324599999999999,0.3352799999999999,0.58674,0.5206999999999999,0.2844799999999999,0.381
0.42672,0.6604,0.38354,0.3429,0.6324599999999999,0.33782,0.59944,0.52832,0.2819399999999999,0.38354
0.42672,0.6604,0.38354,0.3454399999999999,0.635,0.33782,0.61214,0.52832,0.2794,0.38608
0.43688,0.67818,0.39624,0.3479799999999999,0.6578599999999999,0.3454399999999999,0.635,0.55372,0.2819399999999999,0.40386
0.4445,0.68072,0.3987799999999999,0.3479799999999999,0.6604,0.3429,0.64262,0.55372,0.2717799999999999,0.40386
0.4699,0.70358,0.40894,0.3581399999999999,0.68072,0.36322,0.66548,0.55372,0.27686,0.40894
0.4800599999999999,0.7162799999999999,0.4165599999999999,0.3682999999999999,0.6858,0.37592,0.68072,0.5638799999999999,0.27432,0.4165599999999999
0.47752,0.73152,0.4241799999999999,0.37338,0.6985,0.40386,0.6883400000000001,0.58674,0.27686,0.42164
0.47244,0.7340599999999999,0.4241799999999999,0.37338,0.70104,0.4114799999999999,0.6908799999999999,0.5943599999999999,0.27686,0.4241799999999999
0.4800599999999999,0.74422,0.42672,0.37592,0.70866,0.4165599999999999,0.70104,0.60452,0.2794,0.4292599999999999
0.4800599999999999,0.74422,0.42672,0.37592,0.70866,0.4165599999999999,0.70104,0.60452,0.2794,0.4292599999999999
0.5054599999999999,0.77724,0.44704,0.40386,0.73152,0.4419599999999999,0.7340599999999999,0.6527799999999999,0.2920999999999999,0.44958
0.5054599999999999,0.77724,0.44704,0.40386,0.74676,0.4419599999999999,0.7340599999999999,0.6527799999999999,0.2920999999999999,0.44958
0.5054599999999999,0.77724,0.44704,0.40386,0.74676,0.4419599999999999,0.7340599999999999,0.6527799999999999,0.2920999999999999,0.44958
0.5054599999999999,0.77724,0.44704,0.40386,0.74676,0.4419599999999999,0.7340599999999999,0.6527799999999999,0.2920999999999999,0.44958
0.5054599999999999,0.77724,0.44704,0.40386,0.74676,0.4419599999999999,0.7340599999999999,0.6527799999999999,0.2920999999999999,0.44958
0.5054599999999999,0.77724,0.44704,0.40386,0.74676,0.4419599999999999,0.7340599999999999,0.6527799999999999,0.2920999999999999,0.44958
0.51562,0.79502,0.4572,0.4165599999999999,0.77216,0.46482,0.74168,0.67564,0.2946399999999999,0.4546599999999999
0.5257799999999999,0.8051799999999999,0.46482,0.4292599999999999,0.8000999999999999,0.46482,0.7493,0.68326,0.2971799999999999,0.46482
0.5308599999999999,0.8051799999999999,0.46482,0.4292599999999999,0.8000999999999999,0.46482,0.7493,0.68326,0.2971799999999999,0.46482
0.5308599999999999,0.8051799999999999,0.46482,0.4292599999999999,0.8000999999999999,0.46482,0.7493,0.68326,0.2920999999999999,0.46482
0.5308599999999999,0.8051799999999999,0.46482,0.4292599999999999,0.8000999999999999,0.45974,0.7493,0.68326,0.2819399999999999,0.46482
0.5308599999999999,0.80264,0.46482,0.42164,0.8000999999999999,0.4546599999999999,0.7493,0.68326,0.26924,0.4572
0.5308599999999999,0.8000999999999999,0.46482,0.4165599999999999,0.8000999999999999,0.45212,0.7493,0.68326,0.26416,0.45212
0.5308599999999999,0.8000999999999999,0.46482,0.4114799999999999,0.8000999999999999,0.4445,0.7493,0.68326,0.25908,0.44958
0.5257799999999999,0.8000999999999999,0.46482,0.40132,0.8000999999999999,0.43688,0.7493,0.67818,0.2413,0.44704
0.51562,0.7975599999999999,0.46482,0.3937,0.8000999999999999,0.42672,0.7493,0.66802,0.21844,0.43942
0.5003799999999999,0.79248,0.46482,0.381,0.7874,0.41402,0.7493,0.65024,0.19812,0.42672
0.4826,0.7874,0.46482,0.37084,0.77216,0.40132,0.7493,0.6273799999999999,0.1727199999999999,0.41402
0.4673599999999999,0.7848599999999999,0.46482,0.3606799999999999,0.75692,0.38608,0.7493,0.61214,0.1523999999999999,0.4064
0.44704,0.78232,0.46482,0.35052,0.73914,0.3682999999999999,0.7493,0.57658,0.1219199999999999,0.39624
0.4317999999999999,0.77724,0.46482,0.33782,0.7239,0.35052,0.7493,0.55118,0.09906,0.38354
0.42164,0.77724,0.45974,0.32766,0.70866,0.3352799999999999,0.74422,0.52324,0.07874,0.37084
0.4064,0.76962,0.44704,0.30988,0.6985,0.31496,0.74676,0.47752,0.05334,0.3581399999999999
0.3987799999999999,0.76708,0.44704,0.2920999999999999,0.69342,0.2971799999999999,0.75184,0.44958,0.0380999999999999,0.3479799999999999
0.40132,0.7746999999999999,0.4546599999999999,0.30226,0.7365999999999999,0.3175,0.7594599999999999,0.4749799999999999,0.04826,0.36322
0.40132,0.76708,0.4546599999999999,0.2971799999999999,0.7365999999999999,0.31496,0.75692,0.47752,0.0304799999999999,0.36322
0.40386,0.77216,0.4572,0.29972,0.7365999999999999,0.32512,0.76454,0.4876799999999999,0.0254,0.36322
0.40386,0.76962,0.4572,0.29972,0.74168,0.32512,0.76454,0.48514,0.01016,0.3606799999999999
0.4165599999999999,0.8128,0.48514,0.32004,0.74676,0.33782,0.78232,0.5054599999999999,0.00254,0.36322
0.4165599999999999,0.81788,0.4826,0.32258,0.74676,0.33782,0.78232,0.5054599999999999,0.0,0.3682999999999999
0.4165599999999999,0.81788,0.4800599999999999,0.32004,0.74676,0.33274,0.78232,0.5054599999999999,0.0,0.3581399999999999
0.43942,0.8483599999999999,0.4927599999999999,0.33782,0.74422,0.3352799999999999,0.80264,0.51308,0.0,0.35306
0.43942,0.8509,0.5003799999999999,0.34036,0.76454,0.33782,0.81026,0.51308,0.0,0.3581399999999999
0.43942,0.8483599999999999,0.5003799999999999,0.33274,0.76454,0.3352799999999999,0.81026,0.5054599999999999,0.0,0.35052
0.4419599999999999,0.85344,0.5054599999999999,0.33782,0.76962,0.3429,0.80772,0.51054,0.0,0.3555999999999999
0.44704,0.8509,0.50292,0.33782,0.77216,0.34036,0.80772,0.51054,0.0,0.35052
0.44704,0.8483599999999999,0.49784,0.33782,0.77216,0.33782,0.80772,0.51054,0.0,0.3479799999999999
0.44704,0.8483599999999999,0.4952999999999999,0.33782,0.76962,0.3352799999999999,0.80772,0.51054,0.0,0.34036
0.43688,0.84074,0.47752,0.32004,0.76454,0.31496,0.80772,0.48514,0.0,0.3175
0.4317999999999999,0.83566,0.45974,0.30226,0.7594599999999999,0.29972,0.8051799999999999,0.43942,0.0,0.2971799999999999
0.43688,0.86614,0.4876799999999999,0.30988,0.7848599999999999,0.32766,0.8229599999999999,0.4546599999999999,0.0,0.3047999999999999
0.43688,0.86868,0.4952999999999999,0.31242,0.7975599999999999,0.3352799999999999,0.82804,0.46482,0.0,0.30734
0.43434,0.86868,0.4952999999999999,0.31242,0.7975599999999999,0.33274,0.82804,0.46482,0.0,0.30734
0.41402,0.86868,0.4952999999999999,0.3047999999999999,0.7975599999999999,0.32766,0.82804,0.46482,0.0,0.30734
0.39116,0.86614,0.4952999999999999,0.2794,0.7797799999999999,0.30988,0.81788,0.43942,0.0,0.28956
0.3606799999999999,0.8635999999999999,0.4927599999999999,0.2438399999999999,0.74422,0.27432,0.81026,0.37592,0.0,0.26924
0.3606799999999999,0.8458199999999999,0.4876799999999999,0.23876,0.7239,0.26924,0.8000999999999999,0.37338,0.0,0.26416
0.35306,0.8331199999999999,0.4876799999999999,0.22352,0.71374,0.25146,0.79248,0.3555999999999999,0.0,0.254
0.32004,0.83058,0.4749799999999999,0.19304,0.69342,0.2158999999999999,0.7746999999999999,0.3047999999999999,0.0,0.22606
0.3047999999999999,0.8128,0.4572,0.1727199999999999,0.66294,0.18542,0.75184,0.24892,0.0,0.20066
0.3047999999999999,0.81534,0.45212,0.16002,0.6578599999999999,0.1777999999999999,0.7365999999999999,0.22606,0.0,0.1905
0.30988,0.7975599999999999,0.4546599999999999,0.15748,0.65532,0.17018,0.7365999999999999,0.2057399999999999,0.0,0.18288
0.30988,0.81026,0.46482,0.16256,0.6705599999999999,0.16256,0.7493,0.20066,0.0,0.1727199999999999
0.30988,0.8128,0.46482,0.16256,0.6705599999999999,0.17018,0.7493,0.2057399999999999,0.0,0.17526
0.30988,0.8128,0.44958,0.14478,0.66548,0.15494,0.7543799999999999,0.17526,0.0,0.1523999999999999
0.2920999999999999,0.81534,0.43434,0.127,0.64262,0.12954,0.7543799999999999,0.127,0.0,0.12954
0.2971799999999999,0.8255,0.44958,0.13462,0.6578599999999999,0.1473199999999999,0.76708,0.13208,0.0,0.12954
0.3047999999999999,0.8382,0.4572,0.1422399999999999,0.66294,0.1676399999999999,0.7797799999999999,0.14986,0.0,0.12954
0.32258,0.8458199999999999,0.4546599999999999,0.1473199999999999,0.67564,0.17526,0.7874,0.1651,0.00508,0.13462
0.32258,0.8610599999999999,0.45974,0.16256,0.6883400000000001,0.18288,0.8051799999999999,0.1727199999999999,0.0,0.13716
0.32766,0.8763,0.4699,0.1727199999999999,0.70358,0.19304,0.81026,0.18288,0.00254,0.1397
0.32766,0.8763,0.4622799999999999,0.1651,0.70358,0.1905,0.81026,0.1803399999999999,0.0,0.1397
0.3302,0.8763,0.4546599999999999,0.1676399999999999,0.70358,0.18288,0.81026,0.1676399999999999,0.0,0.127
0.31496,0.87376,0.43942,0.1523999999999999,0.6908799999999999,0.1676399999999999,0.81026,0.14478,0.0,0.10668
0.30226,0.8763,0.4241799999999999,0.1473199999999999,0.68326,0.1523999999999999,0.79502,0.11938,0.0,0.0888999999999999
0.2844799999999999,0.8763,0.42164,0.12446,0.65532,0.12446,0.7797799999999999,0.0711199999999999,0.0,0.0635
0.25146,0.8763,0.4064,0.07874,0.6070599999999999,0.08128,0.74676,0.04064,0.0,0.0355599999999999
0.2057399999999999,0.8559800000000001,0.37846,0.02286,0.5588,0.03302,0.69342,0.02032,0.0,0.01016
0.17526,0.8382,0.35306,0.0,0.52832,0.0177799999999999,0.67564,0.0127,0.0,0.0
0.14478,0.80772,0.32512,0.0,0.48514,0.0076199999999999,0.6273799999999999,0.0,0.0,0.0
0.127,0.79502,0.30734,0.0,0.4673599999999999,0.0,0.62992,0.0076199999999999,0.0,0.0
0.09906,0.7797799999999999,0.2717799999999999,0.0,0.43434,0.0,0.59182,0.00508,0.0,0.0
0.0635,0.75692,0.23622,0.0,0.40894,0.0,0.57404,0.00254,0.0,0.0
0.0304799999999999,0.72644,0.1905,0.0,0.37338,0.0,0.52832,0.0,0.0,0.0
0.0,0.67818,0.1422399999999999,0.0,0.33274,0.0,0.4800599999999999,0.0,0.0,0.0
0.0,0.6604,0.1041399999999999,0.0,0.32512,0.0,0.46482,0.0,0.0,0.0
0.0,0.62992,0.0635,0.0,0.28956,0.0,0.44704,0.0,0.0,0.0
0.0,0.5969,0.0431799999999999,0.0,0.26162,0.0,0.43434,0.0,0.0,0.0
0.0,0.58674,0.03302,0.0,0.24892,0.0,0.42164,0.0076199999999999,0.0,0.0
0.0,0.59944,0.0380999999999999,0.0,0.26162,0.0076199999999999,0.42672,0.0152399999999999,0.0,0.00508
0.0,0.6095999999999999,0.0431799999999999,0.0,0.2717799999999999,0.00254,0.4292599999999999,0.0152399999999999,0.0,0.0076199999999999
0.0,0.6095999999999999,0.04064,0.0,0.2717799999999999,0.0,0.4292599999999999,0.0076199999999999,0.0,0.00254
0.0,0.60198,0.0304799999999999,0.0,0.26162,0.0,0.42164,0.00508,0.0,0.0
0.0,0.59944,0.02032,0.0,0.2438399999999999,0.0,0.40894,0.0,0.0,0.0
0.0,0.57658,0.0,0.0,0.19558,0.0,0.37846,0.0,0.0,0.0
0.0,0.5334,0.0,0.0,0.14478,0.0,0.33782,0.0,0.0,0.0
0.0,0.4876799999999999,0.0,0.0,0.07874,0.0,0.30988,0.0,0.0,0.0
0.0,0.46482,0.0,0.0,0.0304799999999999,0.0,0.2794,0.0,0.0,0.0
0.0,0.46482,0.0,0.0,0.0076199999999999,0.0,0.25908,0.0,0.0,0.0
0.0,0.43688,0.0,0.0,0.0,0.0,0.2336799999999999,0.0,0.0,0.0
0.0,0.3987799999999999,0.0,0.0,0.0,0.0,0.2082799999999999,0.0,0.0,0.0
0.0,0.3581399999999999,0.0,0.0,0.0,0.0,0.17018,0.0,0.0,0.0
0.0,0.31496,0.0,0.0,0.0,0.0,0.12954,0.0,0.0,0.0
0.0,0.2717799999999999,0.0,0.0,0.0,0.0,0.0888999999999999,0.0,0.0,0.0
0.0,0.23876,0.0,0.0,0.0,0.0,0.05588,0.0,0.0,0.0
0.0,0.19304,0.0,0.0,0.0,0.0,0.01016,0.0,0.0,0.0
0.0,0.1473199999999999,0.0,0.0,0.0,0.0,0.0,0.0,0.0,0.0
0.0,0.0,0.0,0.0,0.0,0.0,0.0,0.0,0.0,0.0
0.0,0.0,0.0,0.0,0.0,0.0,0.0,0.0,0.0,0.0
0.0,0.0,0.0,0.0,0.0,0.0,0.0,0.0,0.0,0.0
0.0,0.0,0.0,0.0,0.0,0.0,0.0,0.0,0.0,0.0
0.0,0.0,0.0,0.0,0.0,0.0,0.0,0.0,0.0,0.0
0.0,0.0,0.0,0.0,0.0,0.0,0.0,0.0,0.0,0.0
0.0,0.0,0.0,0.0,0.0,0.0,0.0,0.0,0.0,0.0
0.0,0.0,0.0,0.0,0.0,0.0,0.0,0.0,0.0,0.0
0.0,0.0,0.0,0.0,0.0,0.0,0.0,0.0,0.0,0.0
0.0,0.0,0.0,0.0,0.01016,0.0,0.0,0.0,0.0,0.0
0.0,0.0,0.0,0.0,0.0,0.0,0.0,0.0,0.0,0.0
0.0,0.0,0.0,0.0,0.0,0.0,0.0,0.0,0.0,0.0
0.0,0.0,0.0,0.0,0.0,0.0,0.0,0.0,0.0,0.0
0.0,0.0,0.0,0.0,0.0,0.0,0.0,0.0,0.0,0.0
0.0,0.0,0.0,0.0,0.0,0.0,0.0,0.0,0.0,0.0
0.0,0.0,0.0,0.0,0.0,0.0,0.0,0.0,0.0,0.0
0.0,0.0,0.0,0.0,0.0,0.0,0.0,0.0,0.0,0.0
0.0,0.0,0.0,0.0,0.0,0.0,0.0,0.0,0.0,0.0
0.0,0.0,0.0,0.0,0.0,0.0,0.0,0.0,0.0,0.0
0.0,0.0,0.0,0.0,0.0,0.0,0.0,0.0,0.0,0.0
0.0,0.0,0.0,0.0,0.0,0.0,0.0,0.0,0.0,0.0
0.0,0.0,0.0,0.0,0.0,0.0,0.0,0.0,0.0,0.0
0.0,0.0,0.0,0.0,0.0,0.0,0.0,0.0,0.0,0.0
0.0,0.0,0.0,0.0,0.0,0.0,0.0,0.0,0.0,0.0
0.0,0.0,0.0,0.0,0.0,0.0,0.0,0.0,0.0,0.0
0.0,0.0,0.0,0.0,0.0,0.0,0.0,0.0,0.0,0.0
0.0,0.0,0.0,0.0,0.0,0.0,0.0,0.0,0.0,0.0
0.0,0.0,0.0,0.0,0.0,0.0,0.0,0.0,0.0,0.0
0.0,0.0,0.0,0.0,0.0,0.0,0.0,0.0,0.0,0.0
0.0,0.0,0.0,0.0,0.0,0.0,0.0,0.0,0.0,0.0
0.0,0.0,0.0,0.0,0.0,0.0,0.0,0.0,0.0,0.0
0.0,0.0,0.0,0.0,0.0,0.0,0.0,0.0,0.0,0.0
0.0,0.0,0.0,0.0,0.0,0.0,0.0,0.0,0.0,0.0
0.0,0.0,0.0,0.0,0.0,0.0,0.0,0.0,0.0,0.0
0.0,0.0,0.0,0.0,0.0,0.0,0.0,0.0,0.0,0.0
0.0,0.0,0.0,0.0,0.0,0.0,0.0,0.0,0.0,0.0
0.0,0.0,0.0,0.0,0.0,0.0,0.0,0.0,0.0,0.0
0.0,0.0,0.0,0.0,0.0,0.0,0.0,0.0,0.0,0.0
0.0,0.0,0.0,0.0,0.0,0.0,0.0,0.0,0.0,0.0
0.0,0.0,0.0,0.0,0.0,0.0,0.0,0.0,0.0,0.0
0.0,0.0,0.0,0.0,0.0,0.0,0.0,0.0,0.0,0.0
0.0,0.0,0.0,0.0,0.0,0.0,0.0,0.0,0.0,0.0
0.0,0.0,0.0,0.0,0.0,0.0,0.0,0.0,0.0,0.0
0.0,0.0,0.0,0.0,0.0,0.0,0.0,0.0,0.0,0.0
0.0,0.0,0.0,0.0,0.0,0.0,0.0,0.0,0.0,0.0
0.0,0.0,0.0,0.0,0.0,0.0,0.0,0.0,0.0,0.0
0.0,0.0,0.0,0.0,0.0,0.0,0.0,0.0,0.0,0.0
0.0,0.0,0.0,0.0,0.0,0.0,0.0,0.0,0.0,0.0
0.0,0.0,0.0,0.0,0.0,0.0,0.0,0.0,0.0,0.0
0.0,0.0,0.0,0.0,0.0,0.0,0.0,0.0,0.0,0.0
0.0,0.0,0.0,0.0,0.0,0.0,0.0,0.0,0.0,0.0
0.0,0.0,0.0,0.0,0.0,0.0,0.0,0.0,0.0,0.0
0.0,0.0,0.0,0.0,0.0,0.0,0.0,0.0,0.0,0.0
0.0,0.0,0.0,0.0,0.0,0.0,0.0,0.0,0.0,0.0
0.0,0.0,0.0,0.0,0.0,0.0,0.0,0.0,0.0,0.0
0.0,0.0,0.0,0.0,0.0,0.0,0.0,0.0,0.0,0.0
0.0,0.0,0.0,0.0,0.0,0.0,0.0,0.0,0.0,0.0
0.0,0.0,0.0,0.0,0.0,0.0,0.0,0.0,0.0,0.0
0.0,0.0,0.0,0.0,0.0,0.0,0.0,0.0,0.0,0.0
0.0,0.0,0.0,0.0,0.0,0.0,0.0,0.0,0.0,0.0
0.0,0.0,0.0,0.0,0.0,0.0,0.0,0.0,0.0,0.0
0.0,0.0,0.0,0.0,0.0,0.0,0.0,0.0,0.0,0.0
0.0,0.0,0.0,0.0,0.0,0.0,0.0,0.0,0.0,0.0
0.0,0.0,0.0,0.0,0.0,0.0,0.0,0.0,0.0,0.0
0.0,0.0,0.0,0.0,0.0,0.0,0.0,0.0,0.0,0.0
0.0,0.0,0.0,0.0,0.0,0.0,0.0,0.0,0.0,0.0
0.0,0.0,0.0,0.0,0.0,0.0,0.0,0.0,0.0,0.0
0.0,0.0,0.0,0.0,0.0,0.0,0.0,0.0,0.0,0.0
0.0,0.0,0.0,0.0,0.0,0.0,0.0,0.0,0.0,0.0
0.0,0.0,0.0,0.0,0.0,0.0,0.0,0.0,0.0,0.0
0.0,0.0,0.0,0.0,0.0,0.0,0.0,0.0,0.0,0.0
0.0,0.0,0.0,0.0,0.0,0.0,0.0,0.0,0.0,0.0
0.0,0.0,0.0,0.0,0.0,0.0,0.0,0.0,0.0,0.0
0.0,0.0,0.0,0.0,0.0,0.0,0.0,0.0,0.0,0.0
0.0,0.0,0.0,0.0,0.0,0.0,0.0,0.0,0.0,0.0
0.0,0.0,0.0,0.0,0.0,0.0,0.0,0.0,0.0,0.0
0.0,0.0,0.0,0.0,0.0,0.0,0.0,0.0,0.0,0.0
0.0,0.0,0.0,0.0,0.0,0.0,0.0,0.0,0.0,0.0
0.0,0.0,0.0,0.0,0.0,0.0,0.0,0.0,0.0,0.0
0.0,0.0,0.0,0.0,0.0,0.0,0.0,0.0,0.0,0.0
0.0,0.0,0.0,0.0,0.0,0.0,0.0,0.0,0.0,0.0
0.0,0.0,0.0,0.0,0.0,0.0,0.0,0.0,0.0,0.0
0.0,0.0,0.0,0.0,0.0,0.0,0.0,0.0,0.0,0.0
0.0,0.0,0.0,0.0,0.0,0.0,0.0,0.0,0.0,0.0
0.0,0.0,0.0,0.0,0.0,0.0,0.0,0.0,0.0,0.0
0.0,0.0,0.0,0.0,0.0,0.0,0.0,0.0,0.0,0.0
0.0,0.0,0.0,0.0,0.0,0.0,0.0,0.0,0.0,0.0
0.0,0.0,0.0,0.0,0.0,0.0,0.0,0.0,0.0,0.0
0.0,0.0,0.0,0.0,0.0,0.0,0.0,0.0,0.0,0.0
0.0,0.0,0.0,0.0,0.0,0.0,0.0,0.0,0.0,0.0
0.0,0.0,0.0,0.0,0.0,0.0,0.0,0.0,0.0,0.0
0.0,0.0,0.0,0.0,0.0,0.0,0.0,0.0,0.0,0.0
0.0,0.0,0.0,0.0,0.0,0.0,0.0,0.0,0.0,0.0
0.0,0.0,0.0,0.0,0.0,0.0,0.0,0.0,0.0,0.0
0.0,0.0,0.0,0.0,0.0,0.0,0.0,0.0,0.0,0.0
0.0,0.0,0.0,0.0,0.0,0.0,0.0,0.0,0.0,0.0
0.0,0.0,0.0,0.0,0.0,0.0,0.0,0.0,0.0,0.0
0.0,0.0,0.0,0.0,0.0,0.0,0.0,0.0,0.0,0.0
0.0,0.0,0.0,0.0,0.0,0.0,0.0,0.0,0.0,0.0
0.0,0.0,0.0,0.0,0.0,0.0,0.0,0.0,0.0,0.0
0.0,0.0,0.0,0.0,0.0,0.0,0.0,0.0,0.0,0.0
0.0,0.0,0.0,0.0,0.0,0.0,0.0,0.0,0.0,0.0
0.0,0.0,0.0,0.0,0.0,0.0,0.0,0.0,0.0,0.0
0.0,0.00508,0.00254,0.0,0.0,0.0,0.0,0.0,0.0,0.0
0.0,0.0,0.0,0.0,0.0,0.0,0.0,0.0,0.0,0.0
0.0,0.0,0.0,0.0,0.0,0.0,0.0,0.0,0.0,0.0
0.0,0.0,0.0,0.0,0.0,0.0,0.0,0.0,0.0,0.0
0.0,0.01016,0.0,0.0,0.0,0.0,0.0,0.0,0.0254,0.0
0.0,0.0,0.0,0.0,0.0,0.0,0.0,0.0,0.0,0.0
0.0,0.01016,0.0,0.0,0.0,0.01016,0.0,0.0076199999999999,0.0,0.0
0.0,0.0152399999999999,0.0,0.0,0.0,0.0,0.0,0.00254,0.0,0.0
0.0,0.02794,0.0127,0.0,0.00254,0.0127,0.0076199999999999,0.0177799999999999,0.00254,0.0
0.0254,0.0431799999999999,0.0304799999999999,0.0177799999999999,0.00508,0.02794,0.02032,0.02794,0.00508,0.0
0.0152399999999999,0.0355599999999999,0.02794,0.0127,0.0,0.0254,0.0152399999999999,0.02032,0.00254,0.0
0.00508,0.03302,0.0254,0.0076199999999999,0.0,0.0177799999999999,0.0127,0.0152399999999999,0.0,0.0
0.0,0.02794,0.02032,0.0,0.0,0.0076199999999999,0.01016,0.01016,0.0,0.0
0.0,0.02286,0.02032,0.0,0.0,0.00254,0.00254,0.00254,0.0,0.0
0.0,0.0076199999999999,0.0127,0.0,0.0,0.0,0.0,0.0,0.0,0.0
0.0,0.0,0.0,0.0,0.0,0.0,0.0,0.0,0.0,0.0
0.0,0.00508,0.00508,0.0,0.0,0.0,0.0,0.0,0.0,0.0
0.0,0.0076199999999999,0.00254,0.00254,0.0,0.00254,0.0,0.0,0.0,0.0
0.0,0.0076199999999999,0.00254,0.0,0.0,0.0,0.00254,0.00254,0.0,0.0
0.0,0.00508,0.0,0.0,0.0,0.0,0.0,0.00254,0.0,0.0
0.0,0.0,0.0,0.0,0.0,0.0,0.0,0.0,0.0,0.0
0.0,0.0,0.0,0.0,0.0,0.0,0.0,0.0,0.0,0.0
0.0,0.0,0.0,0.0,0.0,0.0,0.0,0.0,0.0,0.0
0.0,0.0,0.0,0.0,0.0,0.0,0.0,0.0,0.0,0.0
0.0,0.0,0.0,0.0,0.0,0.0,0.0,0.0,0.0,0.0
0.0,0.0,0.0,0.0,0.0,0.0,0.0,0.0,0.0,0.0
0.0,0.0,0.0,0.0,0.0,0.0,0.0,0.0,0.0,0.0
0.0,0.0,0.0,0.0,0.0,0.0,0.0,0.0,0.0,0.0
0.0,0.0,0.0,0.0,0.0,0.0,0.0,0.0,0.0,0.0
0.0,0.00508,0.00508,0.0,0.00254,0.0076199999999999,0.0,0.0,0.0,0.0
0.0,0.00254,0.00254,0.0,0.0,0.00508,0.00508,0.0,0.0,0.0
0.0,0.0,0.0,0.0,0.0,0.00254,0.00254,0.0,0.0,0.0
0.0,0.0,0.0,0.0,0.0,0.0,0.0,0.0,0.0,0.0
0.0,0.0,0.0,0.0,0.0,0.0,0.0,0.0,0.0,0.0
0.0,0.0,0.0,0.0,0.0,0.0,0.0,0.0,0.0,0.0
0.0,0.00508,0.00508,0.0,0.0,0.0,0.0,0.00254,0.0,0.0
0.0,0.00254,0.00254,0.0,0.0,0.0,0.0,0.0,0.0,0.0
0.0,0.0,0.0,0.0,0.0,0.0,0.0,0.0,0.0,0.0
0.0,0.0,0.0,0.0,0.0,0.0,0.0,0.0,0.0,0.0
0.0,0.0,0.0,0.0,0.0,0.0,0.0,0.0,0.0,0.0
0.0,0.0,0.0,0.0,0.0,0.0,0.0,0.0,0.0,0.0
0.0,0.0,0.0,0.0,0.0,0.0,0.0,0.0,0.0,0.0
0.0,0.0,0.0,0.0,0.0,0.0,0.0,0.0,0.0,0.0
0.0,0.0,0.0,0.0,0.0,0.0,0.0,0.0,0.0,0.0
0.0,0.0,0.0,0.0,0.0,0.0,0.0,0.0,0.0,0.0
0.0,0.0,0.0,0.0,0.0,0.0,0.0,0.0,0.0,0.0
0.0,0.0,0.0,0.0,0.0,0.0,0.0,0.0,0.0,0.0
0.0,0.0,0.0,0.0,0.0,0.0,0.0,0.0,0.0,0.0
0.0,0.0,0.0,0.0,0.0,0.0,0.0,0.0,0.0,0.0
0.0,0.0,0.0,0.0,0.00254,0.0,0.0,0.0,0.0,0.0
0.00508,0.00508,0.00508,0.0,0.0254,0.00254,0.0076199999999999,0.00508,0.0,0.00254
0.0076199999999999,0.0127,0.01016,0.0,0.0355599999999999,0.00508,0.0127,0.00508,0.0,0.01016
0.0127,0.0177799999999999,0.0127,0.0076199999999999,0.0355599999999999,0.01016,0.0127,0.0127,0.0,0.01016
0.0127,0.0177799999999999,0.0127,0.0076199999999999,0.0355599999999999,0.01016,0.0127,0.0127,0.0,0.01016
0.0127,0.0177799999999999,0.0127,0.0076199999999999,0.0355599999999999,0.01016,0.0127,0.0127,0.0,0.01016
0.0152399999999999,0.0177799999999999,0.0152399999999999,0.0076199999999999,0.03302,0.01016,0.0177799999999999,0.01016,0.0,0.01016
0.0127,0.0177799999999999,0.0152399999999999,0.00508,0.03302,0.01016,0.0177799999999999,0.01016,0.0,0.01016
0.0127,0.0177799999999999,0.0152399999999999,0.00508,0.0304799999999999,0.01016,0.0177799999999999,0.0076199999999999,0.0,0.01016
0.0127,0.0177799999999999,0.0152399999999999,0.00254,0.0304799999999999,0.00508,0.0177799999999999,0.00508,0.0,0.01016
0.0127,0.0177799999999999,0.0152399999999999,0.0,0.0304799999999999,0.00254,0.0152399999999999,0.00254,0.0,0.01016
0.0127,0.0177799999999999,0.0152399999999999,0.0,0.0254,0.0,0.0152399999999999,0.0,0.0,0.01016
0.0127,0.0177799999999999,0.0152399999999999,0.0,0.0254,0.0,0.0152399999999999,0.0,0.0,0.01016
0.0177799999999999,0.04572,0.0380999999999999,0.0,0.04572,0.00254,0.02794,0.0076199999999999,0.0,0.0177799999999999
0.0355599999999999,0.09144,0.06858,0.0177799999999999,0.08128,0.03302,0.0711199999999999,0.02794,0.02286,0.04064
0.0355599999999999,0.09144,0.06858,0.0177799999999999,0.08128,0.03302,0.0711199999999999,0.02794,0.02286,0.04064
0.0355599999999999,0.09144,0.0635,0.0177799999999999,0.08128,0.03302,0.0711199999999999,0.02794,0.02286,0.04064
0.0355599999999999,0.09144,0.0609599999999999,0.0177799999999999,0.08128,0.03302,0.0711199999999999,0.0304799999999999,0.02286,0.04064
0.0355599999999999,0.09144,0.0609599999999999,0.0177799999999999,0.08128,0.0304799999999999,0.0711199999999999,0.0254,0.02032,0.04064
0.03302,0.09144,0.05588,0.0177799999999999,0.0761999999999999,0.02794,0.0711199999999999,0.02032,0.0177799999999999,0.0355599999999999
0.03302,0.09144,0.05334,0.0152399999999999,0.0711199999999999,0.02794,0.06858,0.0127,0.0152399999999999,0.0355599999999999
0.02794,0.09144,0.0508,0.01016,0.0711199999999999,0.02032,0.06604,0.01016,0.0127,0.03302
0.0254,0.09144,0.04826,0.01016,0.0711199999999999,0.0127,0.0635,0.0076199999999999,0.0076199999999999,0.03302
0.0254,0.0888999999999999,0.0431799999999999,0.0076199999999999,0.06604,0.0076199999999999,0.0609599999999999,0.00254,0.00508,0.0304799999999999
0.0254,0.09398,0.04826,0.00508,0.0711199999999999,0.0127,0.06604,0.00508,0.01016,0.03302
0.0254,0.09398,0.04826,0.00508,0.0711199999999999,0.0127,0.06604,0.00508,0.01016,0.03302
0.0254,0.09398,0.04826,0.00508,0.0711199999999999,0.0127,0.06604,0.00508,0.01016,0.03302
0.0254,0.09398,0.04826,0.00508,0.0711199999999999,0.0127,0.06604,0.00508,0.01016,0.03302
0.0254,0.09398,0.04826,0.00508,0.0711199999999999,0.0127,0.06604,0.00254,0.01016,0.03302
0.0254,0.09398,0.04826,0.00254,0.0711199999999999,0.0127,0.06604,0.0,0.01016,0.03302
0.0355599999999999,0.10668,0.0635,0.0127,0.0838199999999999,0.04826,0.07874,0.04064,0.0152399999999999,0.04064
0.0355599999999999,0.10668,0.0635,0.0127,0.0838199999999999,0.04826,0.07874,0.04064,0.0152399999999999,0.04064
0.0355599999999999,0.10668,0.0635,0.0127,0.0838199999999999,0.04826,0.07874,0.04064,0.0152399999999999,0.04064
0.0355599999999999,0.10668,0.0635,0.0127,0.0838199999999999,0.04826,0.07874,0.04064,0.0152399999999999,0.04064
0.0355599999999999,0.10668,0.0635,0.0127,0.0838199999999999,0.04826,0.07874,0.04064,0.0152399999999999,0.04064
0.0355599999999999,0.10668,0.0635,0.0127,0.0838199999999999,0.04826,0.07874,0.04064,0.0152399999999999,0.04064
0.0355599999999999,0.10668,0.0635,0.0127,0.0838199999999999,0.04826,0.07874,0.04064,0.0152399999999999,0.04064
0.0355599999999999,0.10668,0.0635,0.0127,0.0838199999999999,0.04826,0.07874,0.04064,0.0152399999999999,0.04064
0.0355599999999999,0.10668,0.0635,0.0127,0.0838199999999999,0.04826,0.07874,0.04064,0.0152399999999999,0.04064
0.0355599999999999,0.10668,0.0635,0.0127,0.0838199999999999,0.04826,0.07874,0.04064,0.0152399999999999,0.04064
0.0431799999999999,0.1168399999999999,0.0736599999999999,0.0177799999999999,0.0888999999999999,0.05588,0.0838199999999999,0.04572,0.0177799999999999,0.04572
0.0431799999999999,0.1168399999999999,0.0736599999999999,0.0177799999999999,0.0888999999999999,0.05588,0.0838199999999999,0.04572,0.0177799999999999,0.04572
0.0431799999999999,0.1168399999999999,0.0736599999999999,0.0177799999999999,0.0888999999999999,0.05588,0.0838199999999999,0.04572,0.0177799999999999,0.04572
0.0431799999999999,0.11938,0.0761999999999999,0.0177799999999999,0.0888999999999999,0.05588,0.0838199999999999,0.04572,0.0177799999999999,0.04572
0.0431799999999999,0.11938,0.0761999999999999,0.0177799999999999,0.0888999999999999,0.05588,0.0838199999999999,0.04572,0.0177799999999999,0.04572
0.0431799999999999,0.11938,0.0761999999999999,0.0177799999999999,0.0888999999999999,0.05588,0.0838199999999999,0.04572,0.0177799999999999,0.04572
0.0431799999999999,0.11938,0.0761999999999999,0.0177799999999999,0.0888999999999999,0.05588,0.0838199999999999,0.04572,0.0177799999999999,0.04572
0.04572,0.12446,0.07874,0.02032,0.09144,0.0635,0.0863599999999999,0.0508,0.02032,0.04826
0.04572,0.12446,0.07874,0.02032,0.09144,0.0635,0.0863599999999999,0.0508,0.02032,0.04826
0.04572,0.127,0.07874,0.02032,0.09144,0.06604,0.09398,0.05588,0.02032,0.05334
0.05588,0.1422399999999999,0.0888999999999999,0.0304799999999999,0.13208,0.0888999999999999,0.10668,0.0888999999999999,0.04064,0.0736599999999999
0.06858,0.1523999999999999,0.09398,0.0355599999999999,0.1422399999999999,0.1016,0.1168399999999999,0.0888999999999999,0.04572,0.08128
0.06858,0.16002,0.09906,0.04064,0.1473199999999999,0.10922,0.1219199999999999,0.10668,0.04826,0.0863599999999999
0.06858,0.16002,0.09906,0.04064,0.1473199999999999,0.10922,0.1219199999999999,0.10668,0.04826,0.0863599999999999
0.06858,0.16002,0.09906,0.04064,0.1473199999999999,0.10922,0.1219199999999999,0.10668,0.04826,0.0863599999999999
0.06858,0.16002,0.09906,0.04064,0.1473199999999999,0.10922,0.1219199999999999,0.1041399999999999,0.04826,0.0863599999999999
0.06858,0.16002,0.09906,0.04064,0.1473199999999999,0.10922,0.1219199999999999,0.1041399999999999,0.04826,0.0863599999999999
0.06858,0.16002,0.09906,0.04064,0.1473199999999999,0.10922,0.1219199999999999,0.1016,0.04826,0.0863599999999999
0.06858,0.16002,0.09906,0.04064,0.1473199999999999,0.10922,0.1219199999999999,0.1016,0.04826,0.0863599999999999
0.06858,0.16002,0.09906,0.04064,0.1473199999999999,0.10922,0.1219199999999999,0.1016,0.04826,0.0863599999999999
0.06858,0.16002,0.09906,0.04064,0.1473199999999999,0.10922,0.1219199999999999,0.1016,0.04826,0.0863599999999999
0.06858,0.16002,0.09906,0.04064,0.1473199999999999,0.10922,0.1219199999999999,0.1016,0.04826,0.0863599999999999
0.06858,0.16002,0.09906,0.04064,0.1473199999999999,0.10922,0.1219199999999999,0.1016,0.04826,0.0863599999999999
0.06858,0.16002,0.09906,0.04064,0.1473199999999999,0.10922,0.1219199999999999,0.1016,0.04826,0.0863599999999999
0.06858,0.1676399999999999,0.1016,0.04572,0.15748,0.1219199999999999,0.13208,0.11176,0.05588,0.09144
0.06858,0.1676399999999999,0.1016,0.04572,0.15748,0.1219199999999999,0.13208,0.11176,0.05588,0.09144
0.06858,0.1676399999999999,0.1016,0.04572,0.16002,0.1219199999999999,0.13462,0.1143,0.05588,0.09144
0.0761999999999999,0.17526,0.1016,0.05334,0.1676399999999999,0.127,0.15494,0.10668,0.0584199999999999,0.09652
0.07874,0.18288,0.10668,0.0584199999999999,0.17526,0.13462,0.1676399999999999,0.10922,0.0609599999999999,0.09906
0.0838199999999999,0.18542,0.10922,0.0635,0.18542,0.13716,0.1727199999999999,0.10922,0.06858,0.10922
0.0838199999999999,0.18542,0.10922,0.0635,0.18542,0.13716,0.1727199999999999,0.10922,0.06858,0.10922
0.0838199999999999,0.18542,0.10922,0.0635,0.18542,0.13716,0.1727199999999999,0.10922,0.06858,0.10922
0.0838199999999999,0.18542,0.10922,0.0635,0.18542,0.13716,0.1727199999999999,0.10922,0.06858,0.10922
0.0838199999999999,0.18542,0.10922,0.0635,0.18542,0.13716,0.1727199999999999,0.10922,0.06858,0.10922
0.0838199999999999,0.18542,0.10922,0.0635,0.18542,0.13716,0.1727199999999999,0.10922,0.06858,0.10922
0.0838199999999999,0.18542,0.10922,0.0635,0.18542,0.13716,0.1727199999999999,0.10922,0.06858,0.10922
0.0838199999999999,0.18542,0.10922,0.0635,0.18542,0.13716,0.1727199999999999,0.10922,0.06858,0.10922
0.0838199999999999,0.19558,0.1168399999999999,0.06858,0.19558,0.1473199999999999,0.18542,0.1168399999999999,0.0711199999999999,0.1143
0.0888999999999999,0.21336,0.127,0.07874,0.2057399999999999,0.1651,0.2032,0.12954,0.0761999999999999,0.1219199999999999
0.0888999999999999,0.21336,0.127,0.07874,0.2057399999999999,0.1651,0.2032,0.12954,0.07874,0.1219199999999999
0.0888999999999999,0.21844,0.127,0.07874,0.2082799999999999,0.1651,0.2032,0.13462,0.07874,0.1219199999999999
0.0888999999999999,0.21844,0.127,0.07874,0.2082799999999999,0.1651,0.2032,0.13462,0.07874,0.1219199999999999
0.0888999999999999,0.21844,0.127,0.07874,0.2082799999999999,0.1651,0.2032,0.13716,0.08128,0.1219199999999999
0.09398,0.22606,0.12954,0.0863599999999999,0.21336,0.17018,0.21336,0.13716,0.08128,0.127
0.09398,0.2286,0.12954,0.0863599999999999,0.2158999999999999,0.1727199999999999,0.2158999999999999,0.13716,0.08128,0.127
0.09398,0.2286,0.13208,0.0888999999999999,0.2158999999999999,0.1727199999999999,0.2158999999999999,0.13716,0.0838199999999999,0.12954
0.09398,0.2286,0.13208,0.0888999999999999,0.2158999999999999,0.1727199999999999,0.2158999999999999,0.13716,0.0838199999999999,0.12954
0.09652,0.2286,0.13208,0.0888999999999999,0.2158999999999999,0.1727199999999999,0.2158999999999999,0.13716,0.0838199999999999,0.12954
0.09652,0.2286,0.13208,0.09144,0.2158999999999999,0.1727199999999999,0.2158999999999999,0.13716,0.0838199999999999,0.12954
0.09652,0.2286,0.13208,0.09144,0.2158999999999999,0.1727199999999999,0.2158999999999999,0.13716,0.08128,0.12954
0.09652,0.2286,0.13208,0.09144,0.2158999999999999,0.1727199999999999,0.2158999999999999,0.13462,0.07874,0.12954
0.09652,0.2286,0.13208,0.09144,0.2158999999999999,0.1727199999999999,0.2158999999999999,0.13462,0.07874,0.12954
0.09652,0.2311399999999999,0.13208,0.09144,0.2158999999999999,0.1727199999999999,0.2158999999999999,0.13208,0.0711199999999999,0.12954
0.09652,0.2311399999999999,0.13208,0.09144,0.2158999999999999,0.1727199999999999,0.21844,0.13208,0.06604,0.12954
0.09906,0.2413,0.13716,0.09144,0.2209799999999999,0.1727199999999999,0.22352,0.13462,0.0584199999999999,0.13462
0.09906,0.2413,0.13716,0.0888999999999999,0.2209799999999999,0.17526,0.22606,0.13462,0.05334,0.13462
0.09906,0.2413,0.13716,0.0863599999999999,0.2209799999999999,0.17526,0.22606,0.13462,0.05334,0.13462
0.09906,0.2413,0.13716,0.0888999999999999,0.2209799999999999,0.17526,0.22606,0.13462,0.0508,0.13462
0.1016,0.23876,0.13716,0.0888999999999999,0.2209799999999999,0.17526,0.22606,0.13462,0.0508,0.13462
0.1016,0.23876,0.13716,0.0863599999999999,0.2209799999999999,0.1777999999999999,0.22606,0.13462,0.04826,0.13462
0.1016,0.23876,0.13716,0.0838199999999999,0.2209799999999999,0.1777999999999999,0.22606,0.13462,0.04826,0.13462
0.1016,0.23876,0.13716,0.0838199999999999,0.2209799999999999,0.1803399999999999,0.2286,0.13462,0.04572,0.13462
0.1016,0.23876,0.13716,0.0838199999999999,0.2209799999999999,0.1803399999999999,0.2311399999999999,0.13462,0.0431799999999999,0.13462
0.10668,0.2438399999999999,0.1397,0.0888999999999999,0.22606,0.18288,0.23622,0.14478,0.04064,0.13462
0.10668,0.24892,0.1422399999999999,0.09144,0.23622,0.1905,0.2413,0.15748,0.04064,0.13716
0.10668,0.24892,0.1422399999999999,0.09144,0.23622,0.1905,0.2413,0.15748,0.0431799999999999,0.14478
0.10668,0.24892,0.1422399999999999,0.09144,0.23622,0.1905,0.2463799999999999,0.15748,0.0431799999999999,0.14478
0.1143,0.26416,0.16002,0.10922,0.254,0.21082,0.2667,0.1777999999999999,0.04572,0.15494
0.1168399999999999,0.27432,0.1676399999999999,0.1168399999999999,0.26416,0.2209799999999999,0.2717799999999999,0.19558,0.04826,0.15748
0.1168399999999999,0.27432,0.1676399999999999,0.1168399999999999,0.2667,0.22352,0.2717799999999999,0.19558,0.04826,0.15748
0.1168399999999999,0.27432,0.1676399999999999,0.1168399999999999,0.2667,0.22606,0.2717799999999999,0.19558,0.04826,0.15748
0.1168399999999999,0.27686,0.17018,0.1168399999999999,0.26924,0.22606,0.2819399999999999,0.20066,0.0508,0.15748
0.1168399999999999,0.27686,0.17018,0.1219199999999999,0.27432,0.2286,0.2844799999999999,0.2057399999999999,0.0508,0.16256
0.11938,0.27686,0.1727199999999999,0.1219199999999999,0.27686,0.2286,0.28956,0.2082799999999999,0.05334,0.1651
0.11938,0.2794,0.1727199999999999,0.1219199999999999,0.2794,0.2336799999999999,0.2920999999999999,0.21336,0.05334,0.1676399999999999
0.11938,0.2819399999999999,0.1727199999999999,0.1219199999999999,0.2844799999999999,0.2336799999999999,0.2946399999999999,0.2158999999999999,0.05588,0.17018
0.11938,0.2819399999999999,0.1727199999999999,0.1219199999999999,0.2844799999999999,0.2336799999999999,0.2946399999999999,0.2158999999999999,0.05588,0.17018
0.11938,0.2819399999999999,0.1727199999999999,0.1219199999999999,0.2844799999999999,0.2336799999999999,0.2946399999999999,0.2158999999999999,0.05588,0.17018
0.11938,0.2819399999999999,0.1727199999999999,0.12446,0.28956,0.23622,0.29972,0.2209799999999999,0.0584199999999999,0.17526
0.11938,0.2819399999999999,0.1727199999999999,0.127,0.28956,0.23622,0.29972,0.2209799999999999,0.05588,0.17526
0.11938,0.2819399999999999,0.1727199999999999,0.127,0.28956,0.2413,0.3047999999999999,0.2209799999999999,0.05334,0.17526
0.13462,0.2946399999999999,0.18288,0.1397,0.30734,0.2667,0.3175,0.2336799999999999,0.0584199999999999,0.18288
0.13462,0.2946399999999999,0.18288,0.1397,0.30734,0.2667,0.3175,0.2336799999999999,0.0584199999999999,0.18288
0.13462,0.2946399999999999,0.18288,0.1397,0.30734,0.2667,0.3175,0.2336799999999999,0.0584199999999999,0.18288
0.13462,0.2946399999999999,0.18288,0.1397,0.30734,0.2667,0.3175,0.2336799999999999,0.05588,0.18288
0.13462,0.2946399999999999,0.18288,0.1397,0.30734,0.2667,0.3175,0.2311399999999999,0.04826,0.18288
0.13462,0.2946399999999999,0.18288,0.1397,0.30734,0.26416,0.3175,0.22606,0.04064,0.18288
0.13462,0.2946399999999999,0.18288,0.1397,0.30734,0.26162,0.3175,0.22352,0.03302,0.18288
0.13208,0.2946399999999999,0.18288,0.1397,0.30734,0.25908,0.3175,0.2209799999999999,0.0254,0.18288
0.12954,0.2946399999999999,0.18288,0.1397,0.3047999999999999,0.25654,0.3175,0.21844,0.02032,0.18288
0.12954,0.2971799999999999,0.18288,0.1397,0.29972,0.25654,0.3175,0.21082,0.01016,0.18288
0.13462,0.30734,0.1905,0.1473199999999999,0.30988,0.2717799999999999,0.34036,0.2209799999999999,0.0127,0.18542
0.1397,0.31496,0.19558,0.15748,0.32004,0.2819399999999999,0.3454399999999999,0.2336799999999999,0.01016,0.19304
0.1397,0.3175,0.19558,0.15748,0.32512,0.2844799999999999,0.35052,0.23622,0.0076199999999999,0.19304
0.1523999999999999,0.33782,0.2158999999999999,0.1676399999999999,0.34036,0.29972,0.36576,0.2463799999999999,0.00254,0.20066
0.1523999999999999,0.3429,0.22606,0.17526,0.3479799999999999,0.30734,0.3682999999999999,0.25146,0.0,0.2032
0.15748,0.3429,0.2286,0.17526,0.3479799999999999,0.30734,0.3682999999999999,0.25146,0.0,0.2032
0.15748,0.3429,0.2286,0.1777999999999999,0.3479799999999999,0.30734,0.3682999999999999,0.25146,0.0,0.2032
0.1523999999999999,0.3454399999999999,0.2286,0.1777999999999999,0.3479799999999999,0.29972,0.3682999999999999,0.2463799999999999,0.0,0.20066
0.15494,0.3555999999999999,0.23622,0.18542,0.3555999999999999,0.30226,0.4114799999999999,0.2158999999999999,0.0,0.19558
0.1651,0.3606799999999999,0.2413,0.18542,0.3682999999999999,0.3175,0.4191,0.21844,0.0,0.20066
0.1651,0.3606799999999999,0.2413,0.18542,0.3682999999999999,0.32512,0.4191,0.2158999999999999,0.0,0.19812
0.17018,0.3682999999999999,0.25146,0.18542,0.3682999999999999,0.3302,0.4191,0.2158999999999999,0.0,0.20066
0.17018,0.37592,0.25908,0.19304,0.3682999999999999,0.3302,0.4191,0.21844,0.0,0.20066
0.1777999999999999,0.37592,0.25908,0.19304,0.37084,0.3302,0.42164,0.2209799999999999,0.0,0.20066
0.1777999999999999,0.37592,0.25908,0.19812,0.37338,0.3302,0.4241799999999999,0.22352,0.0,0.20066
0.1727199999999999,0.37592,0.25908,0.19812,0.37084,0.32512,0.4241799999999999,0.21844,0.0,0.19558
0.1676399999999999,0.37592,0.25908,0.19812,0.36322,0.31242,0.4191,0.2082799999999999,0.0,0.19304
0.16002,0.37592,0.254,0.18542,0.3429,0.2946399999999999,0.41402,0.18796,0.0,0.1803399999999999
0.15494,0.37592,0.2463799999999999,0.17526,0.32766,0.28702,0.4114799999999999,0.1727199999999999,0.0,0.17018
0.15494,0.381,0.2438399999999999,0.17018,0.34036,0.2920999999999999,0.4165599999999999,0.1777999999999999,0.0,0.17018
0.15494,0.381,0.2438399999999999,0.1651,0.34036,0.2920999999999999,0.4165599999999999,0.1777999999999999,0.0,0.17018
0.1523999999999999,0.381,0.2438399999999999,0.16256,0.3352799999999999,0.28702,0.4241799999999999,0.1676399999999999,0.0,0.1651
0.14478,0.381,0.2438399999999999,0.15748,0.3302,0.26924,0.4165599999999999,0.1523999999999999,0.0,0.1523999999999999
0.14478,0.381,0.2438399999999999,0.15494,0.33782,0.25908,0.42164,0.1422399999999999,0.0,0.1422399999999999
0.1397,0.38354,0.25146,0.14478,0.3429,0.24892,0.41402,0.11938,0.0,0.13208
0.1397,0.38608,0.25908,0.1422399999999999,0.3479799999999999,0.2438399999999999,0.4191,0.1219199999999999,0.0,0.12446
0.13716,0.38354,0.26162,0.13462,0.3454399999999999,0.2413,0.4191,0.11176,0.0,0.1219199999999999
0.1219199999999999,0.381,0.25908,0.12446,0.3302,0.22352,0.4191,0.09144,0.0,0.10668
0.09906,0.37338,0.24892,0.1016,0.30734,0.19558,0.4064,0.06604,0.0,0.0863599999999999
0.10668,0.38862,0.26416,0.1041399999999999,0.32258,0.21844,0.41402,0.07874,0.0,0.09652
0.11176,0.38862,0.26416,0.10668,0.32766,0.21844,0.42164,0.07874,0.0,0.09652
0.11176,0.38862,0.2667,0.1041399999999999,0.32512,0.21336,0.42164,0.0736599999999999,0.0,0.09144
0.1041399999999999,0.38862,0.2667,0.09652,0.32512,0.21336,0.42164,0.0635,0.0,0.0838199999999999
0.0863599999999999,0.38354,0.25654,0.08128,0.3047999999999999,0.1905,0.4191,0.0380999999999999,0.0,0.0635
0.0888999999999999,0.39116,0.26416,0.08128,0.31242,0.20066,0.4241799999999999,0.0431799999999999,0.0,0.0609599999999999
0.0863599999999999,0.39116,0.26924,0.0736599999999999,0.29972,0.20066,0.4241799999999999,0.0380999999999999,0.0,0.0609599999999999
0.0736599999999999,0.39116,0.2667,0.0635,0.2794,0.1803399999999999,0.4241799999999999,0.02794,0.0,0.04572
0.0711199999999999,0.39116,0.25908,0.0508,0.2794,0.17018,0.42164,0.02032,0.0,0.0304799999999999
0.04572,0.37846,0.2438399999999999,0.0177799999999999,0.23876,0.13716,0.40894,0.0076199999999999,0.0,0.01016
0.02286,0.3555999999999999,0.22606,0.0,0.19558,0.09906,0.381,0.0,0.0,0.0
0.01016,0.3429,0.21336,0.0,0.1905,0.0635,0.37338,0.0,0.0,0.0
0.0,0.32766,0.2032,0.0,0.17526,0.0304799999999999,0.3606799999999999,0.0,0.0,0.0
0.0,0.31242,0.18542,0.0,0.1422399999999999,0.0177799999999999,0.3429,0.0,0.0,0.0
0.0,0.2794,0.16002,0.0,0.10668,0.0076199999999999,0.32004,0.0,0.0,0.0
0.0,0.254,0.13716,0.0,0.0635,0.0,0.2946399999999999,0.0,0.0,0.0
0.0,0.2311399999999999,0.10668,0.0,0.02032,0.0,0.26924,0.0,0.0,0.0
0.0,0.2158999999999999,0.0863599999999999,0.0,0.00254,0.0,0.25654,0.0,0.0,0.0
0.0,0.22606,0.09652,0.0,0.0127,0.0152399999999999,0.26162,0.0,0.0,0.0
0.0,0.22606,0.09144,0.0,0.00508,0.00254,0.26162,0.0,0.0,0.0
0.0,0.22352,0.0838199999999999,0.0,0.0,0.00508,0.2819399999999999,0.0,0.0,0.0
0.0,0.21844,0.06604,0.0,0.0,0.00254,0.2794,0.0,0.0,0.0
0.0,0.19304,0.0380999999999999,0.0,0.0,0.0,0.2667,0.0,0.0,0.0
0.0,0.1676399999999999,0.0254,0.0,0.0,0.0,0.25146,0.0,0.0,0.0
0.0,0.13716,0.0127,0.0,0.0,0.0,0.21844,0.0,0.0,0.0
0.0,0.10668,0.01016,0.0,0.0,0.0,0.1803399999999999,0.0,0.0,0.0
0.0,0.0711199999999999,0.00508,0.0,0.0,0.0,0.14986,0.0,0.0,0.0
0.0,0.03302,0.0,0.0,0.0,0.0,0.1168399999999999,0.0,0.0,0.0
0.0,0.01016,0.0,0.0,0.0,0.0,0.1041399999999999,0.0,0.0,0.0
0.0,0.0127,0.0,0.0,0.0,0.0,0.09906,0.0,0.0,0.0
0.0,0.0127,0.0,0.0,0.0,0.0,0.09652,0.0,0.0,0.0
0.0,0.0,0.0,0.0,0.0,0.0,0.07874,0.0,0.0,0.0
0.0,0.0,0.0,0.0,0.0,0.0,0.0711199999999999,0.0,0.0,0.0
0.0,0.0,0.0,0.0,0.0,0.0,0.0431799999999999,0.0,0.0,0.0
0.0,0.0,0.0,0.0,0.0,0.0,0.00508,0.0,0.0,0.0
0.0,0.0,0.0,0.0,0.0,0.0,0.0,0.0,0.0,0.0
0.0,0.0,0.0,0.0,0.0,0.0,0.0,0.0,0.0,0.0
0.0,0.0,0.0,0.0,0.0,0.0,0.0,0.0,0.0,0.0
0.0,0.0,0.0,0.0,0.0,0.0,0.0,0.0,0.0,0.0
0.0,0.0,0.0,0.0,0.0,0.0,0.0,0.0,0.0,0.0
0.0,0.0,0.0,0.0,0.0,0.0,0.0,0.0,0.0,0.0
0.0,0.0,0.0,0.0,0.0,0.0,0.0,0.0,0.0,0.0
0.0,0.0,0.0,0.0,0.0,0.0,0.0,0.0,0.0,0.0
0.0,0.0,0.0,0.0,0.0,0.0,0.0,0.0,0.0,0.0
0.0,0.0,0.0,0.0,0.0,0.0,0.0,0.0,0.0,0.0
0.0,0.0,0.0,0.0,0.0,0.0,0.0,0.0,0.0,0.0
0.0,0.0,0.0,0.0,0.0,0.0,0.0,0.0,0.0,0.0
0.0,0.0,0.0,0.0,0.0,0.0,0.0,0.0,0.0,0.0
0.0,0.0,0.0,0.0,0.0,0.0,0.0,0.0,0.0,0.0
0.0,0.0,0.0,0.0,0.0,0.0,0.0,0.0,0.0,0.0
0.0,0.0,0.0,0.0,0.0,0.0,0.0,0.0,0.0,0.0
0.0,0.0,0.0,0.0,0.0,0.0,0.0,0.0,0.0,0.0
0.0,0.0,0.0,0.0,0.0,0.0,0.0,0.0,0.0,0.0
0.0,0.0,0.0,0.0,0.0,0.0,0.0,0.0,0.0,0.0
0.0,0.0,0.0,0.0,0.0,0.0,0.0,0.0,0.0,0.0
0.0,0.0,0.0,0.0,0.0,0.0,0.0,0.0,0.0,0.0
0.0,0.0,0.0,0.0,0.0,0.0,0.0,0.0,0.0,0.0
0.0,0.0,0.0,0.0,0.0,0.0,0.0,0.0,0.0,0.0
0.0,0.0,0.0,0.0,0.0,0.0,0.0,0.0,0.0,0.0
0.0,0.0,0.0,0.0,0.0,0.0,0.0,0.0,0.0,0.0
0.0,0.0,0.0,0.0,0.0,0.0,0.0,0.0,0.0,0.0
0.0,0.0,0.0,0.0,0.0,0.0,0.0,0.0,0.0,0.0
0.0,0.0,0.0,0.0,0.0,0.0,0.0,0.0,0.0,0.0
0.0,0.0,0.0,0.0,0.0,0.0,0.0,0.0,0.0,0.0
0.0,0.0,0.0,0.0,0.0,0.0,0.0,0.0,0.0,0.0
0.0,0.0,0.0,0.0,0.0,0.0,0.0,0.0,0.0,0.0
0.0,0.0,0.0,0.0,0.0,0.0,0.0,0.0,0.0,0.0
0.0,0.0,0.0,0.0,0.0,0.0,0.0,0.0,0.0,0.0
0.0,0.0,0.0,0.0,0.0,0.0,0.0,0.0,0.0,0.0
0.0,0.0,0.0,0.0,0.0,0.0,0.0,0.0,0.0,0.0
0.0,0.0,0.0,0.0,0.0,0.0,0.0,0.0,0.0,0.0
0.0,0.0,0.0,0.0,0.0,0.0,0.0,0.0,0.0,0.0
0.0,0.0,0.0,0.0,0.0,0.0,0.0,0.0,0.0,0.0
0.0,0.0,0.0,0.0,0.0,0.0,0.0,0.0,0.0,0.0
0.0,0.0,0.0,0.0,0.0,0.0,0.0,0.0,0.0,0.0
0.0,0.0,0.0,0.0,0.0,0.0,0.0,0.0,0.0,0.0
0.0,0.0,0.0,0.0,0.0,0.0,0.0,0.0,0.0,0.0
0.0,0.0,0.0,0.0,0.0,0.0,0.0,0.0,0.0,0.0
0.0,0.0,0.0,0.0,0.0,0.0,0.0,0.0,0.0,0.0
0.0,0.0,0.0,0.0,0.0,0.0,0.0,0.0,0.0,0.0
0.0,0.0,0.0,0.0,0.0,0.0,0.0,0.0,0.0,0.0
0.0,0.0,0.0,0.0,0.0,0.0,0.0,0.0,0.0,0.0
0.0,0.0,0.0,0.0,0.0,0.0,0.0,0.0,0.0,0.0
0.0,0.0,0.0,0.0,0.0,0.0,0.0,0.0,0.0,0.0
0.0,0.0,0.0,0.0,0.0,0.0,0.0,0.0,0.0,0.0
0.0,0.0,0.0,0.0,0.0,0.0,0.0,0.0,0.0,0.0
0.0,0.0,0.0,0.0,0.0,0.0,0.0,0.0,0.0,0.0
0.0,0.0,0.0,0.0,0.0,0.0,0.0,0.0,0.0,0.0
0.0,0.0,0.0,0.0,0.0,0.0,0.0,0.0,0.0,0.0
0.0,0.0,0.0,0.0,0.0,0.0,0.0,0.0,0.0,0.0
0.0,0.0,0.0,0.0,0.0,0.0,0.0,0.0,0.0,0.0
0.0,0.0,0.0,0.0,0.0,0.0,0.0,0.0,0.0,0.0
0.0,0.0,0.0,0.0,0.0,0.0,0.0,0.0,0.0,0.0
0.0,0.0,0.0,0.0,0.0,0.0,0.0,0.0,0.0,0.0
0.0,0.0,0.0,0.0,0.0,0.0,0.0,0.0,0.0,0.0
0.0,0.0,0.0,0.0,0.0,0.0,0.0,0.0,0.0,0.0
0.0,0.0,0.0,0.0,0.0,0.0,0.0,0.0,0.0,0.0
0.0,0.0,0.0,0.0,0.0,0.0,0.0,0.0,0.0,0.0
0.0,0.0,0.0,0.0,0.0,0.0,0.0,0.0,0.0,0.0
0.0,0.0,0.0,0.0,0.0,0.0,0.0,0.0,0.0,0.0
0.0,0.0,0.0,0.0,0.0,0.0,0.0,0.0,0.0,0.0
0.0,0.0,0.0,0.0,0.0,0.0,0.0,0.0,0.0,0.0
0.0,0.0,0.0,0.0,0.0,0.0,0.0,0.0,0.0,0.0
0.0,0.0,0.0,0.0,0.0,0.0,0.0,0.0,0.0,0.0
0.0,0.0,0.0,0.0,0.0,0.0,0.0,0.0,0.0,0.0
0.0,0.0,0.0,0.0,0.0,0.0,0.0,0.0,0.0,0.0
0.0,0.0,0.0,0.0,0.0,0.0,0.0,0.0,0.0,0.0
0.0,0.0,0.0,0.0,0.0,0.0,0.0,0.0,0.0,0.0
0.0,0.0,0.0,0.0,0.0,0.0,0.0,0.0,0.0,0.0
0.0,0.0,0.0,0.0,0.0,0.0,0.0,0.0,0.0,0.0
0.0,0.0,0.0,0.0,0.0,0.0,0.0,0.0,0.0,0.0
0.0,0.0,0.0,0.0,0.0,0.0,0.0,0.0,0.0,0.0
0.0,0.0,0.0,0.0,0.0,0.0,0.0,0.0,0.0,0.0
0.0,0.0,0.0,0.0,0.0,0.0,0.0,0.0,0.0,0.0
0.0,0.0,0.0,0.0,0.0,0.0,0.0,0.0,0.0,0.0
0.0,0.0,0.0,0.0,0.0,0.0,0.0,0.0,0.0,0.0
0.0,0.0,0.0,0.0,0.0,0.0,0.0,0.0,0.0,0.0
0.0,0.0,0.0,0.0,0.0,0.0,0.0,0.0,0.0,0.0
0.0,0.0,0.0,0.0,0.0,0.0,0.0,0.0,0.0,0.0
0.0,0.0,0.0,0.0,0.0,0.0,0.0,0.0,0.0,0.0
0.0,0.0,0.0,0.0,0.0,0.0,0.0,0.0,0.0,0.0
0.0,0.0,0.0,0.0,0.0,0.0,0.0,0.0,0.0,0.0
0.0,0.0,0.0,0.0,0.0,0.0,0.0,0.0,0.0,0.0
0.0,0.0,0.0,0.0,0.0,0.0,0.0,0.0,0.0,0.0
0.0,0.0,0.0,0.0,0.0,0.0,0.0,0.0,0.0,0.0
0.0,0.0,0.0,0.0,0.0,0.0,0.0,0.0,0.0,0.0
0.0,0.0,0.0,0.0,0.0,0.0,0.0,0.0,0.0,0.0
0.0,0.0,0.0,0.0,0.0,0.0,0.0,0.0,0.0,0.0
0.0,0.0,0.0,0.0,0.0,0.0,0.0,0.0,0.0,0.0
0.0,0.0,0.0,0.0,0.0,0.0,0.0,0.0,0.0,0.0
0.0,0.0,0.0,0.0,0.0,0.0,0.0,0.0,0.0,0.0
0.0,0.0,0.0,0.0,0.0,0.0,0.0,0.0,0.0,0.0
0.0,0.0,0.0,0.0,0.0,0.0,0.0,0.0,0.0,0.0
0.0,0.0,0.0,0.0,0.0,0.0,0.0,0.0,0.0,0.0
0.0,0.0,0.0,0.0,0.0,0.0,0.0,0.0,0.0,0.0
0.0,0.0,0.0,0.0,0.0,0.0,0.0,0.0,0.0,0.0
0.0,0.0,0.0,0.0,0.0,0.0,0.0,0.0,0.0,0.0
0.0,0.0,0.0,0.0,0.0,0.0,0.0,0.0,0.0,0.0
0.0,0.0,0.0,0.0,0.0,0.0,0.0,0.0,0.0,0.0
0.0,0.0,0.0,0.0,0.0,0.0,0.0,0.0,0.0,0.0
0.0,0.0,0.0,0.0,0.0,0.0,0.0,0.0,0.0,0.0
0.0,0.0,0.0,0.0,0.0,0.0,0.0,0.0,0.0,0.0
0.0,0.0,0.0,0.0,0.0,0.0,0.0,0.0,0.0,0.0
0.0,0.0,0.0,0.0,0.0,0.0,0.0,0.0,0.0,0.0
0.0,0.0,0.0,0.0,0.0,0.0,0.0,0.0,0.0,0.0
0.0,0.0,0.0,0.0,0.0,0.0,0.0,0.0,0.0,0.0
0.0,0.0,0.0,0.0,0.0,0.0,0.0,0.0,0.0,0.0
0.0,0.0,0.0,0.0,0.0,0.0,0.0,0.0,0.0,0.0
0.0,0.0,0.0,0.0,0.0,0.0,0.0,0.0,0.0,0.0
0.0,0.0,0.0,0.0,0.0,0.0,0.0,0.0,0.0,0.0
0.0,0.0,0.0,0.0,0.0,0.0,0.0,0.0,0.0,0.0
0.0,0.0,0.0,0.0,0.0,0.0,0.0,0.0,0.0,0.0
0.0,0.0,0.0,0.0,0.0,0.0,0.0,0.0,0.0,0.0
0.0,0.0,0.0,0.0,0.0,0.0,0.0,0.0,0.0,0.0
0.0,0.0,0.0,0.0,0.0,0.0,0.0,0.0,0.0,0.0
0.0,0.0,0.0,0.0,0.0,0.0,0.0,0.0,0.0,0.0
0.0,0.0,0.0,0.0,0.0,0.0,0.0,0.0,0.0,0.0
0.0,0.0,0.0,0.0,0.0,0.0,0.0,0.0,0.0,0.0
0.0,0.0,0.0,0.0,0.0,0.0,0.0,0.0,0.0,0.0
0.0,0.0,0.0,0.0,0.0,0.0,0.0,0.0,0.0,0.0
0.0,0.0,0.0,0.0,0.0,0.0,0.0,0.0,0.0,0.0
0.0,0.0,0.0,0.0,0.0,0.0,0.0,0.0,0.0,0.0
0.0,0.0,0.0,0.0,0.0,0.0,0.0,0.0,0.0,0.0
0.0,0.0,0.0,0.0,0.0,0.0,0.0,0.0,0.0,0.0
0.0,0.0,0.0,0.0,0.0,0.0,0.0,0.0,0.0,0.0
0.0,0.0,0.0,0.0,0.0,0.0,0.0,0.0,0.0,0.0
0.0,0.0,0.0,0.0,0.0,0.0,0.0,0.0,0.0,0.0
0.0,0.0,0.0,0.0,0.0,0.0,0.0,0.0,0.0,0.0
0.0,0.0,0.0,0.0,0.0,0.0,0.0,0.0,0.0,0.0
0.0,0.0,0.0,0.0,0.0,0.0,0.0,0.0,0.0,0.0
0.0,0.0,0.0,0.0,0.0,0.0,0.0,0.0,0.0,0.0
0.0,0.0,0.0,0.0,0.0,0.0,0.0,0.0,0.0,0.0
0.0,0.0,0.0,0.0,0.0,0.0,0.0,0.0,0.0,0.0
0.0,0.0,0.0,0.0,0.0,0.0,0.0,0.0,0.0,0.0
0.0,0.0,0.0,0.0,0.0,0.0,0.0,0.0,0.0,0.0
0.0,0.0,0.0,0.0,0.0,0.0,0.0,0.0,0.0,0.0
0.0,0.0,0.0,0.0,0.0,0.0,0.0,0.0,0.0,0.0
0.0,0.0,0.0,0.0,0.0,0.0,0.0,0.0,0.0,0.0
0.0,0.0,0.0,0.0,0.0,0.0,0.02032,0.0,0.0,0.0
0.0,0.0,0.0,0.0,0.0,0.0,0.02286,0.0,0.0,0.0
0.00508,0.0127,0.0076199999999999,0.0,0.0177799999999999,0.0177799999999999,0.0431799999999999,0.0127,0.01016,0.0177799999999999
0.0127,0.02286,0.0127,0.01016,0.02286,0.04064,0.04826,0.0380999999999999,0.00508,0.02286
0.0076199999999999,0.02032,0.01016,0.0076199999999999,0.02032,0.0380999999999999,0.04572,0.0355599999999999,0.00254,0.0177799999999999
0.00254,0.0177799999999999,0.01016,0.00508,0.01016,0.0355599999999999,0.04064,0.0355599999999999,0.0,0.0152399999999999
0.0,0.0177799999999999,0.0076199999999999,0.0,0.01016,0.02794,0.0380999999999999,0.03302,0.0,0.0127
0.0,0.02286,0.0076199999999999,0.0,0.00254,0.0254,0.0380999999999999,0.03302,0.0,0.0127
0.0,0.02286,0.0076199999999999,0.0,0.0,0.0254,0.0380999999999999,0.03302,0.0,0.0127
0.0,0.02286,0.0076199999999999,0.0,0.0,0.0254,0.0355599999999999,0.03302,0.0,0.0127
0.0,0.02286,0.0127,0.0,0.0,0.0177799999999999,0.0355599999999999,0.03302,0.0,0.01016
0.0,0.02032,0.0127,0.0,0.0,0.0127,0.0355599999999999,0.02794,0.0,0.0076199999999999
0.0,0.0177799999999999,0.01016,0.0,0.0,0.01016,0.0355599999999999,0.02286,0.0,0.0076199999999999
0.0,0.0127,0.01016,0.0,0.0,0.00508,0.0355599999999999,0.0177799999999999,0.0,0.00254
0.0,0.0,0.0076199999999999,0.0,0.0,0.0,0.03302,0.0076199999999999,0.0,0.0
0.0,0.0,0.00508,0.0,0.0,0.0,0.03302,0.0,0.0,0.0
0.0,0.0,0.0076199999999999,0.0,0.0,0.0,0.0304799999999999,0.0,0.0,0.0
0.0,0.0,0.00508,0.0,0.0,0.0,0.02286,0.0,0.0,0.0
0.0,0.0,0.00508,0.0,0.0,0.0,0.02286,0.0,0.0,0.0
0.0,0.0,0.00508,0.0,0.0,0.0,0.02286,0.0,0.0,0.0
0.0,0.0,0.00508,0.0,0.0,0.0,0.0177799999999999,0.0,0.0,0.0
0.0,0.0,0.00508,0.0,0.0,0.0,0.0127,0.0,0.0,0.0
0.0,0.0,0.00508,0.0,0.0,0.0,0.0127,0.0,0.0,0.0
0.0,0.0,0.00508,0.0,0.0,0.0,0.0127,0.0,0.0,0.0
0.0,0.00508,0.00508,0.0,0.00254,0.0,0.0127,0.00254,0.0,0.00254
0.0,0.0127,0.00508,0.0,0.00508,0.0,0.0152399999999999,0.00508,0.00254,0.00508
0.0,0.0127,0.00508,0.0,0.00508,0.00254,0.02032,0.00254,0.0,0.00508
0.0,0.0127,0.00508,0.0,0.00508,0.00254,0.02032,0.00254,0.0,0.00254
0.0,0.0152399999999999,0.00508,0.0,0.01016,0.00508,0.02032,0.00508,0.0,0.0076199999999999
0.0,0.0152399999999999,0.00508,0.0,0.01016,0.00508,0.02032,0.00508,0.00508,0.0076199999999999
0.0,0.0152399999999999,0.0076199999999999,0.0,0.01016,0.00508,0.03302,0.00508,0.00508,0.0076199999999999
0.0,0.0152399999999999,0.0076199999999999,0.0,0.01016,0.00508,0.03302,0.00508,0.00508,0.0076199999999999
0.0,0.0152399999999999,0.0076199999999999,0.0,0.01016,0.0076199999999999,0.03302,0.00508,0.00508,0.0076199999999999
0.0,0.0152399999999999,0.0076199999999999,0.0,0.01016,0.0076199999999999,0.03302,0.00508,0.00508,0.01016
0.0,0.0152399999999999,0.0076199999999999,0.0,0.01016,0.0076199999999999,0.03302,0.00508,0.00508,0.01016
0.0,0.0152399999999999,0.0076199999999999,0.0,0.01016,0.01016,0.03302,0.00508,0.00508,0.01016
0.0,0.0152399999999999,0.0076199999999999,0.0,0.01016,0.01016,0.03302,0.00508,0.00508,0.01016
0.0,0.0177799999999999,0.0076199999999999,0.0,0.01016,0.01016,0.03302,0.0076199999999999,0.00508,0.01016
0.0,0.0177799999999999,0.0076199999999999,0.0,0.01016,0.01016,0.0355599999999999,0.0076199999999999,0.00508,0.01016
0.0,0.0177799999999999,0.0076199999999999,0.0,0.0076199999999999,0.0076199999999999,0.0355599999999999,0.0076199999999999,0.00508,0.0127
0.0,0.0177799999999999,0.0076199999999999,0.0,0.00508,0.0076199999999999,0.0355599999999999,0.0076199999999999,0.00508,0.0127
0.0,0.02032,0.0076199999999999,0.00254,0.00508,0.01016,0.0355599999999999,0.0076199999999999,0.00508,0.0127
0.0,0.02032,0.0076199999999999,0.00254,0.00508,0.01016,0.0355599999999999,0.0076199999999999,0.00508,0.0127
0.0,0.02032,0.0076199999999999,0.00254,0.00508,0.0076199999999999,0.0355599999999999,0.0076199999999999,0.00508,0.0127
0.0,0.02032,0.0076199999999999,0.00254,0.00508,0.0076199999999999,0.0355599999999999,0.0076199999999999,0.00508,0.0127
0.0,0.02286,0.0076199999999999,0.00508,0.00254,0.0076199999999999,0.0355599999999999,0.01016,0.00508,0.0127
0.0127,0.0304799999999999,0.02032,0.0127,0.0076199999999999,0.0152399999999999,0.04826,0.02032,0.01016,0.02032
0.02794,0.04826,0.0254,0.0254,0.03302,0.02286,0.08128,0.04064,0.02032,0.0380999999999999
0.04572,0.0736599999999999,0.04572,0.0431799999999999,0.0635,0.0431799999999999,0.09652,0.06858,0.0304799999999999,0.0609599999999999
0.04572,0.0736599999999999,0.04572,0.0431799999999999,0.0635,0.0431799999999999,0.09652,0.06858,0.0304799999999999,0.0609599999999999
0.04572,0.0736599999999999,0.04572,0.04572,0.0635,0.0431799999999999,0.09652,0.06858,0.0304799999999999,0.0609599999999999
0.0508,0.0736599999999999,0.0508,0.04826,0.0635,0.0431799999999999,0.09652,0.06858,0.0304799999999999,0.0609599999999999
0.0584199999999999,0.0838199999999999,0.05588,0.05334,0.07874,0.04826,0.1016,0.07874,0.0380999999999999,0.06858
0.06604,0.09906,0.0609599999999999,0.0635,0.0888999999999999,0.0584199999999999,0.12954,0.09652,0.04572,0.08128
0.0761999999999999,0.1143,0.0761999999999999,0.0761999999999999,0.11176,0.0761999999999999,0.1422399999999999,0.11938,0.05588,0.09144
0.0761999999999999,0.1143,0.0761999999999999,0.0761999999999999,0.1143,0.0761999999999999,0.1422399999999999,0.11938,0.0584199999999999,0.09398
0.0761999999999999,0.11938,0.08128,0.0761999999999999,0.12446,0.0838199999999999,0.16002,0.13208,0.0609599999999999,0.09652
0.0761999999999999,0.11938,0.08128,0.07874,0.12446,0.09144,0.16002,0.13716,0.0609599999999999,0.09906
0.0761999999999999,0.12446,0.08128,0.07874,0.12446,0.09144,0.16002,0.13716,0.0609599999999999,0.09906
0.08128,0.12446,0.0838199999999999,0.0863599999999999,0.12446,0.09144,0.16002,0.13716,0.0609599999999999,0.09906
0.08128,0.12446,0.0838199999999999,0.0863599999999999,0.12446,0.09144,0.16002,0.13716,0.0609599999999999,0.09906
0.08128,0.12446,0.0838199999999999,0.0863599999999999,0.12446,0.09144,0.16002,0.13716,0.0609599999999999,0.09906
0.08128,0.12446,0.0838199999999999,0.0863599999999999,0.12446,0.09144,0.16002,0.13716,0.0609599999999999,0.09906
0.08128,0.12446,0.0838199999999999,0.0863599999999999,0.12446,0.09144,0.16002,0.13716,0.0609599999999999,0.09906
0.08128,0.12446,0.0838199999999999,0.0863599999999999,0.12446,0.09144,0.16002,0.13716,0.0609599999999999,0.09906
0.08128,0.12446,0.0838199999999999,0.0863599999999999,0.12446,0.09144,0.16002,0.13716,0.0635,0.09906
0.0838199999999999,0.12954,0.0863599999999999,0.0888999999999999,0.1397,0.11176,0.1676399999999999,0.14986,0.0635,0.11176
0.0838199999999999,0.12954,0.0863599999999999,0.0888999999999999,0.1397,0.11176,0.1676399999999999,0.14986,0.0635,0.11176
0.0888999999999999,0.12954,0.0888999999999999,0.09144,0.1397,0.11176,0.1676399999999999,0.14986,0.06604,0.11176
0.0888999999999999,0.13208,0.0888999999999999,0.09144,0.1397,0.11176,0.1676399999999999,0.14986,0.06604,0.11176
0.0888999999999999,0.13208,0.0888999999999999,0.09144,0.1397,0.11176,0.1676399999999999,0.14986,0.06604,0.11176
0.0888999999999999,0.13208,0.0888999999999999,0.09144,0.1397,0.11176,0.1676399999999999,0.14986,0.06604,0.11176
0.0888999999999999,0.13208,0.0888999999999999,0.09144,0.1397,0.11176,0.1676399999999999,0.14986,0.06604,0.11176
0.09144,0.13208,0.09398,0.09398,0.14478,0.11176,0.1676399999999999,0.14986,0.06858,0.11176
0.09398,0.13208,0.09398,0.09398,0.14478,0.11176,0.1676399999999999,0.14986,0.06858,0.11176
0.09906,0.1422399999999999,0.09906,0.09906,0.16256,0.11938,0.17018,0.15748,0.0711199999999999,0.12446
0.09906,0.14478,0.09906,0.09906,0.16256,0.11938,0.17018,0.15748,0.0711199999999999,0.12446
0.09906,0.14478,0.09906,0.1016,0.16256,0.1219199999999999,0.17526,0.16002,0.0736599999999999,0.12446
0.1041399999999999,0.1523999999999999,0.1016,0.10668,0.1651,0.127,0.1777999999999999,0.1651,0.0761999999999999,0.127
0.1041399999999999,0.15494,0.1041399999999999,0.10922,0.1727199999999999,0.1397,0.18288,0.17018,0.08128,0.13208
0.1041399999999999,0.16002,0.11176,0.10922,0.1727199999999999,0.1422399999999999,0.18288,0.17018,0.08128,0.13208
0.1041399999999999,0.1651,0.1143,0.1143,0.1777999999999999,0.1473199999999999,0.18542,0.17526,0.0838199999999999,0.13462
0.1041399999999999,0.1651,0.1143,0.1143,0.1777999999999999,0.1473199999999999,0.18542,0.17526,0.0838199999999999,0.13462
0.10668,0.1676399999999999,0.1143,0.1143,0.1777999999999999,0.1473199999999999,0.18542,0.1777999999999999,0.0838199999999999,0.13462
0.10668,0.17526,0.11938,0.1143,0.1803399999999999,0.15748,0.18796,0.18288,0.0863599999999999,0.13716
0.10668,0.17526,0.11938,0.1143,0.1803399999999999,0.15748,0.18796,0.18288,0.0863599999999999,0.13716
0.10668,0.17526,0.11938,0.1143,0.1803399999999999,0.15748,0.18796,0.18288,0.0863599999999999,0.13716
0.10922,0.17526,0.11938,0.1168399999999999,0.1803399999999999,0.15748,0.1905,0.18542,0.0863599999999999,0.13716
0.11176,0.17526,0.1219199999999999,0.11938,0.1803399999999999,0.15748,0.1905,0.18796,0.0863599999999999,0.1397
0.11176,0.17526,0.1219199999999999,0.1219199999999999,0.1803399999999999,0.15748,0.19304,0.18796,0.0888999999999999,0.1422399999999999
0.11176,0.17526,0.1219199999999999,0.1219199999999999,0.18288,0.16002,0.19558,0.1905,0.09144,0.14478
0.12446,0.19558,0.1397,0.12954,0.19558,0.1777999999999999,0.2082799999999999,0.21336,0.1016,0.15748
0.13716,0.21336,0.1523999999999999,0.1422399999999999,0.2209799999999999,0.1905,0.22352,0.24892,0.1168399999999999,0.17018
0.13716,0.21336,0.1523999999999999,0.1422399999999999,0.2209799999999999,0.1905,0.22352,0.24892,0.1168399999999999,0.1727199999999999
0.13716,0.21336,0.1523999999999999,0.1422399999999999,0.2209799999999999,0.1905,0.22352,0.24892,0.1168399999999999,0.1727199999999999
0.13716,0.2158999999999999,0.15748,0.1422399999999999,0.2209799999999999,0.19304,0.22352,0.24892,0.1168399999999999,0.1727199999999999
0.13716,0.2158999999999999,0.15748,0.1422399999999999,0.2209799999999999,0.19304,0.22352,0.24892,0.1168399999999999,0.1727199999999999
0.13716,0.2158999999999999,0.15748,0.1422399999999999,0.2209799999999999,0.19304,0.22352,0.24892,0.1168399999999999,0.1727199999999999
0.13716,0.2158999999999999,0.15748,0.1422399999999999,0.2209799999999999,0.19304,0.22352,0.24892,0.1168399999999999,0.1727199999999999
0.13716,0.21844,0.15748,0.1422399999999999,0.2209799999999999,0.19304,0.22352,0.24892,0.1168399999999999,0.1727199999999999
0.13716,0.21844,0.15748,0.1473199999999999,0.22352,0.19304,0.2286,0.25146,0.1168399999999999,0.17526
0.14478,0.22606,0.16002,0.1523999999999999,0.2286,0.19812,0.23622,0.26162,0.11938,0.1803399999999999
0.1803399999999999,0.2667,0.18542,0.1803399999999999,0.25654,0.2413,0.2717799999999999,0.3175,0.14478,0.2057399999999999
0.18796,0.2717799999999999,0.19304,0.18796,0.2667,0.254,0.27686,0.3302,0.1473199999999999,0.21082
0.19304,0.27686,0.19812,0.1905,0.26924,0.25654,0.2794,0.3352799999999999,0.1473199999999999,0.21082
0.19304,0.27686,0.19812,0.1905,0.26924,0.25654,0.2794,0.3352799999999999,0.1473199999999999,0.21082
0.2032,0.2971799999999999,0.21082,0.2032,0.27432,0.2844799999999999,0.3047999999999999,0.3581399999999999,0.15748,0.21844
0.2032,0.29972,0.21082,0.2032,0.27432,0.2844799999999999,0.3047999999999999,0.3581399999999999,0.15748,0.21844
0.2057399999999999,0.29972,0.21082,0.2057399999999999,0.2794,0.28702,0.31242,0.36322,0.15748,0.2209799999999999
0.21082,0.29972,0.21082,0.2057399999999999,0.2794,0.28702,0.31242,0.36322,0.15748,0.2209799999999999
0.21082,0.29972,0.21082,0.2057399999999999,0.2794,0.28702,0.31242,0.36322,0.15748,0.2209799999999999
0.21082,0.29972,0.21082,0.2057399999999999,0.2794,0.28702,0.31242,0.36322,0.15748,0.2209799999999999
0.21082,0.29972,0.21082,0.2057399999999999,0.2794,0.28702,0.31242,0.36322,0.15748,0.2209799999999999
0.2082799999999999,0.29972,0.21082,0.2057399999999999,0.2794,0.28702,0.31242,0.36322,0.15748,0.2209799999999999
0.2082799999999999,0.29972,0.21082,0.2057399999999999,0.2794,0.28702,0.31242,0.36322,0.15748,0.2209799999999999
0.2082799999999999,0.29972,0.21082,0.2057399999999999,0.2794,0.28702,0.31242,0.36322,0.15748,0.2209799999999999
0.2082799999999999,0.29972,0.21082,0.2057399999999999,0.2794,0.28702,0.31242,0.36322,0.15748,0.2209799999999999
0.21082,0.29972,0.21082,0.2082799999999999,0.2794,0.28702,0.31496,0.36322,0.15748,0.2209799999999999
0.21336,0.30226,0.21844,0.21082,0.28702,0.28702,0.32512,0.36322,0.15748,0.22606
0.2413,0.34036,0.23876,0.2336799999999999,0.32512,0.28956,0.37084,0.37592,0.1727199999999999,0.24892
0.24892,0.3555999999999999,0.2438399999999999,0.23876,0.3479799999999999,0.2920999999999999,0.4064,0.381,0.1777999999999999,0.26924
0.254,0.37084,0.25146,0.24892,0.36322,0.30988,0.43434,0.40386,0.18542,0.2794
0.25654,0.38354,0.26924,0.25146,0.37338,0.3175,0.44958,0.4292599999999999,0.18542,0.2819399999999999
0.26416,0.38862,0.26924,0.25146,0.37846,0.32512,0.44958,0.43688,0.18542,0.2844799999999999
0.26416,0.38862,0.26924,0.254,0.37846,0.32512,0.44958,0.43688,0.18542,0.2844799999999999
0.26416,0.38862,0.26924,0.25654,0.37846,0.32766,0.45974,0.4445,0.18796,0.2920999999999999
0.26416,0.4064,0.28702,0.26924,0.3987799999999999,0.3429,0.47752,0.4572,0.19558,0.2971799999999999
0.26924,0.4064,0.28702,0.26924,0.3987799999999999,0.3429,0.47752,0.4572,0.19558,0.2971799999999999
0.2717799999999999,0.4064,0.28956,0.2717799999999999,0.3987799999999999,0.3429,0.47752,0.4572,0.19558,0.2971799999999999
0.2920999999999999,0.43434,0.2920999999999999,0.2920999999999999,0.4292599999999999,0.37846,0.5003799999999999,0.50292,0.22352,0.32512
0.3047999999999999,0.45212,0.30734,0.3047999999999999,0.45212,0.381,0.52832,0.53594,0.2336799999999999,0.3454399999999999
0.31242,0.4699,0.32258,0.32004,0.4699,0.3937,0.53848,0.54102,0.2336799999999999,0.35306
0.31242,0.4699,0.32258,0.32004,0.47752,0.3937,0.54102,0.54102,0.23622,0.35306
0.31242,0.4699,0.32258,0.32004,0.47752,0.39624,0.5461,0.54102,0.23622,0.35306
0.31242,0.4699,0.32258,0.32004,0.47752,0.39624,0.54864,0.54102,0.23622,0.35306
0.31242,0.47244,0.3302,0.32258,0.48514,0.3987799999999999,0.55372,0.54864,0.23876,0.3555999999999999
0.31242,0.47244,0.3302,0.32258,0.4876799999999999,0.40386,0.55626,0.55372,0.23876,0.3555999999999999
0.3175,0.47244,0.3302,0.32258,0.49022,0.4064,0.56642,0.5613400000000001,0.2413,0.3555999999999999
0.3175,0.4749799999999999,0.3302,0.32512,0.4927599999999999,0.4064,0.5689599999999999,0.5613400000000001,0.2413,0.3555999999999999
0.32004,0.47752,0.33782,0.32512,0.4927599999999999,0.4064,0.5689599999999999,0.5638799999999999,0.2413,0.3555999999999999
0.32004,0.47752,0.33782,0.32766,0.4952999999999999,0.4064,0.5715,0.5638799999999999,0.2413,0.3581399999999999
0.32004,0.47752,0.34036,0.32766,0.49784,0.4064,0.57912,0.56642,0.2413,0.3606799999999999
0.32004,0.47752,0.34036,0.32766,0.5003799999999999,0.4064,0.57912,0.56642,0.2413,0.3606799999999999
0.32004,0.47752,0.34036,0.32766,0.50292,0.4114799999999999,0.5841999999999999,0.5689599999999999,0.2413,0.3606799999999999
0.32258,0.48514,0.3479799999999999,0.3352799999999999,0.51562,0.41402,0.59182,0.57658,0.2438399999999999,0.3682999999999999
0.32512,0.4952999999999999,0.3555999999999999,0.34036,0.5257799999999999,0.4165599999999999,0.59182,0.57658,0.2463799999999999,0.37084
0.3352799999999999,0.5003799999999999,0.36322,0.35052,0.5334,0.4292599999999999,0.60452,0.58674,0.2463799999999999,0.37846
0.34036,0.5003799999999999,0.37338,0.3555999999999999,0.5334,0.4317999999999999,0.61468,0.58674,0.2463799999999999,0.37846
0.34036,0.5003799999999999,0.37338,0.3555999999999999,0.5334,0.4317999999999999,0.61468,0.58674,0.2463799999999999,0.37846
0.3479799999999999,0.51054,0.381,0.3606799999999999,0.53848,0.43434,0.6248400000000001,0.59182,0.2463799999999999,0.381
0.36576,0.5257799999999999,0.38862,0.37084,0.55118,0.4445,0.6476999999999999,0.6248400000000001,0.254,0.39624
0.37846,0.53848,0.39624,0.37846,0.5689599999999999,0.45974,0.66294,0.65532,0.26162,0.4114799999999999
0.38862,0.55372,0.40894,0.39624,0.58166,0.4749799999999999,0.68072,0.6730999999999999,0.2717799999999999,0.4191
0.39116,0.55626,0.40894,0.3987799999999999,0.5841999999999999,0.4749799999999999,0.6858,0.6730999999999999,0.27432,0.42164
0.39116,0.5613400000000001,0.41402,0.40386,0.5892799999999999,0.47752,0.69342,0.67818,0.27686,0.42672
0.39624,0.5613400000000001,0.41402,0.40386,0.59182,0.47752,0.6959599999999999,0.67818,0.2794,0.42672
0.39624,0.56642,0.4241799999999999,0.4064,0.5943599999999999,0.4876799999999999,0.70358,0.6858,0.2794,0.4292599999999999
0.40132,0.59182,0.4317999999999999,0.4241799999999999,0.6095999999999999,0.508,0.71374,0.6959599999999999,0.2844799999999999,0.4317999999999999
0.4064,0.5969,0.43942,0.4241799999999999,0.6095999999999999,0.508,0.71374,0.6959599999999999,0.2844799999999999,0.4317999999999999
0.4064,0.5969,0.43942,0.4241799999999999,0.6095999999999999,0.508,0.71374,0.6959599999999999,0.2844799999999999,0.4317999999999999
0.4064,0.5969,0.43942,0.4241799999999999,0.6095999999999999,0.508,0.71374,0.6959599999999999,0.2844799999999999,0.4317999999999999
0.4064,0.5969,0.43942,0.4241799999999999,0.6095999999999999,0.508,0.71374,0.6959599999999999,0.2844799999999999,0.4317999999999999
0.4064,0.5969,0.43942,0.4241799999999999,0.6095999999999999,0.508,0.71374,0.6959599999999999,0.2844799999999999,0.4317999999999999
0.40386,0.5969,0.43942,0.4241799999999999,0.6095999999999999,0.508,0.71374,0.6959599999999999,0.2794,0.4317999999999999
0.40132,0.5969,0.43942,0.4241799999999999,0.6095999999999999,0.508,0.71374,0.6959599999999999,0.2667,0.4317999999999999
0.40132,0.5969,0.43942,0.42672,0.6095999999999999,0.51054,0.72898,0.70104,0.26416,0.4317999999999999
0.4064,0.59944,0.43942,0.4317999999999999,0.61976,0.51054,0.7340599999999999,0.70866,0.26416,0.43434
0.4064,0.60198,0.43942,0.4317999999999999,0.6223,0.51308,0.74168,0.71374,0.25654,0.43434
0.41402,0.6095999999999999,0.44958,0.4419599999999999,0.635,0.52324,0.75184,0.72898,0.25654,0.44958
0.41402,0.6095999999999999,0.4546599999999999,0.4419599999999999,0.635,0.52324,0.75184,0.72898,0.25654,0.44958
0.4064,0.6095999999999999,0.4546599999999999,0.43942,0.62992,0.51308,0.75184,0.72644,0.2311399999999999,0.44704
0.40132,0.6095999999999999,0.4546599999999999,0.43688,0.6223,0.508,0.75184,0.7162799999999999,0.21844,0.43688
0.40132,0.61468,0.4572,0.43688,0.635,0.52324,0.75692,0.72898,0.21336,0.44704
0.4165599999999999,0.635,0.47752,0.45212,0.65532,0.54864,0.76708,0.74676,0.21844,0.4572
0.4165599999999999,0.635,0.4826,0.44958,0.65532,0.54864,0.76708,0.74676,0.2158999999999999,0.4572
0.4165599999999999,0.635,0.4876799999999999,0.4445,0.65532,0.54864,0.76708,0.74676,0.21336,0.4572
0.42164,0.635,0.4876799999999999,0.4419599999999999,0.65024,0.53848,0.76708,0.74676,0.19304,0.4572
0.4292599999999999,0.64516,0.4876799999999999,0.43942,0.6578599999999999,0.53594,0.77724,0.75184,0.18542,0.4546599999999999
0.42672,0.6476999999999999,0.4876799999999999,0.43688,0.6705599999999999,0.5334,0.78232,0.7365999999999999,0.17018,0.4419599999999999
0.42672,0.64516,0.4876799999999999,0.42672,0.66548,0.52324,0.78232,0.71374,0.1473199999999999,0.4292599999999999
0.4114799999999999,0.64008,0.4876799999999999,0.4165599999999999,0.6527799999999999,0.51054,0.77724,0.70104,0.12954,0.4165599999999999
0.4064,0.63754,0.4876799999999999,0.4114799999999999,0.6476999999999999,0.51054,0.7797799999999999,0.67818,0.1168399999999999,0.40894
0.40386,0.63754,0.4876799999999999,0.40386,0.64262,0.5054599999999999,0.7797799999999999,0.6705599999999999,0.10668,0.40132
0.38608,0.63754,0.49022,0.39624,0.6223,0.50292,0.77216,0.6527799999999999,0.0736599999999999,0.381
0.38862,0.66294,0.51054,0.40894,0.6248400000000001,0.51562,0.78232,0.6476999999999999,0.0635,0.37846
0.40894,0.70358,0.53848,0.44958,0.63754,0.5334,0.79248,0.65532,0.06604,0.38354
0.41402,0.70866,0.5435599999999999,0.45974,0.64262,0.5308599999999999,0.79248,0.6578599999999999,0.04064,0.38354
0.41402,0.71374,0.5461,0.46482,0.64008,0.54102,0.7975599999999999,0.6730999999999999,0.04064,0.38862
0.41402,0.71374,0.5461,0.46482,0.6476999999999999,0.5461,0.8000999999999999,0.67564,0.02794,0.38862
0.4165599999999999,0.71882,0.54102,0.4673599999999999,0.6604,0.53848,0.80264,0.6858,0.0152399999999999,0.37592
0.41402,0.7340599999999999,0.52324,0.47244,0.66548,0.53594,0.81534,0.66548,0.0076199999999999,0.3581399999999999
0.4114799999999999,0.74422,0.5334,0.4749799999999999,0.6730999999999999,0.55118,0.83566,0.6527799999999999,0.00508,0.3555999999999999
0.40132,0.74168,0.5334,0.47244,0.66548,0.54102,0.8331199999999999,0.63754,0.0,0.3429
0.3937,0.73914,0.52832,0.4622799999999999,0.6476999999999999,0.52832,0.82804,0.6095999999999999,0.0,0.32766
0.36576,0.72898,0.51308,0.4419599999999999,0.6223,0.5054599999999999,0.8128,0.58166,0.0,0.30734
0.3429,0.71882,0.508,0.42672,0.59182,0.4800599999999999,0.8051799999999999,0.55372,0.0,0.2794
0.33274,0.71374,0.5003799999999999,0.4191,0.5841999999999999,0.45974,0.80264,0.5257799999999999,0.0,0.26416
0.31496,0.70612,0.4952999999999999,0.40386,0.58166,0.4419599999999999,0.8000999999999999,0.508,0.0,0.25654
0.2946399999999999,0.6908799999999999,0.4876799999999999,0.38354,0.55372,0.4064,0.79502,0.47244,0.0,0.2336799999999999
0.27432,0.67818,0.47752,0.3606799999999999,0.5308599999999999,0.37338,0.7874,0.4317999999999999,0.0,0.21082
0.24892,0.66294,0.4699,0.34036,0.4952999999999999,0.34036,0.76708,0.3937,0.0,0.18288
0.2413,0.6527799999999999,0.45974,0.32258,0.4952999999999999,0.32004,0.7594599999999999,0.3606799999999999,0.0,0.1676399999999999
0.2209799999999999,0.6324599999999999,0.44958,0.3047999999999999,0.4699,0.2920999999999999,0.7365999999999999,0.31242,0.0,0.1473199999999999
0.21082,0.61468,0.4419599999999999,0.2946399999999999,0.45974,0.2819399999999999,0.7239,0.2844799999999999,0.0,0.13462
0.1905,0.61468,0.43434,0.27686,0.43942,0.25146,0.7111999999999999,0.25654,0.0,0.1219199999999999
0.20066,0.6223,0.43688,0.2794,0.4419599999999999,0.25146,0.7213599999999999,0.25908,0.0,0.1168399999999999
0.2082799999999999,0.6248400000000001,0.4419599999999999,0.2819399999999999,0.44704,0.25654,0.72644,0.26162,0.0,0.11176
0.2082799999999999,0.6248400000000001,0.43434,0.27432,0.44704,0.2413,0.72644,0.2463799999999999,0.0,0.09652
0.2082799999999999,0.61214,0.42164,0.25146,0.43434,0.21844,0.71882,0.2082799999999999,0.0,0.0761999999999999
0.17018,0.59182,0.4114799999999999,0.2286,0.40132,0.18796,0.70358,0.16002,0.0,0.04826
0.1473199999999999,0.57404,0.39116,0.2057399999999999,0.36322,0.15494,0.68326,0.10668,0.0,0.02032
0.13208,0.55626,0.381,0.19304,0.3302,0.12446,0.66802,0.0736599999999999,0.0,0.0076199999999999
0.13208,0.5613400000000001,0.37592,0.18288,0.32258,0.10922,0.66548,0.0609599999999999,0.0,0.0
0.127,0.5588,0.37084,0.16256,0.3175,0.0888999999999999,0.6705599999999999,0.0431799999999999,0.0,0.0
0.12446,0.5638799999999999,0.37846,0.16002,0.32512,0.0635,0.6730999999999999,0.03302,0.0,0.0
0.11176,0.55626,0.37084,0.13716,0.31242,0.0380999999999999,0.6730999999999999,0.0152399999999999,0.0,0.0
0.0838199999999999,0.5435599999999999,0.35052,0.1143,0.27686,0.02032,0.6578599999999999,0.0076199999999999,0.0,0.0
0.04826,0.5257799999999999,0.32258,0.0761999999999999,0.23876,0.0177799999999999,0.6223,0.0,0.0,0.0
0.01016,0.508,0.29972,0.04572,0.2032,0.0076199999999999,0.58674,0.0,0.0,0.0
0.0,0.48514,0.27432,0.02032,0.1676399999999999,0.0,0.55372,0.0,0.0,0.0
0.0,0.4622799999999999,0.2463799999999999,0.0,0.13462,0.0,0.51816,0.0,0.0,0.0
0.0,0.4419599999999999,0.2209799999999999,0.0,0.1143,0.0,0.508,0.0,0.0,0.0
0.0,0.4445,0.21844,0.0,0.11938,0.0152399999999999,0.51562,0.0,0.0,0.0
0.0,0.44704,0.2082799999999999,0.0,0.10668,0.01016,0.508,0.0,0.0,0.0
0.0,0.44958,0.19304,0.0,0.1016,0.0,0.51562,0.00254,0.0,0.0
0.0,0.44958,0.1803399999999999,0.0,0.0838199999999999,0.0,0.51562,0.0,0.0,0.0
0.0,0.4546599999999999,0.18288,0.0,0.07874,0.0076199999999999,0.5257799999999999,0.0,0.0,0.0
0.0,0.47244,0.19304,0.0,0.0863599999999999,0.0,0.5334,0.0,0.0,0.0
0.0,0.4952999999999999,0.2057399999999999,0.0127,0.09906,0.00254,0.55118,0.00508,0.0,0.0
0.0,0.5054599999999999,0.2032,0.0076199999999999,0.1016,0.0,0.5689599999999999,0.0,0.0,0.0
0.0,0.5054599999999999,0.1905,0.0,0.0838199999999999,0.0,0.5613400000000001,0.0,0.0,0.0
0.0,0.4927599999999999,0.1727199999999999,0.0,0.05588,0.0,0.55118,0.0,0.0,0.0
0.0,0.4876799999999999,0.1473199999999999,0.0,0.0380999999999999,0.0,0.5588,0.0,0.0,0.0
0.0,0.48514,0.127,0.0,0.0254,0.0,0.5588,0.0,0.0,0.0
0.0,0.4699,0.1016,0.0,0.00508,0.0,0.54864,0.0,0.0,0.0
0.0,0.4572,0.0711199999999999,0.0,0.0,0.0,0.5461,0.0,0.0,0.0
0.0,0.4419599999999999,0.04572,0.0,0.0,0.0,0.51562,0.0,0.0,0.0
0.0,0.42164,0.02032,0.0,0.0,0.0,0.4952999999999999,0.0,0.0,0.0
0.0,0.40386,0.0,0.0,0.0,0.0,0.4673599999999999,0.0,0.0,0.0
0.0,0.39116,0.0,0.0,0.0,0.0,0.42672,0.0,0.0,0.0
0.0,0.33782,0.0,0.0,0.0,0.0,0.40386,0.0,0.0,0.0
0.0,0.2946399999999999,0.0,0.0,0.0,0.0,0.3581399999999999,0.0,0.0,0.0
0.0,0.2463799999999999,0.0,0.0,0.0,0.0,0.3352799999999999,0.0,0.0,0.0
0.0,0.19304,0.0,0.0,0.0,0.0,0.2920999999999999,0.0,0.0,0.0
0.0,0.19304,0.0,0.0,0.0,0.0,0.26416,0.0,0.0,0.0
0.0,0.16256,0.0,0.0,0.0,0.0,0.2413,0.0,0.0,0.0
0.0,0.127,0.0,0.0,0.0,0.0,0.2082799999999999,0.0,0.0,0.0
0.0,0.0863599999999999,0.0,0.0,0.0,0.0,0.17018,0.0,0.0,0.0
0.0,0.0431799999999999,0.0,0.0,0.0,0.0,0.13462,0.0,0.0,0.0
0.0,0.0,0.0,0.0,0.0,0.0,0.09398,0.0,0.0,0.0
0.0,0.0,0.0,0.0,0.0,0.0,0.06604,0.0,0.0,0.0
0.0,0.0,0.0,0.0,0.0,0.0,0.03302,0.0,0.0,0.0
0.0,0.0,0.0,0.0,0.0,0.0,0.01016,0.0,0.0,0.0
0.0,0.0,0.0,0.0,0.0,0.0,0.0,0.0,0.0,0.0
0.0,0.0,0.0,0.0,0.0,0.0,0.0,0.0,0.0,0.0
0.0,0.0,0.0,0.0,0.0,0.0,0.0,0.0,0.0,0.0
0.0,0.0,0.0,0.0,0.0,0.0,0.0,0.0,0.0,0.0
0.0,0.0,0.0,0.0,0.0,0.0,0.0,0.0,0.0,0.0
0.0,0.0,0.0,0.0,0.0,0.0,0.0,0.0,0.0,0.0
0.0,0.0,0.0,0.0,0.0,0.0,0.0,0.0,0.0,0.0
0.0,0.0,0.0,0.0,0.0,0.0,0.0,0.0,0.0,0.0
0.0,0.0,0.0,0.0,0.0,0.0,0.0,0.0,0.0,0.0
0.0,0.0,0.0,0.0,0.0,0.0,0.0,0.0,0.0,0.0
0.0,0.0,0.0,0.0,0.0,0.0,0.0,0.0,0.0,0.0
0.0,0.0,0.0,0.0,0.0,0.0,0.0,0.0,0.0,0.0
0.0,0.0,0.0,0.0,0.0,0.0,0.0,0.0,0.0,0.0
0.0,0.0,0.0,0.0,0.0,0.0,0.0,0.0,0.0,0.0
0.0,0.0,0.0,0.0,0.0,0.0,0.0,0.0,0.0,0.0
0.0,0.0,0.0,0.0,0.0,0.0,0.0,0.0,0.0,0.0
0.0,0.0,0.0,0.0,0.0,0.0,0.0,0.0,0.0,0.0
0.0,0.0,0.0,0.0,0.0,0.0,0.0,0.0,0.0,0.0
0.0,0.0,0.0,0.0,0.0,0.0,0.0,0.0,0.0,0.0
0.0,0.0,0.0,0.0,0.0,0.0,0.0,0.0,0.0,0.0
0.0,0.0,0.0,0.0,0.0,0.0,0.0,0.0,0.0,0.0
0.0,0.0,0.0,0.0,0.0,0.0,0.0,0.0,0.0,0.0
0.0,0.0,0.0,0.0,0.0,0.0,0.0,0.0,0.0,0.0
0.0,0.0,0.0,0.0,0.0,0.0,0.0,0.0,0.0,0.0
0.0,0.0,0.0,0.0,0.0,0.0,0.0,0.0,0.0,0.0
0.0,0.0,0.0,0.0,0.0,0.0,0.0,0.0,0.0,0.0
0.0,0.0,0.0,0.0,0.0,0.0,0.0,0.0,0.0,0.0
0.0,0.0,0.0,0.0,0.0,0.0,0.0,0.0,0.0,0.0
0.0,0.0,0.0,0.0,0.0,0.0,0.0,0.0,0.0,0.0
0.0,0.0,0.0,0.0,0.0,0.0,0.0,0.0,0.0,0.0
0.0,0.0,0.0,0.0,0.0,0.0,0.0,0.0,0.0,0.0
0.0,0.0,0.0,0.0,0.0,0.0,0.0,0.0,0.0,0.0
0.0,0.0,0.0,0.0,0.0,0.0,0.0,0.0,0.0,0.0
0.0,0.0,0.0,0.0,0.0,0.0,0.0,0.0,0.0,0.0
0.0,0.0,0.0,0.0,0.0,0.0,0.0,0.0,0.0,0.0
0.0,0.0,0.0,0.0,0.0,0.0,0.0,0.0,0.0,0.0
0.0,0.0,0.0,0.0,0.0,0.0,0.0,0.0,0.0,0.0
0.0,0.0,0.0,0.0,0.0,0.0,0.0,0.0,0.0,0.0
0.0,0.0,0.0,0.0,0.0,0.0,0.0,0.0,0.0,0.0
0.0,0.0,0.0,0.0,0.0,0.0,0.0,0.0,0.0,0.0
0.0,0.0,0.0,0.0,0.0,0.0,0.0,0.0,0.0,0.0
0.0,0.0,0.0,0.0,0.0,0.0,0.0,0.0,0.0,0.0
0.0,0.0,0.0,0.0,0.0,0.0,0.0,0.0,0.0,0.0
0.0,0.0,0.0,0.0,0.0,0.0,0.0,0.0,0.0,0.0
0.0,0.0,0.0,0.0,0.0,0.0,0.0,0.0,0.0,0.0
0.0,0.0,0.0,0.0,0.0,0.0,0.0,0.0,0.0,0.0
0.0,0.0,0.0,0.0,0.0,0.0,0.0,0.0,0.0,0.0
0.0,0.0,0.0,0.0,0.0,0.0,0.0,0.0,0.0,0.0
0.0,0.0,0.0,0.0,0.0,0.0,0.0,0.0,0.0,0.0
0.0,0.0,0.0,0.0,0.0,0.0,0.0,0.0,0.0,0.0
0.0,0.0,0.0,0.0,0.0,0.0,0.0,0.0,0.0,0.0
0.0,0.0,0.0,0.0,0.0,0.0,0.0,0.0,0.0,0.0
0.0,0.0,0.0,0.0,0.0,0.0,0.0,0.0,0.0,0.0
0.0,0.0,0.0,0.0,0.0,0.0,0.0,0.0,0.0,0.0
0.0,0.0,0.0,0.0,0.0,0.0,0.0,0.0,0.0,0.0
0.0,0.0,0.0,0.0,0.0,0.0,0.0,0.0,0.0,0.0
0.0,0.0,0.0,0.0,0.0,0.0,0.0,0.0,0.0,0.0
0.0,0.0,0.0,0.0,0.0,0.0,0.0,0.0,0.0,0.0
0.0,0.0,0.0,0.0,0.0,0.0,0.0,0.0,0.0,0.0
0.0,0.0,0.0,0.0,0.0,0.0,0.0,0.0,0.0,0.0
0.0,0.0,0.0,0.0,0.0,0.0,0.0,0.0,0.0,0.0
0.0,0.0,0.0,0.0,0.0,0.0,0.0,0.0,0.0,0.0
0.0,0.0,0.0,0.0,0.0,0.0,0.0,0.0,0.0,0.0
0.0,0.0,0.0,0.0,0.0,0.0,0.0,0.0,0.0,0.0
0.0,0.0,0.0,0.0,0.0,0.0,0.0,0.0,0.0,0.0
0.0,0.0,0.0,0.0,0.0,0.0,0.0,0.0,0.0,0.0
0.0,0.0,0.0,0.0,0.0,0.0,0.0,0.0,0.0,0.0
0.0,0.0,0.0,0.0,0.0,0.0,0.0,0.0,0.0,0.0
0.0,0.0,0.0,0.0,0.0,0.0,0.0,0.0,0.0,0.0
0.0,0.0,0.0,0.0,0.0,0.0,0.0,0.0,0.0,0.0
0.0,0.0,0.0,0.0,0.0,0.0,0.0,0.0,0.0,0.0
0.0,0.0,0.0,0.0,0.0,0.0,0.0,0.0,0.0,0.0
0.0,0.0,0.0,0.0,0.0,0.0,0.0,0.0,0.0,0.0
0.0,0.0,0.0,0.0,0.0,0.0,0.0,0.0,0.0,0.0
0.0,0.0,0.0,0.0,0.0,0.0,0.0,0.0,0.0,0.0
0.0,0.0,0.0,0.0,0.0,0.0,0.0,0.0,0.0,0.0
0.0,0.0,0.0,0.0,0.0,0.0,0.0,0.0,0.0,0.0
0.0,0.0,0.0,0.0,0.0,0.0,0.0,0.0,0.0,0.0
0.0,0.0,0.0,0.0,0.0,0.0,0.0,0.0,0.0,0.0
0.0,0.0,0.0,0.0,0.0,0.0,0.0,0.0,0.0,0.0
0.0,0.0,0.0,0.0,0.0,0.0,0.0,0.0,0.0,0.0
0.0,0.0,0.0,0.0,0.0,0.0,0.0,0.0,0.0,0.0
0.0,0.0,0.0,0.0,0.0,0.0,0.0,0.0,0.0,0.0
0.0,0.0,0.0,0.0,0.0,0.0,0.0,0.0,0.0,0.0
0.0,0.0,0.0,0.0,0.0,0.0,0.0,0.0,0.0,0.0
0.0,0.0,0.0,0.0,0.0,0.0,0.0,0.0,0.0,0.0
0.0,0.0,0.0,0.0,0.0,0.0,0.0,0.0,0.0,0.0
0.0,0.0,0.0,0.0,0.0,0.0,0.0,0.0,0.0,0.0
0.0,0.0,0.0,0.0,0.0,0.0,0.0,0.0,0.0,0.0
0.0,0.0,0.0,0.0,0.0,0.0,0.0,0.0,0.0,0.0
0.0,0.0,0.0,0.0,0.0,0.0,0.0,0.0,0.0,0.0
0.0,0.0,0.0,0.0,0.0,0.0,0.0,0.0,0.0,0.0
0.0,0.0,0.0,0.0,0.0,0.0,0.0,0.0,0.0,0.0
0.0,0.0,0.0,0.0,0.0,0.0,0.0,0.0,0.0,0.0
0.0,0.0,0.0,0.0,0.0,0.0,0.0,0.0,0.0,0.0
0.0,0.0,0.0,0.0,0.0,0.0,0.00508,0.0,0.0,0.0
0.0,0.0,0.0,0.0,0.0,0.0,0.0,0.0,0.0,0.0
0.0,0.0,0.0,0.0,0.0,0.0,0.0,0.0,0.0,0.0
0.0,0.0,0.0,0.0,0.0,0.0,0.0,0.0,0.0,0.0
0.0,0.0,0.0,0.0,0.0,0.0,0.0,0.0,0.0,0.0
0.0,0.0,0.0,0.0,0.0,0.0,0.0,0.0,0.0,0.0
0.0,0.0,0.0,0.0,0.0,0.0,0.0,0.0,0.0,0.0
0.0,0.0,0.0,0.0,0.0,0.0,0.0,0.0,0.0,0.0
0.0,0.0,0.0,0.0,0.0,0.0,0.0,0.0,0.0,0.0
0.0,0.0,0.0,0.0,0.00508,0.00254,0.00508,0.00508,0.0,0.00254
0.0,0.0,0.0,0.0,0.0,0.0,0.0,0.00508,0.0,0.0
0.0,0.0,0.0,0.0,0.0,0.0,0.0,0.0,0.0,0.0
0.0,0.0,0.0,0.0,0.0,0.0,0.0,0.0,0.0,0.0
0.0,0.0,0.0,0.0,0.0,0.0,0.0,0.0,0.0,0.0
0.0,0.0,0.0,0.0,0.0,0.0,0.0,0.0,0.0,0.0
0.0,0.0,0.0,0.0,0.0,0.0,0.0,0.0,0.0,0.0
0.0,0.0,0.0,0.0,0.0,0.0,0.0,0.0,0.0,0.0
0.0,0.0,0.0,0.0,0.0,0.0,0.0,0.0,0.0,0.0
0.0,0.0,0.0,0.0,0.0,0.0,0.0,0.0,0.0,0.0
0.0,0.0,0.0,0.0,0.00254,0.00254,0.0,0.0,0.0,0.00254
0.0,0.0,0.0,0.0,0.00254,0.00254,0.00508,0.0,0.0,0.00254
0.0,0.0,0.0,0.0,0.0,0.0,0.0,0.0,0.0,0.0
0.0,0.0,0.0,0.0,0.0,0.0,0.0,0.0,0.0,0.0
0.0,0.0,0.0,0.0,0.0,0.0,0.0,0.0,0.0,0.0
0.0,0.0,0.0,0.0,0.0,0.0,0.0,0.0,0.0,0.0
0.0,0.0,0.0,0.0,0.0,0.0,0.0,0.0,0.0,0.0
0.0,0.0,0.0,0.0,0.0,0.0,0.0,0.0,0.0,0.0
0.0,0.0,0.0,0.0,0.00508,0.00254,0.00508,0.0,0.0,0.0
0.0,0.0,0.0,0.0,0.0,0.0,0.0,0.0,0.0,0.0
0.02286,0.0254,0.02286,0.01016,0.02286,0.0254,0.0254,0.02286,0.0152399999999999,0.0152399999999999
0.02286,0.0304799999999999,0.02794,0.01016,0.02794,0.0304799999999999,0.0304799999999999,0.0304799999999999,0.01016,0.0177799999999999
0.02794,0.03302,0.0304799999999999,0.0127,0.0304799999999999,0.0304799999999999,0.03302,0.0304799999999999,0.00508,0.02032
0.02286,0.03302,0.0304799999999999,0.0127,0.02794,0.02794,0.03302,0.0304799999999999,0.0,0.0177799999999999
0.02032,0.03302,0.0304799999999999,0.0127,0.0254,0.02286,0.0304799999999999,0.0304799999999999,0.0,0.0152399999999999
0.02032,0.0355599999999999,0.03302,0.0127,0.02286,0.02032,0.0304799999999999,0.0304799999999999,0.0,0.0152399999999999
0.02286,0.0355599999999999,0.03302,0.0127,0.02032,0.02032,0.0304799999999999,0.0304799999999999,0.0,0.0152399999999999
0.02286,0.0355599999999999,0.03302,0.0127,0.0177799999999999,0.0127,0.0304799999999999,0.0304799999999999,0.0,0.0152399999999999
0.02286,0.04064,0.0380999999999999,0.0127,0.02032,0.02032,0.0380999999999999,0.0355599999999999,0.00254,0.02032
0.02794,0.04572,0.04064,0.0127,0.02286,0.02286,0.04064,0.0380999999999999,0.0076199999999999,0.0254
0.02794,0.04826,0.04064,0.0127,0.0355599999999999,0.03302,0.05588,0.04826,0.0076199999999999,0.0304799999999999
0.02794,0.0508,0.04572,0.0127,0.0355599999999999,0.03302,0.05588,0.04826,0.0076199999999999,0.0304799999999999
0.02794,0.05588,0.04826,0.0127,0.0355599999999999,0.03302,0.05588,0.04826,0.0076199999999999,0.0304799999999999
0.02794,0.05588,0.04826,0.0127,0.0355599999999999,0.03302,0.05588,0.04826,0.00254,0.0304799999999999
0.02794,0.05588,0.04826,0.0127,0.0355599999999999,0.03302,0.05588,0.04826,0.0,0.0304799999999999
0.02794,0.05588,0.04826,0.0177799999999999,0.0355599999999999,0.03302,0.05588,0.04826,0.0,0.0304799999999999
0.02794,0.05588,0.04826,0.0177799999999999,0.0355599999999999,0.03302,0.05588,0.04826,0.0,0.0304799999999999
0.02794,0.05588,0.04826,0.0177799999999999,0.0355599999999999,0.03302,0.05588,0.04826,0.0,0.0304799999999999
0.02794,0.05588,0.04826,0.0177799999999999,0.0355599999999999,0.02794,0.05334,0.04826,0.0,0.0304799999999999
0.02794,0.05588,0.04826,0.0177799999999999,0.0304799999999999,0.0254,0.05334,0.04826,0.0,0.0304799999999999
0.02794,0.05588,0.04826,0.0177799999999999,0.0152399999999999,0.0254,0.0508,0.04572,0.0,0.0304799999999999
0.02794,0.05588,0.04826,0.0177799999999999,0.00508,0.0254,0.0508,0.04572,0.0,0.0304799999999999
0.02794,0.05588,0.04826,0.0177799999999999,0.0,0.02286,0.0508,0.04572,0.0,0.0304799999999999
0.0355599999999999,0.05588,0.04826,0.0177799999999999,0.0,0.02032,0.0508,0.04572,0.0,0.02794
0.0355599999999999,0.05588,0.04826,0.0177799999999999,0.0,0.02032,0.0508,0.04572,0.0,0.02794
0.0355599999999999,0.05588,0.04826,0.0177799999999999,0.0,0.02032,0.0508,0.04572,0.0,0.02794
0.0355599999999999,0.05588,0.04826,0.0177799999999999,0.0,0.02032,0.0508,0.04572,0.0,0.02794
0.0355599999999999,0.05588,0.04826,0.0177799999999999,0.0,0.0152399999999999,0.0508,0.04064,0.0,0.02794
0.0355599999999999,0.05588,0.04826,0.0177799999999999,0.0,0.0127,0.0508,0.0380999999999999,0.0,0.02794
0.0355599999999999,0.05588,0.04826,0.0177799999999999,0.0,0.0127,0.0508,0.0380999999999999,0.0,0.02794
0.0355599999999999,0.0584199999999999,0.04826,0.0177799999999999,0.0,0.0076199999999999,0.0508,0.03302,0.0,0.02794
0.0355599999999999,0.0584199999999999,0.04826,0.02286,0.0,0.0076199999999999,0.0508,0.0254,0.0,0.02794
0.0380999999999999,0.0635,0.0584199999999999,0.02794,0.00508,0.0127,0.0635,0.0355599999999999,0.00508,0.03302
0.0380999999999999,0.0635,0.0584199999999999,0.02794,0.00508,0.0127,0.06858,0.0380999999999999,0.00508,0.03302
0.0380999999999999,0.0635,0.0584199999999999,0.02794,0.00508,0.0127,0.06858,0.0380999999999999,0.00508,0.03302
0.0380999999999999,0.0635,0.0584199999999999,0.02794,0.00508,0.0127,0.06858,0.0380999999999999,0.00508,0.03302
0.0380999999999999,0.0635,0.0584199999999999,0.02794,0.00508,0.0127,0.06858,0.0380999999999999,0.00508,0.03302
0.0508,0.0838199999999999,0.0736599999999999,0.03302,0.0254,0.02032,0.0736599999999999,0.0431799999999999,0.0127,0.0380999999999999
0.0508,0.0838199999999999,0.0761999999999999,0.03302,0.0254,0.02032,0.0736599999999999,0.0431799999999999,0.0127,0.0380999999999999
0.05334,0.09906,0.08128,0.0355599999999999,0.05588,0.0254,0.0838199999999999,0.05334,0.0177799999999999,0.04572
0.06604,0.1143,0.09398,0.04826,0.0736599999999999,0.04572,0.10922,0.0736599999999999,0.03302,0.0635
0.0888999999999999,0.1397,0.1143,0.0711199999999999,0.0888999999999999,0.06604,0.13716,0.1016,0.0431799999999999,0.07874
0.0888999999999999,0.1397,0.1143,0.0711199999999999,0.0888999999999999,0.0711199999999999,0.13716,0.1016,0.0431799999999999,0.07874
0.0888999999999999,0.14478,0.1219199999999999,0.0736599999999999,0.0888999999999999,0.0711199999999999,0.13716,0.1016,0.0431799999999999,0.07874
0.0838199999999999,0.14478,0.1219199999999999,0.0736599999999999,0.0888999999999999,0.0711199999999999,0.13716,0.1016,0.0431799999999999,0.07874
0.0838199999999999,0.14478,0.1219199999999999,0.0736599999999999,0.0888999999999999,0.0711199999999999,0.13716,0.1016,0.0431799999999999,0.07874
0.0838199999999999,0.1473199999999999,0.12446,0.0736599999999999,0.0888999999999999,0.0761999999999999,0.1473199999999999,0.1041399999999999,0.0431799999999999,0.08128
0.08128,0.1473199999999999,0.127,0.0736599999999999,0.09144,0.07874,0.14986,0.10922,0.05334,0.0888999999999999
0.08128,0.1473199999999999,0.127,0.0736599999999999,0.09144,0.07874,0.14986,0.10922,0.05334,0.0888999999999999
0.08128,0.1473199999999999,0.127,0.0736599999999999,0.09144,0.07874,0.1523999999999999,0.10922,0.05334,0.0888999999999999
0.09652,0.15748,0.13716,0.08128,0.1041399999999999,0.09144,0.17018,0.1168399999999999,0.0584199999999999,0.09398
0.09652,0.15748,0.1397,0.08128,0.1041399999999999,0.09144,0.17018,0.1168399999999999,0.0584199999999999,0.09398
0.09652,0.15748,0.1422399999999999,0.08128,0.1041399999999999,0.09144,0.17018,0.1168399999999999,0.0584199999999999,0.09398
0.09652,0.15748,0.14478,0.08128,0.1041399999999999,0.09144,0.17018,0.1168399999999999,0.0584199999999999,0.09398
0.11938,0.1777999999999999,0.16256,0.09906,0.13462,0.1168399999999999,0.18796,0.1523999999999999,0.0761999999999999,0.11176
0.127,0.18542,0.1676399999999999,0.1041399999999999,0.1473199999999999,0.12446,0.2057399999999999,0.1651,0.0838199999999999,0.1143
0.13716,0.2032,0.18288,0.1219199999999999,0.1651,0.14478,0.2158999999999999,0.18796,0.09398,0.12446
0.13716,0.2057399999999999,0.18542,0.1219199999999999,0.1651,0.14478,0.2158999999999999,0.18796,0.09398,0.12446
0.13716,0.2057399999999999,0.18542,0.1219199999999999,0.1651,0.14478,0.2158999999999999,0.18796,0.09398,0.12446
0.13716,0.2057399999999999,0.18796,0.12446,0.1651,0.14478,0.2158999999999999,0.18796,0.09398,0.12446
0.13716,0.2057399999999999,0.18796,0.127,0.1651,0.14478,0.2158999999999999,0.18796,0.09398,0.12446
0.13716,0.2057399999999999,0.18796,0.127,0.1651,0.14478,0.2158999999999999,0.18796,0.09398,0.12446
0.13716,0.2057399999999999,0.18796,0.127,0.1651,0.14478,0.2158999999999999,0.18796,0.09398,0.12446
0.1422399999999999,0.2057399999999999,0.18796,0.127,0.1651,0.14478,0.2158999999999999,0.18796,0.09398,0.12446
0.1422399999999999,0.2057399999999999,0.18796,0.127,0.1651,0.14478,0.2158999999999999,0.18796,0.09398,0.12446
0.1422399999999999,0.2057399999999999,0.18796,0.12954,0.1651,0.14478,0.21844,0.18796,0.09652,0.12446
0.14478,0.21082,0.1905,0.13462,0.17018,0.1473199999999999,0.22606,0.19304,0.09906,0.127
0.14986,0.2158999999999999,0.19812,0.1397,0.1727199999999999,0.16002,0.2336799999999999,0.20066,0.1016,0.12954
0.14986,0.2158999999999999,0.19812,0.1397,0.1727199999999999,0.16002,0.2336799999999999,0.20066,0.1016,0.12954
0.14986,0.2158999999999999,0.19812,0.1397,0.1727199999999999,0.16002,0.2336799999999999,0.20066,0.1016,0.12954
0.14986,0.2158999999999999,0.19812,0.1397,0.1727199999999999,0.16002,0.2336799999999999,0.20066,0.1016,0.12954
0.14986,0.2158999999999999,0.19812,0.1422399999999999,0.17526,0.16256,0.23622,0.20066,0.1016,0.13208
0.14986,0.2158999999999999,0.20066,0.1473199999999999,0.17526,0.16256,0.23622,0.20066,0.1016,0.13208
0.14986,0.22352,0.2057399999999999,0.14986,0.17526,0.16256,0.23622,0.2032,0.1016,0.13208
0.1676399999999999,0.2311399999999999,0.21336,0.16256,0.19558,0.1803399999999999,0.2463799999999999,0.2158999999999999,0.1143,0.1473199999999999
0.1676399999999999,0.2336799999999999,0.21336,0.16256,0.20066,0.18288,0.24892,0.21844,0.1143,0.14986
0.1676399999999999,0.2336799999999999,0.21336,0.16256,0.20066,0.18288,0.24892,0.21844,0.1143,0.14986
0.1676399999999999,0.2336799999999999,0.21336,0.16256,0.20066,0.18288,0.24892,0.21844,0.1143,0.14986
0.1676399999999999,0.2336799999999999,0.21336,0.16256,0.2057399999999999,0.18288,0.254,0.22352,0.1168399999999999,0.14986
0.1676399999999999,0.23622,0.21844,0.1651,0.2057399999999999,0.18288,0.254,0.22352,0.1168399999999999,0.14986
0.1676399999999999,0.23622,0.21844,0.1651,0.2057399999999999,0.18288,0.254,0.22352,0.1168399999999999,0.14986
0.1727199999999999,0.2413,0.2209799999999999,0.1676399999999999,0.21336,0.1905,0.25654,0.2286,0.11938,0.1523999999999999
0.1727199999999999,0.2463799999999999,0.22606,0.17018,0.2209799999999999,0.19812,0.26416,0.2336799999999999,0.1219199999999999,0.15494
0.1727199999999999,0.24892,0.22606,0.17018,0.2209799999999999,0.19812,0.26416,0.2336799999999999,0.1219199999999999,0.15494
0.1905,0.25908,0.2336799999999999,0.1803399999999999,0.2286,0.21082,0.2794,0.2463799999999999,0.127,0.16002
0.19558,0.26162,0.23622,0.18542,0.2336799999999999,0.21844,0.28956,0.25146,0.127,0.16256
0.2032,0.27686,0.2463799999999999,0.19304,0.24892,0.22606,0.2946399999999999,0.25654,0.13208,0.17018
0.2032,0.2794,0.24892,0.19558,0.25654,0.23622,0.2971799999999999,0.26162,0.13462,0.1727199999999999
0.2032,0.2819399999999999,0.25146,0.19812,0.25654,0.23622,0.29972,0.26416,0.13462,0.1727199999999999
0.2057399999999999,0.2844799999999999,0.25146,0.20066,0.25654,0.23622,0.29972,0.26416,0.13462,0.17526
0.21336,0.2971799999999999,0.26162,0.21082,0.2717799999999999,0.25654,0.3175,0.2794,0.1422399999999999,0.18288
0.21336,0.29972,0.26416,0.21082,0.2717799999999999,0.25654,0.3175,0.2794,0.1422399999999999,0.18288
0.21844,0.29972,0.2667,0.21082,0.2717799999999999,0.25654,0.3175,0.2794,0.1422399999999999,0.18288
0.21844,0.30226,0.26924,0.21336,0.2717799999999999,0.25654,0.3175,0.2794,0.1422399999999999,0.18288
0.2209799999999999,0.30734,0.2717799999999999,0.21844,0.27432,0.25654,0.32512,0.2819399999999999,0.1422399999999999,0.18542
0.22606,0.31242,0.27432,0.2209799999999999,0.2794,0.26416,0.3352799999999999,0.2920999999999999,0.1473199999999999,0.18796
0.22606,0.31242,0.27432,0.2209799999999999,0.2819399999999999,0.2667,0.33782,0.2920999999999999,0.1473199999999999,0.18796
0.2286,0.3175,0.27432,0.22606,0.28702,0.2717799999999999,0.3429,0.2946399999999999,0.14986,0.1905
0.2286,0.3175,0.27432,0.22606,0.28702,0.2717799999999999,0.3429,0.2946399999999999,0.14986,0.1905
0.23622,0.32258,0.2794,0.2311399999999999,0.2920999999999999,0.2794,0.35052,0.30226,0.1523999999999999,0.19304
0.24892,0.3302,0.2819399999999999,0.23876,0.2946399999999999,0.2844799999999999,0.3581399999999999,0.3047999999999999,0.15748,0.19558
0.24892,0.3302,0.2819399999999999,0.23876,0.2971799999999999,0.2844799999999999,0.3581399999999999,0.3047999999999999,0.15748,0.19812
0.24892,0.3302,0.2819399999999999,0.23876,0.29972,0.28702,0.3606799999999999,0.30734,0.15748,0.19812
0.24892,0.3302,0.2819399999999999,0.23876,0.29972,0.28702,0.3606799999999999,0.30734,0.16002,0.19812
0.25146,0.33274,0.2844799999999999,0.2413,0.29972,0.28702,0.36322,0.30734,0.16002,0.19812
0.25146,0.33274,0.2844799999999999,0.2413,0.29972,0.28702,0.36322,0.30734,0.16002,0.19812
0.25146,0.33274,0.2844799999999999,0.2413,0.29972,0.28702,0.36322,0.30734,0.16002,0.19812
0.25654,0.33782,0.28702,0.2463799999999999,0.30734,0.29972,0.36576,0.31242,0.16256,0.20066
0.25654,0.33782,0.28702,0.2463799999999999,0.30734,0.29972,0.36576,0.31242,0.16256,0.20066
0.25908,0.3429,0.2946399999999999,0.2463799999999999,0.30988,0.30226,0.3682999999999999,0.31496,0.1651,0.20066
0.2819399999999999,0.36576,0.30734,0.2667,0.33782,0.3429,0.39624,0.3479799999999999,0.1676399999999999,0.21844
0.30226,0.37846,0.3175,0.2819399999999999,0.3581399999999999,0.381,0.4114799999999999,0.38354,0.1676399999999999,0.2286
0.30226,0.37846,0.3175,0.2819399999999999,0.3606799999999999,0.381,0.4114799999999999,0.38354,0.17526,0.2286
0.30226,0.37846,0.3175,0.2819399999999999,0.3606799999999999,0.381,0.4114799999999999,0.38354,0.17526,0.2286
0.30226,0.37846,0.3175,0.2819399999999999,0.3606799999999999,0.381,0.41402,0.38354,0.17526,0.2286
0.30226,0.381,0.32004,0.2819399999999999,0.3606799999999999,0.381,0.4165599999999999,0.38608,0.17526,0.2286
0.30226,0.381,0.32004,0.2844799999999999,0.3606799999999999,0.381,0.4165599999999999,0.38608,0.17526,0.2286
0.30226,0.381,0.32004,0.2844799999999999,0.3606799999999999,0.381,0.4165599999999999,0.38608,0.17526,0.2286
0.3047999999999999,0.381,0.32004,0.2844799999999999,0.3606799999999999,0.381,0.4165599999999999,0.38608,0.17526,0.2286
0.3047999999999999,0.381,0.32004,0.2844799999999999,0.36322,0.381,0.4165599999999999,0.38608,0.17526,0.2286
0.31242,0.40132,0.33274,0.30226,0.38354,0.39624,0.43688,0.40386,0.1803399999999999,0.2413
0.31242,0.40386,0.3352799999999999,0.30226,0.38354,0.39624,0.43688,0.40386,0.1803399999999999,0.2413
0.31242,0.40386,0.3352799999999999,0.30226,0.38354,0.39624,0.43688,0.40386,0.1803399999999999,0.2413
0.31242,0.40386,0.3352799999999999,0.30226,0.38354,0.39624,0.43688,0.40386,0.1803399999999999,0.2413
0.3175,0.40386,0.33782,0.30226,0.38354,0.39624,0.43942,0.40386,0.1803399999999999,0.2413
0.3175,0.40386,0.33782,0.30226,0.38354,0.39624,0.43942,0.4064,0.1803399999999999,0.2413
0.3175,0.40386,0.33782,0.30226,0.38354,0.39624,0.43942,0.4064,0.1803399999999999,0.2413
0.32004,0.40386,0.33782,0.30226,0.38354,0.39624,0.43942,0.4064,0.1803399999999999,0.2413
0.32004,0.40386,0.33782,0.30226,0.39116,0.3987799999999999,0.4419599999999999,0.4064,0.18288,0.2413
0.32004,0.40386,0.33782,0.30226,0.3937,0.3987799999999999,0.4419599999999999,0.4064,0.18288,0.2413
0.32766,0.40386,0.33782,0.3047999999999999,0.3937,0.3987799999999999,0.4419599999999999,0.4064,0.18288,0.2413
0.32766,0.40894,0.33782,0.3047999999999999,0.3937,0.3987799999999999,0.4419599999999999,0.4064,0.18288,0.2413
0.32766,0.40894,0.33782,0.3047999999999999,0.3937,0.3987799999999999,0.4419599999999999,0.4064,0.18288,0.2413
0.32766,0.40894,0.33782,0.3047999999999999,0.3937,0.3987799999999999,0.4419599999999999,0.4064,0.18288,0.2413
0.33274,0.4165599999999999,0.3479799999999999,0.31242,0.3987799999999999,0.40894,0.45212,0.41402,0.18796,0.2463799999999999
0.33274,0.4165599999999999,0.3479799999999999,0.31242,0.3987799999999999,0.40894,0.45212,0.41402,0.18796,0.2463799999999999
0.33274,0.4191,0.3479799999999999,0.31242,0.3987799999999999,0.40894,0.45212,0.41402,0.18796,0.2463799999999999
0.33274,0.4241799999999999,0.3479799999999999,0.31242,0.3987799999999999,0.40894,0.45212,0.41402,0.18288,0.2463799999999999
0.33274,0.4241799999999999,0.3479799999999999,0.31242,0.3987799999999999,0.40894,0.45212,0.41402,0.1777999999999999,0.2463799999999999
0.33274,0.42672,0.3479799999999999,0.3175,0.3987799999999999,0.40894,0.45212,0.4114799999999999,0.1727199999999999,0.2463799999999999
0.3352799999999999,0.42672,0.35306,0.3175,0.3987799999999999,0.40894,0.45212,0.40132,0.1676399999999999,0.2463799999999999
0.35052,0.4419599999999999,0.36322,0.3352799999999999,0.41402,0.4191,0.47244,0.40894,0.15748,0.24892
0.35052,0.4445,0.36322,0.33782,0.41402,0.4191,0.47752,0.4064,0.15494,0.24892
0.35052,0.44704,0.36322,0.34036,0.41402,0.4191,0.4826,0.4064,0.14986,0.25654
0.35052,0.44704,0.36576,0.34036,0.41402,0.4191,0.4826,0.4064,0.1422399999999999,0.25654
0.3555999999999999,0.44704,0.36576,0.34036,0.41402,0.4191,0.4876799999999999,0.4064,0.13462,0.25654
0.3581399999999999,0.44958,0.3682999999999999,0.3454399999999999,0.4114799999999999,0.41402,0.4952999999999999,0.40386,0.13716,0.25908
0.3581399999999999,0.44958,0.3682999999999999,0.3429,0.3987799999999999,0.40386,0.5054599999999999,0.40132,0.11176,0.25146
0.3555999999999999,0.44958,0.3682999999999999,0.33782,0.381,0.39116,0.5054599999999999,0.3987799999999999,0.09398,0.24892
0.3555999999999999,0.44958,0.3682999999999999,0.33274,0.381,0.38608,0.5054599999999999,0.39116,0.0888999999999999,0.24892
0.3555999999999999,0.44958,0.3682999999999999,0.32512,0.36322,0.37846,0.5054599999999999,0.38608,0.0635,0.2438399999999999
0.36576,0.4572,0.37084,0.3302,0.37084,0.38862,0.51816,0.3987799999999999,0.06604,0.25146
0.36576,0.45974,0.37338,0.3302,0.381,0.39624,0.52832,0.40894,0.06858,0.25654
0.37338,0.4673599999999999,0.37846,0.3302,0.38354,0.40132,0.53594,0.4114799999999999,0.06858,0.25654
0.37338,0.4699,0.381,0.33274,0.38862,0.4064,0.53594,0.4114799999999999,0.05334,0.26162
0.37338,0.47244,0.381,0.33274,0.3987799999999999,0.4064,0.53594,0.4114799999999999,0.04064,0.2667
0.37338,0.47752,0.38608,0.3302,0.40132,0.4064,0.53848,0.4191,0.0304799999999999,0.2667
0.381,0.48514,0.39116,0.33274,0.43688,0.4064,0.5461,0.4317999999999999,0.0304799999999999,0.28702
0.39624,0.5003799999999999,0.40894,0.34036,0.4572,0.4241799999999999,0.5613400000000001,0.45212,0.0355599999999999,0.30226
0.39624,0.51054,0.4191,0.3454399999999999,0.46482,0.43434,0.5715,0.45974,0.03302,0.3047999999999999
0.39624,0.51054,0.4191,0.3454399999999999,0.46482,0.43434,0.57404,0.45974,0.0254,0.3047999999999999
0.40894,0.51562,0.4191,0.3479799999999999,0.4699,0.4445,0.5841999999999999,0.4673599999999999,0.02032,0.3047999999999999
0.4114799999999999,0.52324,0.4241799999999999,0.35306,0.4749799999999999,0.44704,0.58674,0.47244,0.02032,0.31242
0.4165599999999999,0.52832,0.4292599999999999,0.35306,0.47752,0.44958,0.5892799999999999,0.47752,0.0127,0.31496
0.4165599999999999,0.52832,0.4292599999999999,0.35306,0.48514,0.43688,0.5892799999999999,0.47244,0.0076199999999999,0.30734
0.4191,0.5308599999999999,0.43688,0.35306,0.48514,0.43688,0.5943599999999999,0.46482,0.0,0.3047999999999999
0.4191,0.5308599999999999,0.43688,0.35306,0.48514,0.43688,0.5943599999999999,0.4673599999999999,0.0,0.30988
0.4191,0.5334,0.43688,0.35306,0.48514,0.4317999999999999,0.5943599999999999,0.4673599999999999,0.0,0.30988
0.40894,0.53594,0.43942,0.35052,0.48514,0.4241799999999999,0.5943599999999999,0.46482,0.0,0.30734
0.40386,0.53594,0.43942,0.35052,0.48514,0.42164,0.60452,0.45212,0.0,0.3047999999999999
0.40132,0.53594,0.43942,0.3429,0.48514,0.41402,0.6095999999999999,0.43942,0.0,0.29972
0.38608,0.53594,0.4317999999999999,0.32512,0.4800599999999999,0.40894,0.6095999999999999,0.4241799999999999,0.0,0.28956
0.36576,0.52832,0.4241799999999999,0.30988,0.45212,0.3987799999999999,0.6095999999999999,0.4064,0.0,0.27686
0.35052,0.5206999999999999,0.4191,0.29972,0.4292599999999999,0.38608,0.60198,0.39116,0.0,0.25908
0.3352799999999999,0.51816,0.4114799999999999,0.2844799999999999,0.4064,0.3606799999999999,0.59944,0.37338,0.0,0.25146
0.32512,0.52324,0.40894,0.2794,0.4064,0.34036,0.5969,0.3606799999999999,0.0,0.2438399999999999
0.3175,0.52324,0.40894,0.2794,0.4064,0.3429,0.60452,0.3581399999999999,0.0,0.2413
0.3175,0.52324,0.40894,0.2844799999999999,0.4064,0.3429,0.60452,0.3555999999999999,0.0,0.2413
0.30988,0.5334,0.40894,0.2844799999999999,0.4064,0.34036,0.60198,0.35052,0.0,0.23622
0.32766,0.5435599999999999,0.4292599999999999,0.2946399999999999,0.4191,0.35052,0.6095999999999999,0.3682999999999999,0.0076199999999999,0.23622
0.33274,0.55372,0.43434,0.29972,0.42164,0.3606799999999999,0.61722,0.37084,0.00508,0.23622
0.33274,0.55626,0.43688,0.29972,0.4191,0.36576,0.6223,0.37084,0.0,0.23622
0.33274,0.55626,0.43688,0.2971799999999999,0.4165599999999999,0.3581399999999999,0.6223,0.3682999999999999,0.0,0.23622
0.33274,0.55626,0.4317999999999999,0.2920999999999999,0.39624,0.3479799999999999,0.6223,0.3606799999999999,0.0,0.2209799999999999
0.31242,0.55372,0.42164,0.27686,0.37846,0.33274,0.6223,0.3429,0.0,0.2057399999999999
0.2946399999999999,0.55118,0.40894,0.2717799999999999,0.35306,0.31242,0.61722,0.31496,0.0,0.18796
0.2819399999999999,0.53848,0.38862,0.25146,0.33274,0.2819399999999999,0.61214,0.2819399999999999,0.0,0.16256
0.2717799999999999,0.54102,0.38608,0.2463799999999999,0.3454399999999999,0.2717799999999999,0.61468,0.26924,0.0,0.14986
0.25908,0.53594,0.37338,0.2286,0.32766,0.2463799999999999,0.61214,0.24892,0.0,0.13462
0.2286,0.5206999999999999,0.3555999999999999,0.2082799999999999,0.2971799999999999,0.21844,0.5969,0.21082,0.0,0.10922
0.2057399999999999,0.5003799999999999,0.33782,0.18288,0.26924,0.1803399999999999,0.5715,0.16256,0.0,0.07874
0.17526,0.4800599999999999,0.31496,0.16256,0.2438399999999999,0.14478,0.55118,0.12954,0.0,0.04826
0.1523999999999999,0.4622799999999999,0.2946399999999999,0.13462,0.2158999999999999,0.11176,0.5308599999999999,0.09398,0.0,0.02032
0.127,0.43688,0.26924,0.1041399999999999,0.1777999999999999,0.0711199999999999,0.50292,0.0508,0.0,0.0
0.09906,0.4165599999999999,0.24892,0.06604,0.14478,0.0177799999999999,0.44958,0.02286,0.0,0.0
0.06858,0.39624,0.23622,0.0431799999999999,0.1422399999999999,0.0076199999999999,0.44958,0.02032,0.0,0.0
0.0508,0.381,0.2209799999999999,0.02032,0.1168399999999999,0.0,0.43688,0.01016,0.0,0.0
0.0,0.3682999999999999,0.21082,0.0,0.1016,0.0,0.41402,0.0,0.0,0.0
0.0,0.36322,0.19812,0.0,0.07874,0.0,0.3937,0.0,0.0,0.0
0.0,0.3454399999999999,0.17526,0.0,0.04572,0.0,0.37846,0.0,0.0,0.0
0.0,0.33782,0.1473199999999999,0.0,0.02032,0.0,0.3606799999999999,0.0,0.0,0.0
0.0,0.31496,0.13208,0.0,0.0076199999999999,0.0,0.34036,0.0,0.0,0.0
0.0,0.29972,0.10922,0.0,0.0,0.0,0.32512,0.0,0.0,0.0
0.0,0.28702,0.0838199999999999,0.0,0.0,0.0,0.3047999999999999,0.0,0.0,0.0
0.0,0.25654,0.0584199999999999,0.0,0.0,0.0,0.28956,0.0,0.0,0.0
0.0,0.23622,0.0254,0.0,0.0,0.0,0.254,0.0,0.0,0.0
0.0,0.21082,0.01016,0.0,0.0,0.0,0.2286,0.0,0.0,0.0
0.0,0.2032,0.0,0.0,0.0,0.0,0.21844,0.0,0.0,0.0
0.0,0.18542,0.0,0.0,0.0,0.0,0.2057399999999999,0.0,0.0,0.0
0.0,0.1727199999999999,0.0,0.0,0.0,0.0,0.19304,0.0,0.0,0.0
0.0,0.14986,0.0,0.0,0.0,0.0,0.1727199999999999,0.0,0.0,0.0
0.0,0.1168399999999999,0.0,0.0,0.0,0.0,0.14478,0.0,0.0,0.0
0.0,0.0761999999999999,0.0,0.0,0.0,0.0,0.1016,0.0,0.0,0.0
0.0,0.0355599999999999,0.0,0.0,0.0,0.0,0.0736599999999999,0.0,0.0,0.0
0.0,0.0177799999999999,0.0,0.0,0.0,0.0,0.0635,0.0,0.0,0.0
0.0,0.0,0.0,0.0,0.0,0.0,0.0431799999999999,0.0,0.0,0.0
0.0,0.0,0.0,0.0,0.0,0.00254,0.02794,0.0,0.0,0.0
0.0,0.0,0.0,0.0,0.00254,0.0,0.0127,0.0,0.0,0.0
0.0,0.0,0.0,0.0,0.00254,0.0,0.01016,0.0,0.0,0.0
0.0,0.0,0.0,0.0,0.0,0.0,0.0,0.0,0.0,0.0
0.0,0.0,0.0,0.0,0.0,0.0,0.0,0.0,0.0,0.0
0.0,0.0,0.0,0.0,0.0,0.0,0.0,0.0,0.0,0.0
0.0,0.0,0.0,0.0,0.0,0.0,0.0,0.0,0.0,0.0
0.0,0.0,0.0,0.0,0.0,0.0,0.0,0.0,0.0,0.0
0.0,0.0,0.0,0.0,0.0,0.0,0.0,0.0,0.0,0.0
0.0,0.0,0.0,0.0,0.0,0.0,0.0,0.0,0.0,0.0
0.0,0.0,0.0,0.0,0.0,0.0,0.0,0.0,0.0,0.0
0.0,0.0,0.0,0.0,0.0,0.0,0.0,0.0,0.0,0.0
0.0,0.0,0.0,0.0,0.0,0.0,0.0,0.0,0.0,0.0
0.0,0.0,0.0,0.0,0.0,0.0,0.0,0.0,0.0,0.0
0.0,0.0,0.0,0.0,0.0,0.0,0.0,0.0,0.0,0.0
0.0,0.0,0.0,0.0,0.0,0.0,0.0,0.0,0.0,0.0
0.0,0.0177799999999999,0.0127,0.0,0.0,0.00508,0.0,0.0,0.0,0.0
0.0,0.02286,0.01016,0.0,0.0,0.00508,0.00254,0.0,0.0,0.0
0.0,0.0,0.0,0.0,0.0,0.0,0.0,0.0,0.0,0.0
0.0,0.0,0.0,0.0,0.0,0.0,0.0,0.0,0.0,0.0
0.0,0.0,0.0,0.0,0.0,0.0,0.0,0.0,0.0,0.0
0.0,0.0,0.0,0.0,0.0,0.0,0.0,0.0,0.0,0.0
0.0,0.0,0.0,0.0,0.0,0.0,0.0,0.0,0.0,0.0
0.0,0.0,0.0,0.0,0.0,0.0,0.0,0.0,0.0,0.0
0.0,0.0,0.0,0.0,0.0,0.0,0.0,0.0,0.0,0.0
0.0,0.0,0.0,0.0,0.0,0.0,0.0,0.00508,0.0,0.0
0.0,0.0,0.0,0.0,0.0,0.0,0.0,0.0,0.0,0.0
0.0,0.0,0.0,0.0,0.0,0.0,0.0,0.0,0.0,0.0
0.0,0.0,0.0,0.0,0.0,0.0,0.0,0.0,0.0,0.0
0.0,0.0,0.0,0.0,0.0,0.0,0.0,0.0,0.0,0.0
0.0,0.0,0.0,0.0,0.0,0.0,0.0,0.0,0.0,0.0
0.0,0.0,0.0,0.0,0.0,0.0,0.0,0.0,0.0,0.0
0.0,0.0,0.0,0.0,0.0,0.0,0.0,0.0,0.0,0.0
0.0,0.0,0.0,0.0,0.0,0.0,0.0,0.0,0.0,0.0
0.0,0.0,0.0,0.0,0.0,0.0,0.0,0.0,0.0,0.0
0.0,0.0,0.0,0.0,0.0,0.0,0.0,0.0,0.0,0.0
0.0,0.0,0.0,0.0,0.0,0.0,0.0,0.0,0.0,0.0
0.0,0.0,0.0,0.0,0.0,0.0,0.0,0.0,0.0,0.0
0.0,0.0,0.0,0.0,0.0,0.0,0.0,0.0,0.0,0.0
0.0,0.0,0.0,0.0,0.0,0.0,0.0,0.0,0.0,0.0
0.0,0.0,0.0,0.0,0.0,0.0,0.0,0.0,0.0,0.0
0.0,0.0,0.0,0.0,0.0,0.0,0.0,0.0,0.0,0.0
0.0,0.0,0.0,0.0,0.0,0.0,0.0,0.0,0.0,0.0
0.0,0.0,0.0,0.0,0.0,0.0,0.0,0.0,0.0,0.0
0.0,0.0,0.0,0.0,0.0,0.0,0.0,0.0,0.0,0.0
0.0,0.0,0.0,0.0,0.0,0.0,0.0,0.0,0.0,0.0
0.0,0.0,0.0,0.0,0.0,0.0,0.0,0.0,0.0,0.0
0.0,0.0,0.0,0.0,0.0,0.0,0.0,0.0,0.0,0.0
0.0,0.0,0.0,0.0,0.0,0.0,0.0,0.0,0.0,0.0
0.0,0.0,0.0,0.0,0.0,0.0,0.0,0.0,0.0,0.0
0.0,0.0,0.0,0.0,0.0,0.0,0.0,0.0,0.0,0.0
0.0,0.0,0.0,0.0,0.0,0.0,0.0,0.0,0.0,0.0
0.0,0.0,0.0,0.0,0.0,0.0,0.0,0.0,0.0,0.0
0.0,0.0,0.0,0.0,0.0,0.0,0.0,0.0,0.0,0.0
0.0,0.0,0.0,0.0,0.0,0.0,0.0,0.0,0.0,0.0
0.0,0.0,0.0,0.0,0.0,0.0,0.0,0.0,0.0,0.0
0.0,0.0,0.0,0.0,0.0,0.0,0.0,0.0,0.0,0.0
0.0,0.0,0.0,0.0,0.0,0.0,0.0,0.0,0.0,0.0
0.0,0.0,0.0,0.0,0.0,0.0,0.0,0.0,0.0,0.0
0.0,0.0,0.0,0.0,0.0,0.0,0.0,0.0,0.0,0.0
0.0,0.0,0.0,0.0,0.0,0.0,0.0,0.0,0.0,0.0
0.0,0.0,0.0,0.0,0.0,0.0,0.0,0.0,0.0,0.0
0.0,0.0,0.0,0.0,0.0,0.0,0.0,0.0,0.0,0.0
0.0,0.0,0.0,0.0,0.0,0.0,0.0,0.0,0.0,0.0
0.0,0.0,0.0,0.0,0.0,0.0,0.0,0.0,0.0,0.0
0.0,0.0,0.0,0.0,0.0,0.0,0.0,0.0,0.0,0.0
0.0,0.0,0.0,0.0,0.0,0.0,0.0,0.0,0.0,0.0
0.0,0.0,0.0,0.0,0.0,0.0,0.0,0.0,0.0,0.0
0.0,0.0,0.0,0.0,0.0,0.0,0.0,0.0,0.0,0.0
0.0,0.0,0.0,0.0,0.0,0.0,0.0,0.0,0.0,0.0
0.0,0.0,0.0,0.0,0.0,0.0,0.0,0.0,0.0,0.0
0.0,0.0,0.0,0.0,0.0,0.0,0.0,0.0,0.0,0.0
0.0,0.0,0.0,0.0,0.0,0.0,0.0,0.0,0.0,0.0
0.0,0.0,0.0,0.0,0.0,0.0,0.0,0.0,0.0,0.0
0.0,0.0,0.0,0.0,0.0,0.0,0.0,0.0,0.0,0.0
0.0,0.0,0.0,0.0,0.0,0.0,0.0,0.0,0.0,0.0
0.0,0.0,0.0,0.0,0.0,0.0,0.0,0.0,0.0,0.0
0.0,0.0,0.0,0.0,0.0,0.0,0.0,0.0,0.0,0.0
0.0,0.0,0.0,0.0,0.0,0.0,0.0,0.0,0.0,0.0
0.0,0.0,0.0,0.0,0.0,0.0,0.0,0.0,0.0,0.0
0.0,0.0,0.0,0.0,0.0,0.0,0.0,0.0,0.0,0.0
0.0,0.0,0.0,0.0,0.0,0.0,0.0,0.0,0.0,0.0
0.0,0.0,0.0,0.0,0.0,0.0,0.0,0.0,0.0,0.0
0.0,0.0,0.0,0.0,0.0,0.0,0.0,0.0,0.0,0.0
0.0,0.0,0.0,0.0,0.0,0.0,0.0,0.0,0.0,0.0
0.0,0.0,0.0,0.0,0.0,0.0,0.0,0.0,0.0,0.0
0.0,0.0,0.0,0.0,0.0,0.0,0.0,0.0,0.0,0.0
0.0,0.0,0.0,0.0,0.0,0.0,0.0,0.0,0.0,0.0
0.0,0.0,0.0,0.0,0.0,0.0,0.0,0.0,0.0,0.0
0.0,0.0,0.0,0.0,0.0,0.0,0.0,0.0,0.0,0.0
0.0,0.0,0.0,0.0,0.0,0.0,0.0,0.0,0.0,0.0
0.0,0.0,0.0,0.0,0.0,0.0,0.0,0.0,0.0,0.0
0.0,0.0,0.0,0.0,0.0,0.0,0.0,0.0,0.0,0.0
0.0,0.0,0.0,0.0,0.0,0.0,0.0,0.0,0.0,0.0
0.0,0.0,0.0,0.0,0.0,0.0,0.0,0.0,0.0,0.0
0.0,0.0,0.0,0.0,0.0,0.0,0.0,0.0,0.0,0.0
0.0,0.0,0.0,0.0,0.0,0.0,0.0,0.0,0.0,0.0
0.0,0.0,0.0,0.0,0.0,0.0,0.0,0.0,0.0,0.0
0.0,0.0,0.0,0.0,0.0,0.0,0.0,0.0,0.0,0.0
0.0,0.0,0.0,0.0,0.0,0.0,0.0,0.0,0.0,0.0
0.0,0.0,0.0,0.0,0.0,0.0,0.0,0.0,0.0,0.0
0.0,0.0,0.0,0.0,0.0,0.0,0.0,0.0,0.0,0.0
0.0,0.0,0.0,0.0,0.0,0.0,0.0,0.0,0.0,0.0
0.0,0.0,0.0,0.0,0.0,0.0,0.0,0.0,0.0,0.0
0.0,0.0,0.0,0.0,0.0,0.0,0.0,0.0,0.0,0.0
0.0,0.0,0.0,0.0,0.0,0.0,0.0,0.0,0.0,0.0
0.0,0.0,0.0,0.0,0.0,0.0,0.0,0.0,0.0,0.0
0.0,0.0,0.0,0.0,0.0,0.0,0.0,0.0,0.0,0.0
0.0,0.0,0.0,0.0,0.0,0.0,0.0,0.0,0.0,0.0
0.0,0.0,0.0,0.0,0.0,0.0,0.00254,0.00254,0.0,0.0
0.0,0.0,0.0,0.0,0.0,0.0,0.0,0.0,0.0,0.0
0.0,0.0,0.0,0.0,0.0,0.0,0.0,0.0,0.0,0.0
0.0,0.0,0.0,0.0,0.0,0.0,0.0,0.0,0.0,0.0
0.0,0.0,0.0,0.0,0.0,0.0,0.0,0.0,0.0,0.0
0.0,0.0,0.0,0.0,0.0,0.0,0.0,0.0,0.0,0.0
0.0,0.0,0.0,0.0,0.0,0.0,0.0,0.0,0.0,0.0
0.0,0.0,0.0,0.0,0.0,0.0,0.0,0.0,0.0,0.0
0.0,0.0,0.0,0.0,0.0,0.0,0.0,0.0,0.0,0.0
0.0,0.0,0.0,0.0,0.0,0.0,0.0,0.0,0.0,0.0
0.0,0.0,0.0,0.0,0.0,0.0,0.0,0.0,0.0,0.0
0.0,0.0,0.0,0.0,0.0,0.0,0.0,0.0,0.0,0.0
0.0,0.0,0.0,0.0,0.0,0.0,0.0,0.0,0.0,0.0
0.0,0.0,0.0,0.0,0.0,0.0,0.0,0.0,0.0,0.0
0.0,0.0,0.0,0.0,0.0,0.0,0.0,0.0,0.0,0.0
0.0,0.0,0.0,0.0,0.0,0.0,0.0,0.0,0.0,0.0
0.0,0.0,0.0,0.0,0.0,0.0,0.0,0.0,0.0,0.0
0.0,0.0,0.0,0.0,0.0,0.0,0.0,0.0,0.0,0.0
0.0,0.0,0.0,0.0,0.0,0.0,0.0,0.0,0.0,0.0
0.0,0.0,0.0,0.0,0.0,0.0,0.0,0.0,0.0,0.0
0.0,0.0,0.0,0.0,0.0,0.0,0.0,0.0,0.0,0.0
0.0,0.0,0.0,0.0,0.0,0.0,0.0,0.0,0.0,0.0
0.0,0.0,0.0,0.0,0.0,0.0,0.0,0.0,0.0,0.0
0.0,0.0,0.0,0.0,0.0,0.0,0.0,0.0,0.0,0.0
0.0,0.0,0.0,0.0,0.0,0.0,0.0,0.0,0.0,0.0
0.0,0.0,0.0,0.0,0.0,0.0,0.0,0.0,0.0,0.0
0.0,0.0,0.0,0.0,0.0,0.0,0.0,0.0,0.0,0.0
0.0,0.0,0.0,0.0,0.0,0.0,0.0,0.0,0.0,0.0
0.0,0.0,0.0,0.0,0.0,0.0,0.0,0.0,0.0,0.0
0.0,0.0,0.0,0.0,0.0,0.0,0.0,0.0,0.0,0.0
0.0,0.0,0.0,0.0,0.0,0.0,0.0,0.0,0.0,0.0
0.0,0.0,0.0,0.0,0.0,0.0,0.0,0.0,0.0,0.0
0.0,0.0,0.0,0.0,0.0,0.0,0.0,0.0,0.0,0.0
0.0,0.0,0.0,0.0,0.0,0.0,0.00254,0.0,0.0,0.0
0.0,0.0,0.0,0.0,0.0,0.0,0.0,0.0,0.0,0.0
0.0,0.0,0.0,0.0,0.0,0.0,0.0,0.0,0.0,0.0
0.0,0.0,0.0,0.0,0.0,0.0,0.0,0.0,0.0,0.0
0.0,0.0,0.0,0.0,0.0,0.0,0.0,0.0,0.0,0.0
0.0,0.0,0.0,0.0,0.0,0.0,0.0,0.0,0.0,0.0
0.0,0.0,0.0,0.0,0.0,0.0,0.0,0.0,0.0,0.0
0.0,0.0,0.0,0.0,0.0,0.0,0.0,0.0,0.0,0.0
0.0,0.0,0.0,0.0,0.0,0.0,0.0,0.0,0.0,0.0
0.0,0.0,0.0,0.0,0.0,0.0,0.0,0.0,0.0,0.0
0.0,0.0,0.0,0.0,0.0,0.0,0.0,0.0,0.0,0.0
0.0,0.0,0.0,0.0,0.0,0.0,0.0,0.0,0.0,0.0
0.0,0.0,0.0,0.0,0.0,0.0,0.0,0.0,0.0,0.0
0.0,0.0,0.0,0.0,0.00508,0.0,0.0,0.0,0.00508,0.00508
0.0,0.00508,0.0,0.0,0.00508,0.00508,0.0076199999999999,0.0076199999999999,0.00508,0.00508
0.0,0.01016,0.0,0.0,0.0076199999999999,0.00508,0.0076199999999999,0.0076199999999999,0.00508,0.00508
0.0,0.00508,0.0,0.0,0.00508,0.00508,0.0076199999999999,0.0076199999999999,0.00508,0.00508
0.0,0.0,0.0,0.0,0.00508,0.0,0.0,0.0,0.00508,0.00508
0.0,0.0,0.0,0.0,0.0,0.0,0.0,0.0,0.00508,0.00508
0.0,0.0,0.0,0.0,0.0,0.0,0.0,0.0,0.00508,0.00508
0.0,0.0,0.0,0.0,0.0,0.0,0.0,0.0,0.00508,0.0
0.0,0.0,0.0,0.0,0.0,0.0,0.0,0.0,0.00508,0.0
0.0,0.0,0.0,0.0,0.0,0.0,0.0,0.0,0.00508,0.0
0.0,0.0,0.0,0.0,0.0,0.0,0.0,0.0,0.00508,0.0
0.0,0.0,0.0,0.0,0.0,0.0,0.0,0.0,0.00508,0.0
0.0,0.0,0.0,0.0,0.0,0.0,0.0,0.0,0.00508,0.0
0.0,0.0,0.0,0.00254,0.0,0.0,0.0,0.0,0.00508,0.0
0.0076199999999999,0.00508,0.0,0.00508,0.0127,0.00508,0.00508,0.00508,0.00508,0.01016
0.0127,0.01016,0.00254,0.0076199999999999,0.0177799999999999,0.0152399999999999,0.02286,0.0254,0.01016,0.0127
0.0127,0.0177799999999999,0.00254,0.0076199999999999,0.0177799999999999,0.0177799999999999,0.02794,0.0304799999999999,0.0127,0.0127
0.0127,0.0177799999999999,0.00508,0.0076199999999999,0.02032,0.0177799999999999,0.0304799999999999,0.03302,0.0127,0.0152399999999999
0.02286,0.03302,0.0177799999999999,0.0127,0.0355599999999999,0.0304799999999999,0.04064,0.04064,0.0177799999999999,0.02286
0.02794,0.0380999999999999,0.0304799999999999,0.0127,0.0380999999999999,0.0304799999999999,0.04064,0.04064,0.0177799999999999,0.0254
0.0431799999999999,0.0609599999999999,0.05334,0.03302,0.0635,0.05588,0.0508,0.0761999999999999,0.0431799999999999,0.04826
0.0508,0.0711199999999999,0.0635,0.0380999999999999,0.0635,0.0635,0.05588,0.0838199999999999,0.0431799999999999,0.0508
0.0508,0.0761999999999999,0.06604,0.0380999999999999,0.0635,0.0635,0.0584199999999999,0.0838199999999999,0.04572,0.05334
0.0508,0.0761999999999999,0.06604,0.0380999999999999,0.0635,0.0635,0.0584199999999999,0.0838199999999999,0.04572,0.0508
0.0584199999999999,0.0761999999999999,0.06604,0.0380999999999999,0.0635,0.0635,0.0584199999999999,0.08128,0.0431799999999999,0.0508
0.0584199999999999,0.0761999999999999,0.0635,0.0380999999999999,0.0635,0.0584199999999999,0.05588,0.0609599999999999,0.0355599999999999,0.04826
0.0584199999999999,0.0761999999999999,0.0635,0.0380999999999999,0.0635,0.05334,0.04826,0.0609599999999999,0.02794,0.04572
0.0584199999999999,0.0761999999999999,0.0635,0.0380999999999999,0.0635,0.05334,0.04826,0.0609599999999999,0.0254,0.0431799999999999
0.0584199999999999,0.0761999999999999,0.0635,0.0380999999999999,0.0635,0.05334,0.04826,0.0609599999999999,0.02286,0.0431799999999999
0.0584199999999999,0.0761999999999999,0.0635,0.0380999999999999,0.0635,0.05334,0.04826,0.0609599999999999,0.02032,0.0431799999999999
0.0584199999999999,0.0761999999999999,0.0635,0.0380999999999999,0.0635,0.05334,0.04826,0.0609599999999999,0.0152399999999999,0.0431799999999999
0.0584199999999999,0.0761999999999999,0.0635,0.0380999999999999,0.0635,0.05334,0.04826,0.0584199999999999,0.00254,0.0431799999999999
0.0584199999999999,0.07874,0.0635,0.0380999999999999,0.06604,0.05588,0.05334,0.0609599999999999,0.00254,0.04572
0.0584199999999999,0.07874,0.0635,0.0380999999999999,0.06604,0.05588,0.05334,0.0609599999999999,0.0,0.04572
0.0584199999999999,0.07874,0.06604,0.0380999999999999,0.06604,0.05588,0.05334,0.0609599999999999,0.0,0.04572
0.0584199999999999,0.07874,0.06604,0.0380999999999999,0.06604,0.05588,0.05334,0.0609599999999999,0.0,0.04572
0.0584199999999999,0.07874,0.06604,0.0380999999999999,0.06604,0.05588,0.05334,0.0609599999999999,0.0,0.04572
0.0584199999999999,0.07874,0.06604,0.0380999999999999,0.06604,0.05588,0.0609599999999999,0.0635,0.0,0.04572
0.0584199999999999,0.07874,0.06604,0.0380999999999999,0.06604,0.05588,0.0609599999999999,0.0635,0.0,0.04572
0.0584199999999999,0.07874,0.06604,0.0380999999999999,0.06604,0.05588,0.0609599999999999,0.0635,0.0,0.04572
0.0584199999999999,0.08128,0.06604,0.0380999999999999,0.06604,0.05588,0.0609599999999999,0.0635,0.0,0.04572
0.0584199999999999,0.08128,0.06858,0.0380999999999999,0.06604,0.05588,0.0609599999999999,0.0635,0.0,0.04572
0.0584199999999999,0.08128,0.06858,0.0380999999999999,0.06604,0.05588,0.0609599999999999,0.0635,0.0,0.04572
0.0584199999999999,0.08128,0.06858,0.0380999999999999,0.06604,0.05588,0.0609599999999999,0.0635,0.0,0.04572
0.0584199999999999,0.08128,0.06858,0.0380999999999999,0.06604,0.05588,0.0609599999999999,0.0635,0.0,0.04572
0.0584199999999999,0.08128,0.06858,0.0380999999999999,0.06604,0.05588,0.0609599999999999,0.0635,0.0,0.04572
0.0584199999999999,0.08128,0.06858,0.0380999999999999,0.06604,0.05588,0.0609599999999999,0.0635,0.0,0.04572
0.0584199999999999,0.08128,0.06858,0.0380999999999999,0.06604,0.05588,0.0609599999999999,0.0635,0.0,0.04572
0.0584199999999999,0.08128,0.06858,0.0380999999999999,0.06604,0.05588,0.0635,0.0635,0.0,0.04572
0.06604,0.0838199999999999,0.0711199999999999,0.04064,0.06604,0.0635,0.07874,0.0635,0.0,0.04572
0.0736599999999999,0.09398,0.07874,0.0431799999999999,0.06858,0.0635,0.07874,0.0736599999999999,0.01016,0.05334
0.0761999999999999,0.1016,0.0838199999999999,0.04572,0.06858,0.06858,0.08128,0.0761999999999999,0.01016,0.05334
0.0761999999999999,0.1041399999999999,0.0863599999999999,0.04572,0.0711199999999999,0.0711199999999999,0.0838199999999999,0.0761999999999999,0.0152399999999999,0.05588
0.08128,0.1041399999999999,0.0863599999999999,0.04572,0.0711199999999999,0.0711199999999999,0.0838199999999999,0.0761999999999999,0.0152399999999999,0.05588
0.0838199999999999,0.11176,0.09144,0.04826,0.0838199999999999,0.0863599999999999,0.1041399999999999,0.09144,0.02286,0.06604
0.0838199999999999,0.11176,0.09144,0.04826,0.0838199999999999,0.0863599999999999,0.1041399999999999,0.09144,0.02286,0.06604
0.0838199999999999,0.11176,0.09144,0.04826,0.0838199999999999,0.0863599999999999,0.1041399999999999,0.09144,0.02286,0.06604
0.0838199999999999,0.1168399999999999,0.09398,0.0508,0.0838199999999999,0.09144,0.10668,0.09144,0.02286,0.06604
0.0838199999999999,0.1168399999999999,0.09398,0.05334,0.0838199999999999,0.09144,0.10668,0.09144,0.02286,0.06604
0.0838199999999999,0.1219199999999999,0.09652,0.05334,0.09398,0.09652,0.11176,0.1041399999999999,0.02286,0.06858
0.0838199999999999,0.1219199999999999,0.09652,0.05334,0.09398,0.09652,0.11176,0.1041399999999999,0.02286,0.06858
0.0838199999999999,0.12446,0.09906,0.05334,0.09398,0.09652,0.11176,0.1041399999999999,0.02286,0.06858
0.0838199999999999,0.127,0.09906,0.05588,0.09398,0.09652,0.11176,0.10922,0.02286,0.0711199999999999
0.0888999999999999,0.12954,0.1016,0.0584199999999999,0.09906,0.1016,0.1143,0.10922,0.0254,0.0761999999999999
0.0888999999999999,0.12954,0.1016,0.0584199999999999,0.09906,0.1016,0.1143,0.10922,0.0254,0.0761999999999999
0.0888999999999999,0.13462,0.10668,0.0584199999999999,0.09906,0.1041399999999999,0.11938,0.10922,0.0254,0.0761999999999999
0.0888999999999999,0.13462,0.10668,0.0584199999999999,0.09906,0.1041399999999999,0.11938,0.10922,0.0254,0.0761999999999999
0.09144,0.13716,0.10922,0.0584199999999999,0.09906,0.1041399999999999,0.11938,0.11176,0.0254,0.0761999999999999
0.09144,0.1422399999999999,0.10922,0.0609599999999999,0.09906,0.10668,0.1219199999999999,0.11176,0.0254,0.0761999999999999
0.09144,0.1422399999999999,0.10922,0.0609599999999999,0.09906,0.10668,0.1219199999999999,0.11176,0.0254,0.0761999999999999
0.09144,0.1422399999999999,0.1143,0.0609599999999999,0.09906,0.10668,0.1219199999999999,0.11176,0.0254,0.0761999999999999
0.09144,0.1422399999999999,0.1143,0.0609599999999999,0.1041399999999999,0.11176,0.12446,0.1219199999999999,0.02794,0.07874
0.09652,0.1473199999999999,0.11938,0.0609599999999999,0.10668,0.1143,0.127,0.12446,0.02794,0.08128
0.1041399999999999,0.15494,0.11938,0.0635,0.1219199999999999,0.12446,0.13716,0.13208,0.02794,0.0863599999999999
0.1041399999999999,0.16256,0.11938,0.0635,0.1219199999999999,0.12446,0.13716,0.13208,0.02794,0.0863599999999999
0.1041399999999999,0.16256,0.11938,0.0635,0.1219199999999999,0.12446,0.13716,0.13208,0.02794,0.0863599999999999
0.1041399999999999,0.16256,0.11938,0.0635,0.1219199999999999,0.12446,0.13716,0.13208,0.02794,0.0863599999999999
0.1041399999999999,0.16256,0.11938,0.0635,0.1219199999999999,0.12446,0.13716,0.13208,0.02794,0.0863599999999999
0.1041399999999999,0.16256,0.11938,0.0635,0.1219199999999999,0.12446,0.13716,0.13208,0.02794,0.0863599999999999
0.1041399999999999,0.16256,0.12954,0.0635,0.1219199999999999,0.12446,0.13716,0.13208,0.02794,0.0863599999999999
0.1041399999999999,0.16256,0.12954,0.06604,0.1219199999999999,0.127,0.1397,0.13208,0.02794,0.0863599999999999
0.1041399999999999,0.16256,0.12954,0.06604,0.1219199999999999,0.127,0.1397,0.13208,0.02794,0.0863599999999999
0.1041399999999999,0.16256,0.12954,0.06604,0.1219199999999999,0.127,0.1397,0.13208,0.02794,0.0863599999999999
0.1041399999999999,0.16256,0.13208,0.06604,0.1219199999999999,0.127,0.1422399999999999,0.13462,0.02794,0.0863599999999999
0.1041399999999999,0.16256,0.13208,0.06604,0.1219199999999999,0.127,0.1422399999999999,0.13462,0.02794,0.0863599999999999
0.1041399999999999,0.16256,0.13208,0.06604,0.1219199999999999,0.127,0.1422399999999999,0.13462,0.02794,0.0863599999999999
0.1041399999999999,0.16256,0.13208,0.06604,0.1219199999999999,0.12954,0.14478,0.13462,0.02794,0.0863599999999999
0.1041399999999999,0.16256,0.13208,0.06604,0.1219199999999999,0.12954,0.14478,0.13462,0.02794,0.0863599999999999
0.1041399999999999,0.16256,0.13208,0.06604,0.1219199999999999,0.12954,0.1473199999999999,0.13462,0.02794,0.0863599999999999
0.1041399999999999,0.16256,0.13208,0.06604,0.1219199999999999,0.12954,0.1473199999999999,0.13462,0.02794,0.0863599999999999
0.11176,0.17018,0.13462,0.0736599999999999,0.127,0.1397,0.1727199999999999,0.14986,0.0355599999999999,0.1041399999999999
0.1219199999999999,0.1777999999999999,0.13716,0.07874,0.13716,0.15494,0.1777999999999999,0.16256,0.04064,0.1143
0.1219199999999999,0.1777999999999999,0.13716,0.07874,0.13716,0.15748,0.1803399999999999,0.16256,0.04064,0.1143
0.1219199999999999,0.1777999999999999,0.13716,0.07874,0.13716,0.15748,0.1803399999999999,0.16256,0.04064,0.1143
0.1219199999999999,0.1777999999999999,0.13716,0.07874,0.13716,0.15748,0.18288,0.1651,0.04064,0.1168399999999999
0.1219199999999999,0.1803399999999999,0.1397,0.07874,0.1422399999999999,0.16256,0.1905,0.1676399999999999,0.04064,0.11938
0.1219199999999999,0.18796,0.1422399999999999,0.0863599999999999,0.1523999999999999,0.1676399999999999,0.2032,0.17018,0.05588,0.1397
0.13462,0.19558,0.1473199999999999,0.09398,0.16002,0.18796,0.2209799999999999,0.19304,0.0609599999999999,0.14478
0.13462,0.19558,0.1473199999999999,0.09398,0.16002,0.18796,0.2209799999999999,0.19304,0.0609599999999999,0.14478
0.13462,0.19558,0.1473199999999999,0.09398,0.16002,0.18796,0.2209799999999999,0.19304,0.0609599999999999,0.14478
0.13462,0.19558,0.14986,0.09652,0.16002,0.18796,0.2209799999999999,0.19304,0.0609599999999999,0.14478
0.13462,0.20066,0.14986,0.09652,0.1651,0.18796,0.2209799999999999,0.19304,0.0635,0.14478
0.1422399999999999,0.2057399999999999,0.16002,0.09906,0.17526,0.2032,0.22352,0.2032,0.0711199999999999,0.1523999999999999
0.1422399999999999,0.2082799999999999,0.16256,0.1016,0.1777999999999999,0.2057399999999999,0.22606,0.2032,0.0711199999999999,0.15494
0.1523999999999999,0.2158999999999999,0.17018,0.10922,0.19812,0.22352,0.23622,0.2158999999999999,0.07874,0.16256
0.1523999999999999,0.2158999999999999,0.17018,0.10922,0.19812,0.22352,0.23622,0.2158999999999999,0.07874,0.16256
0.14986,0.2158999999999999,0.17018,0.10922,0.19812,0.22352,0.23622,0.2158999999999999,0.07874,0.16256
0.14478,0.2158999999999999,0.17018,0.10922,0.19812,0.22352,0.23622,0.2158999999999999,0.07874,0.16256
0.14478,0.2158999999999999,0.17018,0.10922,0.19812,0.22352,0.23622,0.2158999999999999,0.07874,0.16256
0.14478,0.2158999999999999,0.17018,0.10922,0.19812,0.22352,0.23622,0.2158999999999999,0.07874,0.16256
0.14478,0.21844,0.1727199999999999,0.11176,0.21082,0.22606,0.23876,0.21844,0.07874,0.16256
0.1523999999999999,0.22606,0.17526,0.1143,0.2209799999999999,0.23876,0.24892,0.2438399999999999,0.0838199999999999,0.17018
0.1651,0.2438399999999999,0.18796,0.127,0.2311399999999999,0.254,0.25908,0.25908,0.0888999999999999,0.17526
0.1651,0.2438399999999999,0.18796,0.127,0.2336799999999999,0.254,0.25908,0.25908,0.09398,0.17526
0.17526,0.26924,0.21082,0.1422399999999999,0.2463799999999999,0.2667,0.27432,0.27686,0.09652,0.18288
0.19558,0.27432,0.2158999999999999,0.14986,0.27432,0.28956,0.2946399999999999,0.29972,0.1016,0.18542
0.19558,0.2794,0.2158999999999999,0.14986,0.27686,0.2946399999999999,0.2971799999999999,0.30734,0.1016,0.18542
0.19558,0.2794,0.2158999999999999,0.14986,0.27686,0.29972,0.29972,0.30734,0.1016,0.18796
0.19558,0.2844799999999999,0.2209799999999999,0.15494,0.2819399999999999,0.30226,0.3047999999999999,0.30988,0.1041399999999999,0.19304
0.19812,0.28956,0.22352,0.15748,0.2971799999999999,0.30226,0.30734,0.31496,0.1168399999999999,0.20066
0.19812,0.28956,0.22352,0.15748,0.2971799999999999,0.30226,0.30734,0.31496,0.1168399999999999,0.20066
0.19812,0.28956,0.22352,0.15748,0.2971799999999999,0.30226,0.30734,0.31496,0.1168399999999999,0.20066
0.19558,0.28956,0.22352,0.15748,0.2971799999999999,0.30226,0.30734,0.31496,0.1168399999999999,0.20066
0.19558,0.28956,0.22606,0.15748,0.2971799999999999,0.30226,0.30988,0.3175,0.1168399999999999,0.20066
0.19558,0.28956,0.2286,0.15748,0.2971799999999999,0.30226,0.30988,0.3175,0.1168399999999999,0.20066
0.19812,0.29972,0.23876,0.1651,0.32004,0.30988,0.31496,0.32766,0.12446,0.2057399999999999
0.19812,0.3047999999999999,0.23876,0.1651,0.32512,0.32004,0.32004,0.3454399999999999,0.12446,0.2082799999999999
0.19812,0.3047999999999999,0.23876,0.1651,0.32512,0.32004,0.32004,0.3454399999999999,0.12446,0.2082799999999999
0.19812,0.30734,0.2413,0.17018,0.32512,0.32004,0.32258,0.35052,0.12446,0.2082799999999999
0.2032,0.30734,0.2413,0.17526,0.32512,0.32004,0.32258,0.35052,0.12446,0.2082799999999999
0.2032,0.30734,0.2413,0.17526,0.32512,0.32004,0.32258,0.35052,0.11938,0.2082799999999999
0.2032,0.30734,0.2413,0.17526,0.32512,0.32004,0.32258,0.35052,0.11938,0.2082799999999999
0.2032,0.30734,0.2413,0.17526,0.32512,0.32258,0.32512,0.35052,0.11938,0.2082799999999999
0.2032,0.30734,0.2413,0.17526,0.32512,0.32258,0.32512,0.35052,0.10922,0.2082799999999999
0.2032,0.30734,0.2413,0.17526,0.3175,0.3175,0.32512,0.35052,0.1016,0.2082799999999999
0.2032,0.31242,0.2438399999999999,0.17526,0.30988,0.30734,0.32512,0.35052,0.07874,0.2082799999999999
0.2032,0.31242,0.25146,0.1777999999999999,0.30988,0.31242,0.32766,0.35306,0.0761999999999999,0.21082
0.2057399999999999,0.31496,0.254,0.1803399999999999,0.30988,0.3175,0.33274,0.3555999999999999,0.0761999999999999,0.21082
0.21336,0.32004,0.25908,0.18796,0.30988,0.32766,0.34036,0.3606799999999999,0.0761999999999999,0.21082
0.21336,0.3302,0.26162,0.19558,0.30988,0.3302,0.3454399999999999,0.3606799999999999,0.0736599999999999,0.21082
0.2209799999999999,0.34036,0.26924,0.2032,0.3175,0.3302,0.3479799999999999,0.36322,0.0736599999999999,0.2158999999999999
0.2209799999999999,0.35306,0.2844799999999999,0.2032,0.32258,0.3302,0.35052,0.36322,0.06604,0.2158999999999999
0.2209799999999999,0.36576,0.28702,0.2082799999999999,0.32258,0.3302,0.3581399999999999,0.36322,0.04572,0.2158999999999999
0.2209799999999999,0.36576,0.28956,0.2082799999999999,0.32258,0.33782,0.36322,0.36576,0.0355599999999999,0.2158999999999999
0.2209799999999999,0.36576,0.28956,0.2082799999999999,0.31242,0.34036,0.36322,0.36576,0.0254,0.2158999999999999
0.2209799999999999,0.3682999999999999,0.28956,0.2082799999999999,0.30734,0.3352799999999999,0.36576,0.3581399999999999,0.0,0.21336
0.2209799999999999,0.37338,0.28956,0.21082,0.28702,0.32766,0.36576,0.35052,0.0,0.2032
0.2286,0.3937,0.32004,0.2209799999999999,0.3047999999999999,0.35306,0.39116,0.36322,0.0,0.21844
0.2336799999999999,0.3987799999999999,0.32258,0.2209799999999999,0.3047999999999999,0.3682999999999999,0.3987799999999999,0.37084,0.0,0.21844
0.2336799999999999,0.40132,0.32512,0.2209799999999999,0.31242,0.3682999999999999,0.3987799999999999,0.37338,0.0,0.21844
0.2336799999999999,0.40132,0.32512,0.2209799999999999,0.32004,0.3682999999999999,0.40132,0.37338,0.0,0.21844
0.2336799999999999,0.40132,0.32512,0.2209799999999999,0.32512,0.3682999999999999,0.40132,0.37338,0.0,0.21844
0.23622,0.4064,0.32766,0.2209799999999999,0.32512,0.37592,0.4064,0.37846,0.0,0.21844
0.23622,0.40894,0.3302,0.22352,0.32512,0.381,0.41402,0.37846,0.0,0.21844
0.23622,0.40894,0.3302,0.22352,0.32512,0.381,0.41402,0.37846,0.0,0.2209799999999999
0.23622,0.40894,0.3302,0.22352,0.32512,0.381,0.41402,0.37846,0.0,0.2209799999999999
0.23622,0.40894,0.3302,0.22352,0.32512,0.381,0.41402,0.37846,0.0,0.2209799999999999
0.2286,0.40894,0.3302,0.22352,0.32512,0.381,0.41402,0.37846,0.0,0.2209799999999999
0.2209799999999999,0.40894,0.3302,0.22352,0.32512,0.37592,0.41402,0.37846,0.0,0.2209799999999999
0.21844,0.40386,0.3302,0.2209799999999999,0.32512,0.37084,0.41402,0.37846,0.0,0.2209799999999999
0.2057399999999999,0.40132,0.32766,0.2158999999999999,0.30734,0.3555999999999999,0.41402,0.37084,0.0,0.2057399999999999
0.1905,0.39116,0.3175,0.2057399999999999,0.27686,0.3302,0.4114799999999999,0.3454399999999999,0.0,0.1905
0.17526,0.381,0.30734,0.18796,0.25908,0.30988,0.40386,0.32004,0.0,0.17526
0.1651,0.37084,0.30734,0.18288,0.2438399999999999,0.28956,0.3987799999999999,0.30226,0.0,0.1676399999999999
0.17526,0.37846,0.32004,0.18542,0.26162,0.3047999999999999,0.4165599999999999,0.32004,0.0,0.17526
0.1727199999999999,0.381,0.32512,0.18542,0.26162,0.30226,0.4165599999999999,0.32004,0.0,0.17526
0.1651,0.38608,0.32512,0.1803399999999999,0.2667,0.29972,0.4114799999999999,0.31242,0.0,0.17018
0.16002,0.38608,0.32512,0.17018,0.254,0.28956,0.4064,0.30734,0.0,0.1651
0.14478,0.381,0.32512,0.16002,0.2311399999999999,0.27686,0.3937,0.28702,0.0,0.15494
0.1422399999999999,0.37846,0.32512,0.15494,0.2311399999999999,0.26162,0.38608,0.2794,0.0,0.1523999999999999
0.12954,0.37846,0.32258,0.14986,0.2158999999999999,0.25146,0.38354,0.2717799999999999,0.0,0.1473199999999999
0.1219199999999999,0.36322,0.3175,0.14478,0.21844,0.2438399999999999,0.37338,0.2667,0.0,0.15494
0.12954,0.37592,0.3302,0.15494,0.2286,0.2844799999999999,0.40894,0.3047999999999999,0.0076199999999999,0.1651
0.12954,0.38608,0.3429,0.15494,0.2311399999999999,0.28956,0.4165599999999999,0.30988,0.0,0.1676399999999999
0.13716,0.39116,0.3429,0.15494,0.2311399999999999,0.2920999999999999,0.42164,0.30988,0.0,0.1676399999999999
0.1422399999999999,0.39116,0.3429,0.15494,0.2311399999999999,0.28702,0.42164,0.3047999999999999,0.0,0.1676399999999999
0.12954,0.3937,0.34036,0.14986,0.2286,0.2794,0.42164,0.29972,0.0,0.16256
0.1219199999999999,0.38608,0.3352799999999999,0.1422399999999999,0.22352,0.2717799999999999,0.4191,0.28956,0.0,0.14986
0.1143,0.39116,0.34036,0.13716,0.22352,0.2667,0.4165599999999999,0.2794,0.0,0.14478
0.1143,0.39624,0.33782,0.13716,0.21082,0.26416,0.4165599999999999,0.27686,0.0,0.13462
0.1041399999999999,0.3937,0.3352799999999999,0.127,0.2057399999999999,0.25908,0.4064,0.25908,0.0,0.13208
0.0888999999999999,0.38608,0.32258,0.10668,0.19304,0.24892,0.3987799999999999,0.23876,0.0,0.1168399999999999
0.0761999999999999,0.381,0.31496,0.09652,0.1777999999999999,0.23622,0.39116,0.2209799999999999,0.0,0.1016
0.06604,0.37084,0.2946399999999999,0.0761999999999999,0.16002,0.2057399999999999,0.38354,0.1905,0.0,0.08128
0.06604,0.381,0.30226,0.0736599999999999,0.1727199999999999,0.21844,0.39624,0.2032,0.0,0.0761999999999999
0.06604,0.38862,0.30988,0.06858,0.1727199999999999,0.21844,0.40132,0.2032,0.0,0.06604
0.0431799999999999,0.39116,0.2946399999999999,0.04572,0.1523999999999999,0.20066,0.38608,0.17526,0.0,0.04572
0.0,0.3606799999999999,0.2667,0.0127,0.1168399999999999,0.16256,0.36322,0.12446,0.0,0.0177799999999999
0.0,0.33274,0.2336799999999999,0.0,0.08128,0.11938,0.3429,0.08128,0.0,0.00508
0.0,0.30988,0.2032,0.0,0.05588,0.0838199999999999,0.32512,0.04064,0.0,0.0
0.0,0.2920999999999999,0.1905,0.0,0.0380999999999999,0.0508,0.3047999999999999,0.02794,0.0,0.0
0.0,0.2819399999999999,0.1777999999999999,0.0,0.0304799999999999,0.0254,0.29972,0.02032,0.0,0.0
0.0,0.26416,0.16002,0.0,0.0152399999999999,0.0127,0.28702,0.0127,0.0,0.0
0.0,0.25146,0.1397,0.0,0.00254,0.0,0.26416,0.00508,0.0,0.0
0.0,0.2209799999999999,0.10668,0.0,0.0,0.0,0.23876,0.0,0.0,0.0
0.0,0.1905,0.06858,0.0,0.0,0.0,0.2082799999999999,0.0,0.0,0.0
0.0,0.1777999999999999,0.0355599999999999,0.0,0.0,0.0,0.19558,0.0,0.0,0.0
0.0,0.1676399999999999,0.0177799999999999,0.0,0.0,0.0,0.18796,0.0,0.0,0.0
0.0,0.16256,0.0127,0.0,0.00254,0.0,0.17526,0.0,0.0,0.0
0.0,0.15748,0.0076199999999999,0.0,0.00254,0.0,0.1676399999999999,0.0,0.0,0.0
0.0,0.13208,0.00254,0.0,0.0,0.0,0.1473199999999999,0.0,0.0,0.0
0.0,0.10922,0.0,0.0,0.0,0.0,0.1168399999999999,0.0,0.0,0.0
0.0,0.07874,0.0,0.0,0.0,0.0,0.0838199999999999,0.0,0.0,0.0
0.0,0.04826,0.0,0.0,0.0,0.0,0.05334,0.0,0.0,0.0
0.0,0.0152399999999999,0.0,0.0,0.0,0.0,0.0304799999999999,0.0,0.0,0.0
0.0,0.00508,0.0,0.0,0.0,0.0,0.02032,0.0,0.0,0.0
0.0,0.0,0.0,0.0,0.0,0.0,0.0,0.0,0.0,0.0
0.0,0.0,0.0,0.0,0.0,0.0,0.0,0.0,0.0,0.0
0.0,0.0,0.0,0.0,0.0,0.0,0.0,0.0,0.0,0.0
0.0,0.0,0.0,0.0,0.0,0.0,0.0,0.0,0.0,0.0
0.0,0.0,0.0,0.0,0.0,0.0,0.0,0.0,0.0,0.0
0.0,0.0,0.0,0.0,0.0,0.0,0.00254,0.00508,0.0,0.0
0.0,0.0,0.0,0.0,0.0,0.0,0.0,0.0,0.0,0.0
0.0,0.0,0.0,0.0,0.0,0.0,0.0,0.0,0.0,0.0
0.0,0.0,0.0,0.0,0.0,0.0,0.0,0.0,0.0,0.0
0.0,0.0,0.0,0.0,0.0,0.0,0.0,0.0,0.0,0.0
0.0,0.0,0.0,0.0,0.0,0.0,0.0,0.0,0.0,0.0
0.0,0.0,0.0,0.0,0.0,0.0,0.0,0.0,0.0,0.0
0.0,0.0,0.0,0.0,0.0,0.0,0.0,0.0,0.0,0.0
0.0,0.0,0.0,0.0,0.0,0.0,0.0,0.0,0.0,0.0
0.0,0.0,0.0,0.0,0.0,0.0,0.0,0.0,0.0,0.0
0.0,0.0,0.0,0.0,0.0,0.0,0.0,0.0,0.0,0.0
0.0,0.0,0.0,0.0,0.0,0.0,0.0,0.0,0.0,0.0
0.0,0.0,0.0,0.0,0.0,0.0,0.0,0.0,0.0,0.0
0.0,0.0,0.0,0.0,0.0,0.0,0.0,0.0,0.0,0.0
0.0,0.0,0.0,0.0,0.0,0.0,0.0,0.0,0.0,0.0
0.0,0.0,0.0,0.0,0.0,0.0,0.0,0.0,0.0,0.0
0.0,0.0,0.0,0.0,0.0,0.0,0.0,0.0,0.0,0.0
0.0,0.0,0.0,0.0,0.0,0.0,0.0,0.0,0.0,0.0
0.0,0.0,0.0,0.0,0.0,0.0,0.0,0.0,0.0,0.0
0.0,0.0,0.0,0.0,0.0,0.0,0.0,0.0,0.0,0.0
0.0,0.0,0.0,0.0,0.0,0.0,0.0,0.0,0.0,0.0
0.0,0.0,0.0,0.0,0.0,0.0,0.0,0.0,0.0,0.0
0.0,0.0,0.0,0.0,0.0,0.0,0.0,0.0,0.0,0.0
0.0,0.0,0.0,0.0,0.0,0.0,0.0,0.0,0.0,0.0
0.0,0.0,0.0,0.0,0.0,0.0,0.0,0.0,0.0,0.0
0.0,0.0,0.0,0.0,0.0,0.0,0.0,0.0,0.0,0.0
0.0,0.0,0.0,0.0,0.0,0.0,0.0,0.0,0.0,0.0
0.0,0.0,0.0,0.0,0.0,0.0,0.0,0.0,0.0,0.0
0.0,0.0,0.0,0.0,0.0,0.0,0.0,0.0,0.0,0.0
0.0,0.0,0.0,0.0,0.0,0.0,0.0,0.0,0.0,0.0
0.0,0.0,0.0,0.0,0.0,0.0,0.0,0.0,0.0,0.0
0.0,0.0,0.0,0.0,0.0,0.0,0.0,0.0,0.0,0.0
0.0,0.0,0.0,0.0,0.0,0.0,0.0,0.0,0.0,0.0
0.0,0.0,0.0,0.0,0.0,0.0,0.0,0.0,0.0,0.0
0.0,0.0,0.0,0.0,0.0,0.0,0.0,0.0,0.0,0.0
0.0,0.0,0.0,0.0,0.0,0.0,0.0,0.0,0.0,0.0
0.0,0.0,0.0,0.0,0.0,0.0,0.0,0.0,0.0,0.0
0.0,0.0,0.0,0.0,0.0,0.0,0.0,0.0,0.0,0.0
0.0,0.0,0.0,0.0,0.0,0.0,0.0,0.0,0.0,0.0
0.0,0.0,0.0,0.0,0.0,0.0,0.0,0.0,0.0,0.0
0.0,0.0,0.0,0.0,0.0,0.0,0.0,0.0,0.0,0.0
0.0,0.0,0.0,0.0,0.0,0.0,0.0,0.0,0.0,0.0
0.0,0.0,0.0,0.0,0.0,0.0,0.0,0.0,0.0,0.0
0.0,0.0,0.0,0.0,0.0,0.0,0.0,0.0,0.0,0.0
0.0,0.0,0.0,0.0,0.0,0.0,0.0,0.0,0.0,0.0
0.0,0.0,0.0,0.0,0.0,0.0,0.0,0.0,0.0,0.0
0.0,0.0,0.0,0.0,0.0,0.0,0.0,0.0,0.0,0.0
0.0,0.0,0.0,0.0,0.0,0.0,0.0,0.0,0.0,0.0
0.0,0.0,0.0,0.0,0.0,0.0,0.0,0.0,0.0,0.0
0.0,0.0,0.0,0.0,0.0,0.0,0.0,0.0,0.0,0.0
0.0,0.0,0.0,0.0,0.0,0.0,0.0,0.0,0.0,0.0
0.0,0.0,0.0,0.0,0.0,0.0,0.0,0.0,0.0,0.0
0.0,0.0,0.0,0.0,0.0,0.0,0.0,0.0,0.0,0.0
0.0,0.0,0.0,0.0,0.0,0.0,0.0,0.0,0.0,0.0
0.0,0.0,0.0,0.0,0.0,0.0,0.0,0.0,0.0,0.0
0.0,0.0,0.0,0.0,0.0,0.0,0.0,0.0,0.0,0.0
0.0,0.0,0.0,0.0,0.0,0.0,0.0,0.0,0.0,0.0
0.0,0.0,0.0,0.0,0.0,0.0,0.0,0.0,0.0,0.0
0.0,0.0,0.0,0.0,0.0,0.0,0.0,0.0,0.0,0.0
0.0,0.0,0.0,0.0,0.0,0.0,0.0,0.0,0.0,0.0
0.0,0.0,0.0,0.0,0.0,0.0,0.0,0.0,0.0,0.0
0.0,0.0,0.0,0.0,0.0,0.0,0.0,0.0,0.0,0.0
0.0,0.0,0.0,0.0,0.0,0.0,0.0,0.0,0.0,0.0
0.0,0.0,0.0,0.0,0.0,0.0,0.0,0.0,0.0,0.0
0.0,0.0,0.0,0.0,0.0,0.0,0.0,0.0,0.0,0.0
0.0,0.0,0.0,0.0,0.0,0.0,0.0,0.0,0.0,0.0
0.0,0.0,0.0,0.0,0.0,0.0,0.0,0.0,0.0,0.0
0.0,0.0,0.0,0.0,0.0,0.0,0.0,0.0,0.0,0.0
0.0,0.0,0.0,0.0,0.0,0.0,0.0,0.0,0.0,0.0
0.0,0.0,0.0,0.0,0.0,0.0,0.0,0.0,0.0,0.0
0.0,0.0,0.0,0.0,0.0,0.0,0.0,0.0,0.0,0.0
0.0,0.0,0.0,0.0,0.0,0.0,0.0,0.0,0.0,0.0
0.0,0.0,0.0,0.0,0.0,0.0,0.0,0.0,0.0,0.0
0.0,0.0,0.0,0.0,0.0,0.0,0.0,0.0,0.0,0.0
0.0,0.0,0.0,0.0,0.0,0.0,0.0,0.0,0.0,0.0
0.0,0.0,0.0,0.0,0.0,0.0,0.0,0.0,0.0,0.0
0.0,0.0,0.0,0.0,0.0,0.0,0.0,0.0,0.0,0.0
0.0,0.0,0.0,0.0,0.0,0.0,0.0,0.0,0.0,0.0
0.0,0.0,0.0,0.0,0.0,0.0,0.0,0.0,0.0,0.0
0.0,0.0,0.0,0.0,0.0,0.0,0.0,0.0,0.0,0.0
0.0,0.0,0.0,0.0,0.0,0.0,0.0,0.0,0.0,0.0
0.0,0.0,0.0,0.0,0.0,0.0,0.0,0.0,0.0,0.0
0.0,0.0,0.0,0.0,0.0,0.0,0.0,0.0,0.0,0.0
0.0,0.0,0.0,0.0,0.0,0.0,0.0,0.0,0.0,0.0
0.0,0.0,0.0,0.0,0.0,0.0,0.0,0.0,0.0,0.0
0.0,0.0,0.0,0.0,0.0,0.0,0.0,0.0,0.0,0.0
0.0,0.0,0.0,0.0,0.0,0.0,0.0,0.0,0.0,0.0
0.0,0.0,0.0,0.0,0.0,0.0,0.0,0.0,0.0,0.0
0.0,0.0,0.0,0.0,0.0,0.0,0.0,0.0,0.0,0.0
0.0,0.0,0.0,0.0,0.0,0.0,0.0,0.0,0.0,0.0
0.0,0.0,0.0,0.0,0.0,0.0,0.0,0.0,0.0,0.0
0.0,0.0,0.0,0.0,0.0,0.0,0.0,0.0,0.0,0.0
0.0,0.0,0.0,0.0,0.0,0.0,0.0,0.0,0.0,0.0
0.0,0.0,0.0,0.0,0.0,0.0,0.0,0.0,0.0,0.0
0.0,0.0,0.0,0.0,0.0,0.0,0.0,0.0,0.0,0.0
0.0,0.0,0.0,0.0,0.0,0.0,0.0,0.0,0.0,0.0
0.0,0.0,0.0,0.0,0.0,0.0,0.0,0.0,0.0,0.0
0.0,0.0,0.0,0.0,0.0,0.0,0.0,0.0,0.0,0.0
0.0,0.0,0.0,0.0,0.0,0.0,0.0,0.0,0.0,0.0
0.0,0.0,0.0,0.0,0.0,0.0,0.0,0.0,0.0,0.0
0.0,0.0,0.0,0.0,0.0,0.0,0.0,0.0,0.0,0.0
0.0,0.0,0.0,0.0,0.0,0.0,0.0,0.0,0.0,0.0
0.0,0.0,0.0,0.0,0.0,0.0,0.0,0.0,0.0,0.0
0.0,0.0,0.0,0.0,0.0,0.0,0.0,0.0,0.0,0.0
0.0,0.0,0.0,0.0,0.0,0.0,0.0,0.0,0.0,0.0
0.0,0.0,0.0,0.0,0.0,0.0,0.0,0.0,0.0,0.0
0.0,0.0,0.0,0.0,0.0,0.0,0.0,0.0,0.0,0.0
0.0,0.0,0.0,0.0,0.0,0.0,0.0,0.0,0.0,0.0
0.0,0.0,0.0,0.0,0.0,0.0,0.0,0.0,0.0,0.0
0.0,0.0,0.0,0.0,0.0,0.0,0.0,0.0,0.0,0.0
0.0,0.0,0.0,0.0,0.0,0.0,0.0,0.0,0.0,0.0
0.0,0.0,0.0,0.0,0.0,0.0,0.0,0.0,0.0,0.0
0.0,0.0,0.0,0.0,0.0,0.0,0.0,0.0,0.0,0.0
0.0,0.0,0.0,0.0,0.0,0.0,0.0,0.0,0.0,0.0
0.0,0.0,0.0,0.0,0.0,0.0,0.0,0.0,0.0,0.0
0.0,0.0,0.0,0.0,0.0,0.0,0.0,0.0,0.0,0.0
0.0,0.0,0.0,0.0,0.0,0.0,0.0,0.0,0.0,0.0
0.0,0.0,0.0,0.0,0.0,0.0,0.0,0.0,0.0,0.0
0.0,0.0,0.0,0.0,0.0,0.0,0.0,0.0,0.0,0.0
0.0,0.0,0.0,0.0,0.0,0.0,0.0,0.0,0.0,0.0
0.0,0.0,0.0,0.0,0.0,0.0,0.0,0.0,0.0,0.0
0.0,0.0,0.0,0.0,0.0,0.0,0.0,0.0,0.0,0.0
0.0,0.0,0.0,0.0,0.0,0.0,0.0,0.0,0.0,0.0
0.0,0.0,0.0,0.0,0.0,0.0,0.0,0.0,0.0,0.0
0.0,0.0,0.0,0.0,0.0,0.0,0.0,0.0,0.0,0.0
0.0,0.0,0.0,0.0,0.0,0.0,0.0,0.0,0.0,0.0
0.0,0.0,0.0,0.0,0.0,0.0,0.0,0.0,0.0,0.0
0.0,0.0,0.0,0.0,0.0,0.0,0.0,0.0,0.0,0.0
0.0,0.0,0.0,0.0,0.0,0.0,0.0,0.0,0.0,0.0
0.0,0.0,0.0,0.0,0.0,0.0,0.0,0.0,0.0,0.0
0.0,0.0,0.0,0.0,0.0,0.0,0.0,0.0,0.0,0.0
0.0,0.0,0.0,0.0,0.0,0.0,0.0,0.0,0.0,0.0
0.0,0.0,0.0,0.0,0.0,0.0,0.0,0.0,0.0,0.0
0.0,0.0,0.0,0.0,0.0,0.0,0.0,0.0,0.0,0.0
0.0,0.0,0.0,0.0,0.0,0.0,0.0,0.0,0.0,0.0
0.0,0.0,0.0,0.0,0.0,0.0,0.0,0.0,0.0,0.0
0.0,0.0,0.0,0.0,0.0,0.0,0.0,0.0,0.0,0.0
0.0,0.0,0.0,0.0,0.0,0.0,0.0,0.0,0.0,0.0
0.0,0.0,0.0,0.0,0.0,0.0,0.00508,0.0,0.0,0.0
0.0,0.0,0.0,0.0,0.0,0.0076199999999999,0.00508,0.0,0.0,0.0
0.0,0.0,0.0,0.0,0.0,0.0,0.0,0.0,0.0,0.0
0.00508,0.01016,0.0076199999999999,0.01016,0.0076199999999999,0.02032,0.0304799999999999,0.01016,0.0,0.0127
0.01016,0.0152399999999999,0.02032,0.01016,0.0127,0.0254,0.0380999999999999,0.0152399999999999,0.0,0.0152399999999999
0.01016,0.0152399999999999,0.02032,0.01016,0.0127,0.02032,0.0355599999999999,0.0152399999999999,0.0,0.0152399999999999
0.0076199999999999,0.0152399999999999,0.02032,0.01016,0.0127,0.0304799999999999,0.04064,0.0254,0.0,0.0152399999999999
0.00508,0.0152399999999999,0.02032,0.01016,0.0152399999999999,0.02794,0.04064,0.0254,0.0,0.01016
0.00508,0.0152399999999999,0.02032,0.01016,0.0,0.02286,0.0380999999999999,0.0177799999999999,0.0,0.01016
0.00254,0.0076199999999999,0.02032,0.00508,0.0,0.0177799999999999,0.03302,0.00508,0.0,0.0
0.01016,0.01016,0.02286,0.0127,0.0127,0.0177799999999999,0.0431799999999999,0.00508,0.01016,0.0076199999999999
0.0152399999999999,0.02032,0.0304799999999999,0.0177799999999999,0.02032,0.0254,0.04572,0.0076199999999999,0.00508,0.0177799999999999
0.0152399999999999,0.02032,0.0304799999999999,0.0177799999999999,0.0152399999999999,0.02286,0.04572,0.0,0.0,0.0177799999999999
0.0152399999999999,0.02032,0.0304799999999999,0.0152399999999999,0.0076199999999999,0.02032,0.0431799999999999,0.0,0.0,0.0177799999999999
0.0127,0.02032,0.0304799999999999,0.01016,0.0,0.0177799999999999,0.04064,0.0,0.0,0.0152399999999999
0.0127,0.02032,0.02794,0.00508,0.0,0.02032,0.04572,0.0,0.0,0.01016
0.01016,0.02032,0.02794,0.0,0.0,0.0127,0.04572,0.0,0.0,0.0
0.0076199999999999,0.02794,0.0254,0.01016,0.0127,0.02286,0.0508,0.0076199999999999,0.0,0.0
0.0076199999999999,0.0355599999999999,0.03302,0.0127,0.01016,0.0304799999999999,0.05334,0.0076199999999999,0.0,0.0
0.00508,0.0355599999999999,0.03302,0.01016,0.01016,0.0304799999999999,0.05334,0.0076199999999999,0.0,0.0
0.0,0.0304799999999999,0.0304799999999999,0.0,0.01016,0.02794,0.05334,0.0,0.0,0.0
0.0,0.0304799999999999,0.02794,0.0,0.0,0.0254,0.05334,0.0,0.0,0.0
0.0,0.0304799999999999,0.02794,0.0,0.0,0.02286,0.0508,0.0,0.0,0.0
0.0,0.02794,0.02794,0.0,0.0,0.0127,0.0508,0.0,0.0,0.0
0.0,0.02794,0.02286,0.0,0.0,0.0,0.04826,0.0,0.0,0.0
0.0,0.03302,0.02032,0.0,0.0,0.0,0.0508,0.0,0.0,0.0
0.0,0.0355599999999999,0.0177799999999999,0.0,0.0,0.0,0.0508,0.0,0.0,0.0
0.0,0.0355599999999999,0.02032,0.0,0.0,0.0,0.04826,0.0,0.0,0.0
0.0,0.03302,0.0177799999999999,0.0,0.0,0.0,0.04572,0.0,0.0,0.0
0.0,0.03302,0.0177799999999999,0.0,0.0,0.0,0.0431799999999999,0.0,0.0,0.0
0.0,0.03302,0.0127,0.0,0.0,0.0,0.0431799999999999,0.0,0.0,0.0
0.0,0.03302,0.0127,0.0,0.00508,0.0,0.04064,0.0,0.0,0.0
0.01016,0.04826,0.02286,0.0076199999999999,0.0127,0.01016,0.06604,0.00508,0.00508,0.0076199999999999
0.0076199999999999,0.04826,0.02286,0.00508,0.0127,0.01016,0.06604,0.00508,0.00508,0.00508
0.0076199999999999,0.04826,0.02286,0.00508,0.01016,0.01016,0.0711199999999999,0.0,0.00508,0.00508
0.0,0.04826,0.0177799999999999,0.0,0.00508,0.0,0.0711199999999999,0.0,0.00254,0.0
0.0,0.04826,0.0177799999999999,0.0,0.00254,0.0,0.06858,0.0,0.0,0.0
0.0,0.04826,0.0177799999999999,0.0,0.00254,0.0,0.06858,0.0,0.0,0.0
0.0,0.04826,0.0177799999999999,0.0,0.0,0.0,0.06858,0.0,0.0,0.0
0.0,0.04826,0.0152399999999999,0.0,0.0,0.00254,0.0711199999999999,0.0,0.0,0.0
0.0,0.04826,0.0152399999999999,0.0,0.0,0.00254,0.0711199999999999,0.0,0.0,0.0
0.0,0.04826,0.0177799999999999,0.0,0.01016,0.0,0.0711199999999999,0.0,0.0,0.0
0.0,0.04826,0.0177799999999999,0.0,0.0127,0.00508,0.0761999999999999,0.00254,0.0,0.00508
0.00508,0.05334,0.0177799999999999,0.01016,0.0127,0.00508,0.0761999999999999,0.00254,0.0,0.00508
0.00508,0.05334,0.02032,0.01016,0.0127,0.00508,0.0761999999999999,0.0,0.0,0.00508
0.0076199999999999,0.05334,0.02032,0.01016,0.0127,0.00508,0.0711199999999999,0.0,0.0,0.00508
0.0076199999999999,0.05334,0.02032,0.01016,0.0127,0.00508,0.0711199999999999,0.0,0.0,0.00508
0.01016,0.05334,0.02032,0.01016,0.0127,0.00508,0.0711199999999999,0.0,0.0,0.00508
0.01016,0.05334,0.02032,0.01016,0.0127,0.01016,0.0711199999999999,0.0,0.0,0.00508
0.0127,0.05588,0.02032,0.01016,0.0127,0.01016,0.06858,0.0,0.0,0.01016
0.0127,0.05588,0.02032,0.01016,0.0127,0.01016,0.06604,0.0,0.0,0.01016
0.0127,0.05588,0.02032,0.01016,0.0127,0.01016,0.06604,0.0,0.0,0.01016
0.0127,0.05588,0.02032,0.01016,0.0127,0.01016,0.0635,0.0,0.0,0.01016
0.0127,0.05588,0.02032,0.01016,0.0127,0.01016,0.0635,0.0,0.0,0.01016
0.0127,0.05588,0.02032,0.01016,0.0127,0.01016,0.0635,0.0,0.0,0.01016
0.0152399999999999,0.05588,0.02032,0.01016,0.0127,0.01016,0.0635,0.0,0.0,0.01016
0.0152399999999999,0.05588,0.02032,0.01016,0.0127,0.01016,0.0635,0.0,0.0,0.01016
0.0152399999999999,0.05588,0.02032,0.01016,0.0127,0.01016,0.06858,0.0,0.0,0.01016
0.0152399999999999,0.05588,0.02032,0.01016,0.0127,0.01016,0.06858,0.0,0.0,0.01016
0.0152399999999999,0.05588,0.02032,0.01016,0.0127,0.01016,0.06858,0.0,0.0,0.01016
0.0152399999999999,0.05588,0.02032,0.01016,0.0127,0.01016,0.06858,0.0,0.0,0.01016
0.0152399999999999,0.0635,0.02794,0.0127,0.0177799999999999,0.0127,0.0711199999999999,0.00254,0.0,0.0127
0.02794,0.0888999999999999,0.05334,0.03302,0.03302,0.03302,0.09652,0.0254,0.0127,0.02032
0.0304799999999999,0.1041399999999999,0.06858,0.03302,0.04064,0.04572,0.09906,0.04064,0.0152399999999999,0.02286
0.0304799999999999,0.1041399999999999,0.0711199999999999,0.03302,0.04064,0.04572,0.09906,0.04064,0.0152399999999999,0.02286
0.0304799999999999,0.1041399999999999,0.0736599999999999,0.0380999999999999,0.04064,0.04572,0.09906,0.04064,0.0152399999999999,0.0254
0.0304799999999999,0.1041399999999999,0.0736599999999999,0.0380999999999999,0.04064,0.04572,0.09906,0.04064,0.0152399999999999,0.0254
0.0431799999999999,0.127,0.09144,0.0508,0.0609599999999999,0.06604,0.13462,0.05334,0.02794,0.04064
0.0431799999999999,0.127,0.09144,0.05588,0.0635,0.06604,0.13462,0.0635,0.02794,0.04064
0.0508,0.1397,0.1016,0.0609599999999999,0.0761999999999999,0.0736599999999999,0.1523999999999999,0.0635,0.0380999999999999,0.04572
0.0508,0.1397,0.1016,0.0609599999999999,0.09144,0.0736599999999999,0.1523999999999999,0.0711199999999999,0.0380999999999999,0.0508
0.0508,0.1422399999999999,0.1016,0.0609599999999999,0.09144,0.0736599999999999,0.15748,0.0711199999999999,0.0380999999999999,0.0508
0.0508,0.14478,0.1016,0.0609599999999999,0.09144,0.0761999999999999,0.16002,0.0711199999999999,0.0380999999999999,0.0508
0.0508,0.14478,0.1016,0.0609599999999999,0.09144,0.0761999999999999,0.16002,0.0711199999999999,0.0380999999999999,0.0508
0.0508,0.14478,0.1016,0.0609599999999999,0.09144,0.0761999999999999,0.16002,0.0711199999999999,0.0380999999999999,0.0508
0.0508,0.14478,0.1016,0.0609599999999999,0.09144,0.0761999999999999,0.16002,0.0711199999999999,0.04064,0.0508
0.08128,0.17526,0.1219199999999999,0.0711199999999999,0.11938,0.09652,0.18288,0.0863599999999999,0.05588,0.0711199999999999
0.09906,0.19304,0.127,0.08128,0.13462,0.09906,0.1905,0.09144,0.06604,0.08128
0.1041399999999999,0.19558,0.13208,0.08128,0.13462,0.09906,0.19558,0.09398,0.06604,0.0838199999999999
0.12446,0.2209799999999999,0.1473199999999999,0.09398,0.15748,0.11176,0.2209799999999999,0.1041399999999999,0.0736599999999999,0.09652
0.1422399999999999,0.2336799999999999,0.16002,0.1016,0.1651,0.12446,0.2311399999999999,0.1143,0.07874,0.1041399999999999
0.14986,0.2438399999999999,0.16256,0.1041399999999999,0.17018,0.12446,0.23622,0.1168399999999999,0.07874,0.1041399999999999
0.14986,0.24892,0.1676399999999999,0.1041399999999999,0.1727199999999999,0.13208,0.2463799999999999,0.12954,0.0863599999999999,0.1143
0.17018,0.2794,0.19304,0.12446,0.2057399999999999,0.16256,0.27432,0.16002,0.1016,0.13462
0.18288,0.2844799999999999,0.19812,0.127,0.21844,0.1727199999999999,0.2844799999999999,0.1651,0.1016,0.13462
0.18288,0.2844799999999999,0.19812,0.127,0.21844,0.1727199999999999,0.2844799999999999,0.1651,0.1016,0.13462
0.18288,0.28956,0.20066,0.13208,0.21844,0.1727199999999999,0.2844799999999999,0.1651,0.1016,0.13462
0.18542,0.28956,0.2032,0.13462,0.21844,0.1727199999999999,0.2844799999999999,0.1651,0.10668,0.13462
0.19304,0.28956,0.2032,0.1397,0.22352,0.17526,0.28702,0.1676399999999999,0.10922,0.14478
0.2032,0.31242,0.23622,0.16002,0.27686,0.2286,0.32004,0.2463799999999999,0.13716,0.1905
0.21082,0.31496,0.23876,0.1676399999999999,0.2819399999999999,0.23622,0.32512,0.25654,0.13716,0.19558
0.21082,0.32004,0.2463799999999999,0.1727199999999999,0.2844799999999999,0.2413,0.32512,0.25908,0.13716,0.19558
0.21082,0.32258,0.2463799999999999,0.1727199999999999,0.2844799999999999,0.2463799999999999,0.3302,0.26416,0.13716,0.19558
0.21082,0.32258,0.2463799999999999,0.1727199999999999,0.2844799999999999,0.2463799999999999,0.3302,0.26416,0.13716,0.19558
0.21082,0.32258,0.2463799999999999,0.1727199999999999,0.2844799999999999,0.2463799999999999,0.3302,0.2667,0.13716,0.19558
0.21082,0.32258,0.2463799999999999,0.1727199999999999,0.2844799999999999,0.2463799999999999,0.3302,0.2667,0.13716,0.19558
0.21082,0.32258,0.2463799999999999,0.1727199999999999,0.2844799999999999,0.2463799999999999,0.3302,0.2667,0.13716,0.19558
0.21336,0.32258,0.2463799999999999,0.1727199999999999,0.2844799999999999,0.2463799999999999,0.3302,0.2667,0.13716,0.19558
0.2158999999999999,0.32004,0.2463799999999999,0.1727199999999999,0.2844799999999999,0.2463799999999999,0.3302,0.2667,0.13716,0.19558
0.2158999999999999,0.32004,0.2463799999999999,0.1727199999999999,0.2844799999999999,0.2463799999999999,0.3302,0.2667,0.13716,0.19558
0.2158999999999999,0.32004,0.2463799999999999,0.1727199999999999,0.2844799999999999,0.2463799999999999,0.3302,0.2667,0.13716,0.19558
0.2158999999999999,0.32004,0.2463799999999999,0.1727199999999999,0.2844799999999999,0.2463799999999999,0.3302,0.2667,0.13716,0.19558
0.2158999999999999,0.32004,0.2463799999999999,0.1727199999999999,0.2844799999999999,0.2463799999999999,0.3302,0.2667,0.13716,0.19558
0.2158999999999999,0.32004,0.2463799999999999,0.1727199999999999,0.2844799999999999,0.2463799999999999,0.3302,0.2667,0.13716,0.19558
0.2158999999999999,0.32004,0.2463799999999999,0.1777999999999999,0.28702,0.24892,0.33274,0.26924,0.13716,0.19558
0.2158999999999999,0.32004,0.2463799999999999,0.1777999999999999,0.28702,0.24892,0.33274,0.26924,0.13716,0.19558
0.2158999999999999,0.32004,0.2463799999999999,0.1777999999999999,0.28702,0.24892,0.33274,0.26924,0.13716,0.19558
0.2158999999999999,0.32004,0.2463799999999999,0.1777999999999999,0.28702,0.24892,0.33274,0.26924,0.13716,0.19558
0.2158999999999999,0.32004,0.2463799999999999,0.1777999999999999,0.28702,0.25146,0.33274,0.26924,0.13716,0.19558
0.2158999999999999,0.32258,0.2463799999999999,0.1777999999999999,0.28956,0.25146,0.3352799999999999,0.2717799999999999,0.13716,0.19812
0.2158999999999999,0.32258,0.25146,0.1777999999999999,0.28956,0.25146,0.3352799999999999,0.2717799999999999,0.13716,0.19812
0.2158999999999999,0.32258,0.25146,0.1777999999999999,0.28956,0.25146,0.3352799999999999,0.2717799999999999,0.13716,0.19812
0.2158999999999999,0.32258,0.25146,0.1777999999999999,0.28956,0.25146,0.3352799999999999,0.2717799999999999,0.13716,0.19812
0.2158999999999999,0.32258,0.25146,0.1777999999999999,0.28956,0.25146,0.3352799999999999,0.2717799999999999,0.13716,0.19812
0.2158999999999999,0.32258,0.25146,0.1777999999999999,0.28956,0.25146,0.3352799999999999,0.2717799999999999,0.13716,0.19812
0.2158999999999999,0.32258,0.25146,0.1777999999999999,0.28956,0.25146,0.3352799999999999,0.2717799999999999,0.13716,0.19812
0.2158999999999999,0.32258,0.25146,0.1777999999999999,0.28956,0.25146,0.3352799999999999,0.2717799999999999,0.13716,0.19812
0.2158999999999999,0.32258,0.25146,0.1777999999999999,0.28956,0.254,0.33782,0.27432,0.13716,0.19812
0.2158999999999999,0.32258,0.25146,0.1777999999999999,0.28956,0.254,0.33782,0.27432,0.13716,0.19812
0.2158999999999999,0.32258,0.25146,0.1777999999999999,0.28956,0.254,0.33782,0.27432,0.13716,0.19812
0.2158999999999999,0.32258,0.25146,0.1777999999999999,0.28956,0.254,0.33782,0.27432,0.13716,0.19812
0.2158999999999999,0.32258,0.25146,0.1777999999999999,0.28956,0.254,0.33782,0.27432,0.13716,0.19812
0.2158999999999999,0.32258,0.25146,0.1777999999999999,0.28956,0.254,0.33782,0.27432,0.13716,0.19812
0.2158999999999999,0.32258,0.25146,0.1777999999999999,0.28956,0.254,0.33782,0.27432,0.13716,0.19812
0.2158999999999999,0.32258,0.25146,0.1777999999999999,0.28956,0.254,0.33782,0.27432,0.13716,0.19812
0.2158999999999999,0.32258,0.25146,0.1777999999999999,0.28956,0.254,0.33782,0.27432,0.13716,0.19812
0.2158999999999999,0.32258,0.25146,0.1777999999999999,0.28956,0.254,0.33782,0.27432,0.13716,0.19812
0.2158999999999999,0.32258,0.25146,0.1777999999999999,0.2920999999999999,0.254,0.33782,0.27432,0.13716,0.19812
0.2158999999999999,0.32258,0.25146,0.1777999999999999,0.2920999999999999,0.254,0.33782,0.27432,0.13716,0.19812
0.2158999999999999,0.32258,0.254,0.1777999999999999,0.2920999999999999,0.254,0.33782,0.27432,0.13716,0.19812
0.2158999999999999,0.32258,0.25908,0.1777999999999999,0.2920999999999999,0.254,0.33782,0.27432,0.13716,0.19812
0.2158999999999999,0.33274,0.26416,0.1803399999999999,0.2946399999999999,0.25908,0.34036,0.27686,0.13716,0.2032
0.2158999999999999,0.33274,0.26416,0.1803399999999999,0.2946399999999999,0.25908,0.34036,0.27686,0.1397,0.2032
0.2158999999999999,0.33274,0.2667,0.1803399999999999,0.2946399999999999,0.25908,0.34036,0.27686,0.1397,0.2032
0.2158999999999999,0.33274,0.2667,0.1803399999999999,0.2946399999999999,0.25908,0.34036,0.27686,0.1397,0.2032
0.2158999999999999,0.33274,0.2667,0.18288,0.2946399999999999,0.25908,0.34036,0.27686,0.1397,0.2032
0.2158999999999999,0.33782,0.27432,0.18288,0.2946399999999999,0.2667,0.3454399999999999,0.27686,0.1422399999999999,0.2032
0.2158999999999999,0.34036,0.27432,0.18288,0.2971799999999999,0.27432,0.35306,0.2819399999999999,0.1422399999999999,0.2057399999999999
0.2158999999999999,0.34036,0.27432,0.18288,0.2971799999999999,0.27686,0.3555999999999999,0.2844799999999999,0.1422399999999999,0.2057399999999999
0.2158999999999999,0.35052,0.2844799999999999,0.18288,0.29972,0.2794,0.3606799999999999,0.28702,0.1422399999999999,0.2057399999999999
0.2158999999999999,0.35052,0.2844799999999999,0.18796,0.29972,0.2794,0.3606799999999999,0.28702,0.1422399999999999,0.2057399999999999
0.2158999999999999,0.3555999999999999,0.2844799999999999,0.1905,0.29972,0.2794,0.3606799999999999,0.28702,0.1422399999999999,0.2057399999999999
0.2158999999999999,0.3555999999999999,0.2844799999999999,0.1905,0.29972,0.2794,0.3606799999999999,0.28702,0.1422399999999999,0.2057399999999999
0.2158999999999999,0.3555999999999999,0.2844799999999999,0.1905,0.29972,0.2794,0.3606799999999999,0.28702,0.1422399999999999,0.2057399999999999
0.2158999999999999,0.3555999999999999,0.2844799999999999,0.1905,0.29972,0.2794,0.3606799999999999,0.28702,0.1422399999999999,0.2057399999999999
0.2158999999999999,0.3555999999999999,0.2844799999999999,0.1905,0.29972,0.2794,0.3606799999999999,0.2819399999999999,0.1397,0.2057399999999999
0.2158999999999999,0.3555999999999999,0.2844799999999999,0.1905,0.29972,0.27432,0.3606799999999999,0.2717799999999999,0.13208,0.2057399999999999
0.2158999999999999,0.3555999999999999,0.2920999999999999,0.1905,0.29972,0.27432,0.36322,0.27432,0.12446,0.2057399999999999
0.22352,0.37084,0.3047999999999999,0.19812,0.31242,0.2946399999999999,0.37592,0.2946399999999999,0.1397,0.2311399999999999
0.22352,0.37338,0.30988,0.2032,0.32004,0.30734,0.381,0.3047999999999999,0.1397,0.23622
0.22352,0.37846,0.31496,0.2057399999999999,0.32004,0.30734,0.381,0.3047999999999999,0.1397,0.23622
0.23622,0.38608,0.32004,0.2082799999999999,0.3429,0.3302,0.38608,0.32258,0.14478,0.24892
0.254,0.3937,0.32766,0.21336,0.36322,0.3429,0.3937,0.3352799999999999,0.14986,0.25146
0.254,0.3937,0.32766,0.21336,0.36322,0.3429,0.3937,0.3352799999999999,0.14986,0.25146
0.254,0.3987799999999999,0.3302,0.21336,0.36576,0.3429,0.39624,0.3352799999999999,0.1523999999999999,0.254
0.254,0.3987799999999999,0.3302,0.2209799999999999,0.36576,0.3479799999999999,0.3987799999999999,0.33782,0.1523999999999999,0.254
0.254,0.42164,0.3429,0.2286,0.38608,0.3581399999999999,0.40894,0.35052,0.1523999999999999,0.26416
0.25654,0.42164,0.3429,0.2286,0.38608,0.3581399999999999,0.40894,0.35052,0.15748,0.26416
0.25654,0.42164,0.3479799999999999,0.2286,0.38862,0.3581399999999999,0.41402,0.35052,0.1473199999999999,0.26416
0.25654,0.42164,0.3479799999999999,0.2286,0.38862,0.3581399999999999,0.41402,0.35052,0.1473199999999999,0.26416
0.25654,0.42164,0.3479799999999999,0.2286,0.38862,0.3581399999999999,0.41402,0.35052,0.1397,0.26416
0.25654,0.42164,0.3479799999999999,0.2286,0.38862,0.3555999999999999,0.41402,0.35052,0.12446,0.26416
0.25654,0.42164,0.3479799999999999,0.2311399999999999,0.38862,0.35052,0.41402,0.35052,0.10668,0.26416
0.25908,0.42672,0.35052,0.2311399999999999,0.39116,0.3581399999999999,0.4191,0.35052,0.10922,0.26416
0.25908,0.42672,0.35052,0.2311399999999999,0.39116,0.3581399999999999,0.4241799999999999,0.35306,0.10922,0.26416
0.25908,0.42672,0.35052,0.2311399999999999,0.39116,0.3581399999999999,0.4241799999999999,0.35306,0.10668,0.26416
0.25908,0.42672,0.35052,0.2311399999999999,0.39116,0.3581399999999999,0.4241799999999999,0.35052,0.1016,0.26416
0.25654,0.42672,0.35052,0.2311399999999999,0.38862,0.34036,0.4241799999999999,0.3352799999999999,0.06604,0.25908
0.25146,0.4191,0.3479799999999999,0.2311399999999999,0.3581399999999999,0.32512,0.4241799999999999,0.32004,0.03302,0.24892
0.2413,0.4114799999999999,0.3479799999999999,0.22606,0.3352799999999999,0.31242,0.41402,0.2971799999999999,0.01016,0.2413
0.22606,0.40894,0.3454399999999999,0.21336,0.3175,0.29972,0.40894,0.27432,0.0,0.2336799999999999
0.2336799999999999,0.41402,0.3454399999999999,0.2082799999999999,0.31242,0.2946399999999999,0.4165599999999999,0.26162,0.0,0.22606
0.23876,0.4292599999999999,0.3606799999999999,0.21336,0.31496,0.2946399999999999,0.42672,0.25908,0.0,0.2158999999999999
0.23876,0.4292599999999999,0.3606799999999999,0.2082799999999999,0.29972,0.28702,0.42672,0.25146,0.0,0.21082
0.23876,0.4292599999999999,0.3606799999999999,0.2057399999999999,0.29972,0.2920999999999999,0.42672,0.25146,0.0,0.21082
0.2413,0.4292599999999999,0.3606799999999999,0.2032,0.29972,0.28702,0.42672,0.2463799999999999,0.0,0.21082
0.22352,0.4292599999999999,0.3606799999999999,0.19558,0.2920999999999999,0.26924,0.42672,0.2336799999999999,0.0,0.2032
0.22352,0.4292599999999999,0.3606799999999999,0.18796,0.27686,0.25908,0.42672,0.2209799999999999,0.0,0.19812
0.22606,0.4317999999999999,0.3581399999999999,0.18542,0.28702,0.25146,0.4317999999999999,0.21336,0.0,0.1905
0.22606,0.43688,0.36322,0.1905,0.28702,0.25654,0.4445,0.2286,0.0,0.19812
0.21336,0.43688,0.36322,0.18288,0.28702,0.254,0.4445,0.2286,0.0,0.19812
0.19812,0.43688,0.36322,0.1727199999999999,0.28702,0.2413,0.4445,0.21336,0.0,0.19812
0.1727199999999999,0.43688,0.36322,0.15494,0.27686,0.21336,0.4445,0.1905,0.0,0.19304
0.1727199999999999,0.4241799999999999,0.36322,0.1473199999999999,0.2717799999999999,0.2082799999999999,0.43942,0.18288,0.0,0.1905
0.16002,0.42164,0.36322,0.1473199999999999,0.25908,0.19304,0.43942,0.17018,0.0,0.1803399999999999
0.16256,0.4445,0.37846,0.15748,0.2717799999999999,0.2057399999999999,0.44958,0.18288,0.0152399999999999,0.19558
0.1676399999999999,0.45974,0.38862,0.1727199999999999,0.28702,0.2209799999999999,0.45974,0.19812,0.0254,0.2032
0.17018,0.4673599999999999,0.39624,0.1727199999999999,0.2971799999999999,0.22606,0.4673599999999999,0.2082799999999999,0.0355599999999999,0.21336
0.17018,0.47752,0.39624,0.1803399999999999,0.3175,0.2311399999999999,0.47752,0.21082,0.04064,0.2209799999999999
0.1727199999999999,0.5003799999999999,0.41402,0.18542,0.33274,0.23876,0.47752,0.22352,0.0380999999999999,0.22352
0.1777999999999999,0.51308,0.4191,0.19304,0.34036,0.23622,0.4927599999999999,0.2286,0.0127,0.2209799999999999
0.1777999999999999,0.51308,0.4191,0.1803399999999999,0.34036,0.22352,0.4927599999999999,0.21336,0.0,0.2082799999999999
0.1651,0.508,0.4165599999999999,0.16002,0.32258,0.20066,0.4826,0.1905,0.0,0.1905
0.1523999999999999,0.5003799999999999,0.4165599999999999,0.1422399999999999,0.32004,0.1777999999999999,0.47752,0.1676399999999999,0.0,0.1777999999999999
0.13716,0.4927599999999999,0.4064,0.12446,0.30734,0.16002,0.47244,0.1422399999999999,0.0,0.1727199999999999
0.1168399999999999,0.4876799999999999,0.39624,0.1041399999999999,0.2920999999999999,0.13716,0.45212,0.10922,0.0,0.1473199999999999
0.13208,0.5054599999999999,0.4064,0.1168399999999999,0.30988,0.14986,0.46482,0.1168399999999999,0.00508,0.1523999999999999
0.13716,0.51308,0.4114799999999999,0.1219199999999999,0.30988,0.16002,0.4699,0.11938,0.00254,0.14478
0.13716,0.51308,0.4114799999999999,0.1219199999999999,0.30988,0.16002,0.4699,0.1143,0.0,0.14478
0.12446,0.51308,0.40386,0.1143,0.3047999999999999,0.15494,0.4699,0.09144,0.0,0.12446
0.10922,0.51054,0.39624,0.09906,0.28956,0.1422399999999999,0.4673599999999999,0.0635,0.0,0.1041399999999999
0.09652,0.50292,0.37846,0.06858,0.26162,0.11176,0.43942,0.0355599999999999,0.0,0.07874
0.0838199999999999,0.49784,0.36322,0.0431799999999999,0.23876,0.0888999999999999,0.4191,0.0177799999999999,0.0,0.0609599999999999
0.0711199999999999,0.49784,0.3606799999999999,0.02286,0.2438399999999999,0.0838199999999999,0.4191,0.0152399999999999,0.0,0.05588
0.05588,0.49784,0.3352799999999999,0.0,0.2032,0.05588,0.4165599999999999,0.00508,0.0,0.0304799999999999
0.0431799999999999,0.49784,0.32258,0.0,0.19304,0.0355599999999999,0.40386,0.0,0.0,0.0127
0.0304799999999999,0.47752,0.2920999999999999,0.0,0.1651,0.0127,0.37084,0.0,0.0,0.0
0.0152399999999999,0.47752,0.29972,0.0,0.17526,0.0,0.37084,0.0,0.0,0.0
0.00254,0.4826,0.30734,0.0,0.17018,0.0,0.37338,0.0,0.0,0.0
0.0,0.47244,0.2794,0.0,0.13462,0.0,0.35306,0.0,0.0,0.0
0.0,0.43942,0.2438399999999999,0.0,0.1016,0.0,0.31496,0.0,0.0,0.0
0.0,0.42164,0.22352,0.0,0.07874,0.0,0.28956,0.0,0.0,0.0
0.0,0.42164,0.21844,0.0,0.06604,0.0,0.28702,0.0,0.0,0.0
0.0,0.42164,0.21844,0.0,0.0736599999999999,0.0,0.28702,0.0,0.0,0.0
0.0,0.42164,0.2032,0.0,0.06858,0.0,0.28702,0.0,0.0,0.0
0.0,0.40386,0.19558,0.0,0.03302,0.0,0.26416,0.0,0.0,0.0
0.0,0.4114799999999999,0.1905,0.0,0.0355599999999999,0.0,0.24892,0.0,0.0,0.0
0.0,0.40132,0.17018,0.0,0.0127,0.0,0.2209799999999999,0.0,0.0,0.0
0.0,0.3606799999999999,0.13208,0.0,0.0,0.0,0.18542,0.0,0.0,0.0
0.0,0.32004,0.0863599999999999,0.0,0.0,0.0,0.1473199999999999,0.0,0.0,0.0
0.0,0.2717799999999999,0.0380999999999999,0.0,0.0,0.0,0.1041399999999999,0.0,0.0,0.0
0.0,0.2463799999999999,0.01016,0.0,0.0,0.0,0.0635,0.0,0.0,0.0
0.0,0.2057399999999999,0.0,0.0,0.0,0.0,0.0254,0.0,0.0,0.0
0.0,0.1803399999999999,0.0,0.0,0.0,0.0,0.0,0.0,0.0,0.0
0.0,0.1803399999999999,0.0,0.0,0.0,0.0,0.0,0.0,0.0,0.0
0.0,0.1803399999999999,0.0,0.0,0.0,0.0,0.0,0.0,0.0,0.0
0.0,0.16256,0.0,0.0,0.0,0.0,0.0,0.0,0.0,0.0
0.0,0.1422399999999999,0.0,0.0,0.0,0.0,0.0,0.0,0.0,0.0
0.0,0.11938,0.0,0.0,0.0,0.0,0.0,0.0,0.0,0.0
0.0,0.08128,0.0,0.0,0.0,0.0,0.0,0.0,0.0,0.0
0.0,0.04572,0.0,0.0,0.0,0.0,0.0,0.0,0.0,0.0
0.0,0.0177799999999999,0.0,0.0,0.0,0.0,0.0,0.0,0.0,0.0
0.0,0.0152399999999999,0.0,0.0,0.0076199999999999,0.0076199999999999,0.0,0.0,0.0,0.0
0.0,0.0380999999999999,0.0,0.0,0.02032,0.0177799999999999,0.0,0.0,0.0,0.0
0.0,0.0431799999999999,0.0,0.0,0.02032,0.03302,0.0,0.02032,0.0,0.0
0.0,0.04572,0.0,0.0,0.0,0.0127,0.0,0.0,0.0,0.0
0.0,0.02032,0.0,0.0,0.0,0.0,0.0,0.0,0.0,0.0
0.0,0.01016,0.0,0.0,0.0,0.0,0.0,0.0,0.0,0.0
0.0,0.0,0.0,0.0,0.0,0.0,0.0,0.0,0.0,0.0
0.0,0.0,0.0,0.0,0.0,0.0,0.0,0.0,0.0,0.0
0.0,0.0,0.0,0.0,0.0,0.0,0.0,0.0,0.0,0.0
0.0,0.0,0.0,0.0,0.0,0.0,0.0,0.0,0.0,0.0
0.0,0.0,0.0,0.0,0.0,0.0,0.0,0.0,0.0,0.0
0.0,0.0,0.0,0.0,0.0,0.0,0.0,0.0,0.0,0.0
0.0,0.0,0.0,0.0,0.0,0.0,0.0,0.0,0.0,0.0
0.0,0.0,0.0,0.0,0.0,0.0,0.0,0.0,0.0,0.0
0.0,0.0,0.0,0.0,0.0,0.0,0.0,0.0,0.0,0.0
0.0,0.0,0.0,0.0,0.0,0.0,0.0,0.0,0.0,0.0
0.0,0.0,0.0,0.0,0.0,0.0,0.0,0.0,0.0,0.0
0.0,0.0,0.0,0.0,0.0,0.0,0.0,0.0,0.0,0.0
0.0,0.0,0.0,0.0,0.0,0.0,0.0,0.0,0.0,0.0
0.0,0.0,0.0,0.0,0.0,0.0,0.0,0.0,0.0,0.0
0.0,0.0,0.0,0.0,0.0,0.0,0.0,0.0,0.0,0.0
0.0,0.0,0.0,0.0,0.0,0.0,0.0,0.0,0.0,0.0
0.0,0.0,0.0,0.0,0.0,0.0,0.0,0.0,0.0,0.0
0.0,0.0,0.0,0.0,0.0,0.0,0.0,0.0,0.0,0.0
0.0,0.0,0.0,0.0,0.0,0.0,0.0,0.0,0.0,0.0
0.0,0.0,0.0,0.0,0.0,0.0,0.0,0.0,0.0,0.0
0.0,0.0,0.0,0.0,0.0,0.0,0.0,0.0,0.0,0.0
0.0,0.0,0.0,0.0,0.0,0.0,0.0,0.0,0.0,0.0
0.0,0.0,0.0,0.0,0.0,0.0,0.0,0.0,0.0,0.0
0.0,0.0,0.0,0.0,0.0,0.0,0.0,0.0,0.0,0.0
0.0,0.0,0.0,0.0,0.0,0.0,0.0,0.0,0.0,0.0
0.0,0.0,0.0,0.0,0.0,0.0,0.0,0.0,0.0,0.0
0.0,0.0,0.0,0.0,0.0,0.0,0.0,0.0,0.0,0.0
0.0,0.0,0.0,0.0,0.0,0.0,0.0,0.0,0.0,0.0
0.0,0.0,0.0,0.0,0.0,0.0,0.0,0.0,0.0,0.0
0.0,0.0,0.0,0.0,0.0,0.0,0.0,0.0,0.0,0.0
0.0,0.0,0.0,0.0,0.0,0.0,0.0,0.0,0.0,0.0
0.0,0.0,0.0,0.0,0.0,0.0,0.0,0.0,0.0,0.0
0.0,0.0,0.0,0.0,0.0,0.0,0.0,0.0,0.0,0.0
0.0,0.0,0.0,0.0,0.0,0.0,0.0,0.0,0.0,0.0
0.0,0.0,0.0,0.0,0.0,0.0,0.0,0.0,0.0,0.0
0.0,0.0,0.0,0.0,0.0,0.0,0.0,0.0,0.0,0.0
0.0,0.0,0.0,0.0,0.0,0.0,0.0,0.0,0.0,0.0
0.0,0.0,0.0,0.0,0.0,0.0,0.0,0.0,0.0,0.0
0.0,0.0,0.0,0.0,0.0,0.0,0.0,0.0,0.0,0.0
0.0,0.0,0.0,0.0,0.0,0.0,0.0,0.0,0.0,0.0
0.0,0.0,0.0,0.0,0.0,0.0,0.0,0.0,0.0,0.0
0.0,0.0,0.0,0.0,0.0,0.0,0.0,0.0,0.0,0.0
0.0,0.0,0.0,0.0,0.0,0.0,0.0,0.0,0.0,0.0
0.0,0.0,0.0,0.0,0.0,0.0,0.0,0.0,0.0,0.0
0.0,0.0,0.0,0.0,0.0,0.0,0.0,0.0,0.0,0.0
0.0,0.0,0.0,0.0,0.0,0.0,0.0,0.0,0.0,0.0
0.0,0.0,0.0,0.0,0.0,0.0,0.0,0.0,0.0,0.0
0.0,0.0,0.0,0.0,0.0,0.0,0.0,0.0,0.0,0.0
0.0,0.0,0.0,0.0,0.0,0.0,0.0,0.0,0.0,0.0
0.0,0.0,0.0,0.0,0.0,0.0,0.0,0.0,0.0,0.0
0.0,0.0,0.0,0.0,0.0,0.0,0.0,0.0,0.0,0.0
0.0,0.0,0.0,0.0,0.0,0.0,0.0,0.0,0.0,0.0
0.0,0.0,0.0,0.0,0.0,0.0,0.0,0.0,0.0,0.0
0.0,0.0,0.0,0.0,0.0,0.0,0.0,0.0,0.0,0.0
0.0,0.0,0.0,0.0,0.0,0.0,0.0,0.0,0.0,0.0
0.0,0.0,0.0,0.0,0.0,0.0,0.0,0.0,0.0,0.0
0.0,0.0,0.0,0.0,0.0,0.0,0.0,0.0,0.0,0.0
0.0,0.0,0.0,0.0,0.0,0.0,0.0,0.0,0.0,0.0
0.0,0.0,0.0,0.0,0.0,0.0,0.0,0.0,0.0,0.0
0.0,0.0,0.0,0.0,0.0,0.0,0.0,0.0,0.0,0.0
0.0,0.0,0.0,0.0,0.0,0.0,0.0,0.0,0.0,0.0
0.0,0.0,0.0,0.0,0.0,0.0,0.0,0.0,0.0,0.0
0.0,0.0,0.0,0.0,0.0,0.0,0.0,0.0,0.0,0.0
0.0,0.0,0.0,0.0,0.0,0.0,0.0,0.0,0.0,0.0
0.0,0.0,0.0,0.0,0.0,0.0,0.0,0.0,0.0,0.0
0.0,0.0,0.0,0.0,0.0,0.0,0.0,0.0,0.0,0.0
0.0,0.0,0.0,0.0,0.0,0.0,0.0,0.0,0.0,0.0
0.0,0.0,0.0,0.0,0.0,0.0,0.0,0.0,0.0,0.0
0.0,0.0,0.0,0.0,0.0,0.0,0.0,0.0,0.0,0.0
0.0,0.0,0.0,0.0,0.0,0.0,0.0,0.0,0.0,0.0
0.0,0.0,0.0,0.0,0.0,0.0,0.0,0.0,0.0,0.0
0.0,0.0,0.0,0.0,0.0,0.0,0.0,0.0,0.0,0.0
0.0,0.0,0.0,0.0,0.0,0.0,0.0,0.0,0.0,0.0
0.0,0.0,0.0,0.0,0.0,0.0,0.0,0.0,0.0,0.0
0.0,0.0,0.0,0.0,0.0,0.0,0.0,0.0,0.0,0.0
0.0,0.0,0.0,0.0,0.0,0.0,0.0,0.0,0.0,0.0
0.0,0.0,0.0,0.0,0.0,0.0,0.0,0.0,0.0,0.0
0.0,0.0,0.0,0.0,0.0,0.0,0.0,0.0,0.0,0.0
0.0,0.0,0.0,0.0,0.0,0.0,0.0,0.0,0.0,0.0
0.0,0.0,0.0,0.0,0.0,0.0,0.0,0.0,0.0,0.0
0.0,0.0,0.0,0.0,0.0,0.0,0.0,0.0,0.0,0.0
0.0,0.0,0.0,0.0,0.0,0.0,0.0,0.0,0.0,0.0
0.0,0.0,0.0,0.0,0.0,0.0,0.0,0.0,0.0,0.0
0.0,0.0,0.0,0.0,0.0,0.0,0.0,0.0,0.0,0.0
0.0,0.0,0.0,0.0,0.0,0.0,0.0,0.0,0.0,0.0
0.0,0.0,0.0,0.0,0.0,0.0,0.0,0.0,0.0,0.0
0.0,0.0,0.0,0.0,0.0,0.0,0.0,0.0,0.0,0.0
0.0,0.0,0.0,0.0,0.0,0.0,0.0,0.0,0.0,0.0
0.0,0.0,0.0,0.0,0.0,0.0,0.0,0.0,0.0,0.0
0.0,0.0,0.0,0.0,0.0,0.0,0.0,0.0,0.0,0.0
0.0,0.0,0.0,0.0,0.0,0.0,0.0,0.0,0.0,0.0
0.0,0.0,0.0,0.0,0.0,0.0,0.0,0.0,0.0,0.0
0.0,0.0,0.0,0.0,0.0,0.0,0.0,0.0,0.0,0.0
0.0,0.0,0.0,0.0,0.0,0.0,0.0,0.0,0.0,0.0
0.0,0.0,0.0,0.0,0.0,0.0,0.0,0.0,0.0,0.0
0.0,0.0,0.0,0.0,0.0,0.0,0.0,0.0,0.0,0.0
0.0,0.0,0.0,0.0,0.0,0.0,0.0,0.0,0.0,0.0
0.0,0.0,0.0,0.0,0.0,0.0,0.0,0.0,0.0,0.0
0.0,0.0,0.0,0.0,0.0,0.0,0.0,0.0,0.0,0.0
0.0,0.0,0.0,0.0,0.0,0.0,0.0,0.0,0.0,0.0
0.0,0.0,0.0,0.0,0.0,0.0,0.0,0.0,0.0,0.0
0.0,0.0,0.0,0.0,0.0,0.0,0.0,0.0,0.0,0.0
0.0,0.0,0.0,0.0,0.0,0.0,0.0,0.0,0.0,0.0
0.0,0.0,0.0,0.0,0.0,0.0,0.0,0.0,0.0,0.0
0.0,0.0,0.0,0.0,0.0,0.0,0.0,0.0,0.0,0.0
0.0,0.0,0.0,0.0,0.0,0.0,0.0,0.0,0.0,0.0
0.0,0.0,0.0,0.0,0.0,0.0,0.0,0.0,0.0,0.0
0.0,0.0,0.0,0.0,0.0,0.0,0.0,0.0,0.0,0.0
0.0,0.0,0.0,0.0,0.0,0.0,0.0,0.0,0.0,0.0
0.0,0.0,0.0,0.0,0.0,0.0,0.0,0.0,0.0,0.0
0.0,0.0,0.0,0.0,0.0,0.0,0.0,0.0,0.0,0.0
0.0,0.0,0.0,0.0,0.0,0.0,0.0,0.0,0.0,0.0
0.0,0.0,0.0,0.0,0.0,0.0,0.0,0.0,0.0,0.0
0.0,0.0,0.0,0.0,0.0,0.0,0.0,0.0,0.0,0.0
0.0,0.0,0.0,0.0,0.0,0.0,0.0,0.0,0.0,0.0
0.0,0.0,0.0,0.0,0.0,0.0,0.0,0.0,0.0,0.0
0.0,0.0,0.0,0.0,0.0,0.0,0.0,0.0,0.0,0.0
0.0,0.0,0.0,0.0,0.0,0.0,0.0,0.0,0.0,0.0
0.0,0.0,0.0,0.0,0.0,0.0,0.0,0.0,0.0,0.0
0.0,0.0,0.0,0.0,0.0,0.0,0.0,0.0,0.0,0.0
0.0,0.0,0.0,0.0,0.0,0.0,0.0,0.0,0.0,0.0
0.0,0.0,0.0,0.0,0.0,0.0,0.0,0.0,0.0,0.0
0.0,0.0,0.0,0.0,0.0,0.0,0.0,0.0,0.0,0.0
0.0,0.0,0.0,0.0,0.0,0.0,0.0,0.0,0.0,0.0
0.0,0.0,0.0,0.0,0.0,0.0,0.0,0.0,0.0,0.0
0.0,0.0,0.0,0.0,0.0,0.0,0.0,0.0,0.0,0.0
0.0,0.0,0.0,0.0,0.0,0.0,0.0,0.0,0.0,0.0
0.0,0.0,0.0,0.0,0.0,0.0,0.0,0.0,0.0,0.0
0.0,0.0,0.0,0.0,0.0,0.0,0.0,0.0,0.0,0.0
0.0,0.0,0.0,0.0,0.0,0.0,0.0,0.0,0.0,0.0
0.0,0.0,0.0,0.0,0.0,0.0,0.0,0.0,0.0,0.0
0.0,0.0,0.0,0.0,0.0,0.0,0.0,0.0,0.0,0.0
0.0,0.0,0.0,0.0,0.0,0.0,0.0,0.0,0.0,0.0
0.0,0.0,0.0,0.0,0.0,0.0,0.0,0.0,0.0,0.0
0.0,0.0,0.0,0.0,0.0,0.0,0.0,0.0,0.0,0.0
0.0,0.0,0.0,0.0,0.0,0.0,0.0,0.0,0.0,0.0
0.0,0.0,0.0,0.0,0.0,0.0,0.0,0.0,0.0,0.0
0.0,0.0,0.0,0.0,0.0,0.0,0.0,0.0,0.0,0.0
0.0,0.0,0.0,0.0,0.0,0.0,0.0,0.0,0.0,0.0
0.0,0.0,0.0,0.0,0.0,0.0,0.0,0.0,0.0,0.0
0.0,0.0,0.0,0.0,0.0,0.0,0.0,0.0,0.0,0.0
0.01016,0.02794,0.02794,0.00508,0.01016,0.02286,0.0177799999999999,0.0127,0.00508,0.0076199999999999
0.0127,0.0355599999999999,0.0355599999999999,0.0076199999999999,0.01016,0.02794,0.02032,0.0152399999999999,0.00508,0.0076199999999999
0.0127,0.0355599999999999,0.0355599999999999,0.00508,0.01016,0.02794,0.02032,0.0152399999999999,0.00508,0.0076199999999999
0.0127,0.0355599999999999,0.0355599999999999,0.00508,0.0152399999999999,0.02794,0.02032,0.0152399999999999,0.0,0.0076199999999999
0.0152399999999999,0.04826,0.04826,0.01016,0.02032,0.0380999999999999,0.0304799999999999,0.02794,0.00508,0.0152399999999999
0.0152399999999999,0.0431799999999999,0.04826,0.01016,0.02032,0.0380999999999999,0.0304799999999999,0.02794,0.0,0.0152399999999999
0.02286,0.0431799999999999,0.0508,0.01016,0.02032,0.0380999999999999,0.0304799999999999,0.02794,0.0,0.0152399999999999
0.02286,0.0431799999999999,0.0508,0.01016,0.0254,0.0380999999999999,0.0304799999999999,0.02794,0.0,0.0152399999999999
0.02286,0.0431799999999999,0.0508,0.01016,0.0152399999999999,0.0380999999999999,0.0304799999999999,0.02794,0.0,0.0152399999999999
0.0254,0.04826,0.0508,0.01016,0.01016,0.0380999999999999,0.0304799999999999,0.02794,0.0,0.0152399999999999
0.0254,0.04826,0.0508,0.01016,0.0,0.0380999999999999,0.0304799999999999,0.02794,0.0,0.0152399999999999
0.04064,0.0711199999999999,0.08128,0.02794,0.02032,0.05588,0.0609599999999999,0.0355599999999999,0.0177799999999999,0.0254
0.04064,0.0711199999999999,0.08128,0.02794,0.02032,0.05588,0.0609599999999999,0.0355599999999999,0.0177799999999999,0.0254
0.04064,0.0736599999999999,0.0838199999999999,0.02794,0.02032,0.05588,0.0609599999999999,0.0355599999999999,0.0177799999999999,0.02794
0.0584199999999999,0.09144,0.10668,0.04572,0.05334,0.0761999999999999,0.0736599999999999,0.0736599999999999,0.02032,0.04826
0.0584199999999999,0.09398,0.10668,0.04572,0.0584199999999999,0.0761999999999999,0.07874,0.0736599999999999,0.02032,0.0508
0.0584199999999999,0.09398,0.10668,0.04572,0.0584199999999999,0.0761999999999999,0.08128,0.0736599999999999,0.0152399999999999,0.05334
0.0609599999999999,0.09652,0.10668,0.04572,0.0736599999999999,0.0838199999999999,0.12446,0.0736599999999999,0.0076199999999999,0.06604
0.06858,0.11176,0.1219199999999999,0.0508,0.1143,0.1016,0.1473199999999999,0.0863599999999999,0.02032,0.0838199999999999
0.06858,0.11176,0.1219199999999999,0.0508,0.1143,0.1016,0.1473199999999999,0.0863599999999999,0.02032,0.0838199999999999
0.06858,0.11176,0.1219199999999999,0.0508,0.1143,0.1016,0.1473199999999999,0.0863599999999999,0.02032,0.0838199999999999
0.06858,0.11176,0.1219199999999999,0.0508,0.1143,0.1016,0.1473199999999999,0.0863599999999999,0.02032,0.0838199999999999
0.06858,0.11176,0.1219199999999999,0.0508,0.1143,0.1016,0.1473199999999999,0.0863599999999999,0.02032,0.0838199999999999
0.06858,0.11176,0.1219199999999999,0.0508,0.1143,0.1016,0.1473199999999999,0.0863599999999999,0.02032,0.0838199999999999
0.06858,0.11176,0.1219199999999999,0.0508,0.1143,0.1016,0.1473199999999999,0.0863599999999999,0.02032,0.0838199999999999
0.06858,0.11176,0.1219199999999999,0.0508,0.1143,0.1016,0.1473199999999999,0.0863599999999999,0.02032,0.0838199999999999
0.06858,0.11176,0.1219199999999999,0.0508,0.1143,0.1016,0.1473199999999999,0.0863599999999999,0.02032,0.0838199999999999
0.06858,0.11176,0.1219199999999999,0.0508,0.1143,0.1016,0.1473199999999999,0.0863599999999999,0.02032,0.0838199999999999
0.06858,0.11176,0.1219199999999999,0.0508,0.1143,0.1016,0.1473199999999999,0.0863599999999999,0.02032,0.0838199999999999
0.06858,0.11176,0.1219199999999999,0.0508,0.1143,0.1016,0.1473199999999999,0.0863599999999999,0.02032,0.0838199999999999
0.06858,0.11176,0.1219199999999999,0.0508,0.1143,0.1016,0.1473199999999999,0.0863599999999999,0.02032,0.0838199999999999
0.06858,0.11176,0.1219199999999999,0.0508,0.1143,0.1016,0.1473199999999999,0.0863599999999999,0.02032,0.0863599999999999
0.0761999999999999,0.1219199999999999,0.127,0.05588,0.1143,0.1016,0.1473199999999999,0.0863599999999999,0.02286,0.0863599999999999
0.0761999999999999,0.1219199999999999,0.127,0.05588,0.1143,0.1016,0.1523999999999999,0.0863599999999999,0.02286,0.0863599999999999
0.0761999999999999,0.1219199999999999,0.127,0.05588,0.1143,0.1041399999999999,0.1523999999999999,0.0863599999999999,0.02286,0.0863599999999999
0.0761999999999999,0.1219199999999999,0.12954,0.05588,0.1143,0.1041399999999999,0.1523999999999999,0.0863599999999999,0.02286,0.0888999999999999
0.0761999999999999,0.1219199999999999,0.12954,0.05588,0.1143,0.1041399999999999,0.1523999999999999,0.0863599999999999,0.02286,0.0888999999999999
0.0761999999999999,0.1397,0.1397,0.0584199999999999,0.13716,0.1219199999999999,0.1651,0.1041399999999999,0.03302,0.1016
0.0761999999999999,0.1422399999999999,0.1473199999999999,0.0584199999999999,0.1397,0.12954,0.1651,0.11176,0.03302,0.1016
0.0838199999999999,0.14986,0.14986,0.0635,0.1422399999999999,0.12954,0.1727199999999999,0.11176,0.03302,0.1041399999999999
0.09398,0.1523999999999999,0.1523999999999999,0.06604,0.14478,0.12954,0.1803399999999999,0.11176,0.0380999999999999,0.10922
0.09398,0.16002,0.15748,0.0736599999999999,0.15748,0.1422399999999999,0.18542,0.11938,0.0431799999999999,0.1143
0.1041399999999999,0.1676399999999999,0.16256,0.0838199999999999,0.16002,0.1422399999999999,0.1905,0.11938,0.0431799999999999,0.1168399999999999
0.10922,0.17526,0.1676399999999999,0.0888999999999999,0.1676399999999999,0.1473199999999999,0.19812,0.11938,0.04572,0.1219199999999999
0.11176,0.17526,0.1676399999999999,0.09144,0.1676399999999999,0.1473199999999999,0.2032,0.11938,0.04572,0.1219199999999999
0.11176,0.17526,0.1676399999999999,0.09144,0.1676399999999999,0.1473199999999999,0.2032,0.11938,0.04572,0.1219199999999999
0.11938,0.18288,0.17526,0.1016,0.1676399999999999,0.14986,0.2057399999999999,0.1219199999999999,0.04572,0.1219199999999999
0.11938,0.18288,0.17526,0.1016,0.1676399999999999,0.14986,0.2057399999999999,0.1219199999999999,0.04572,0.1219199999999999
0.11938,0.18288,0.1777999999999999,0.1016,0.1727199999999999,0.1523999999999999,0.2082799999999999,0.12446,0.04572,0.1219199999999999
0.1219199999999999,0.18796,0.1803399999999999,0.1016,0.1727199999999999,0.1523999999999999,0.2082799999999999,0.12446,0.04826,0.12446
0.127,0.1905,0.18288,0.11176,0.18796,0.16002,0.2336799999999999,0.13462,0.05334,0.13208
0.127,0.19812,0.18542,0.1168399999999999,0.19558,0.1676399999999999,0.2336799999999999,0.13462,0.05588,0.13462
0.13208,0.21336,0.19812,0.12954,0.20066,0.17526,0.23622,0.13462,0.05588,0.13716
0.13208,0.2158999999999999,0.20066,0.13208,0.2032,0.17526,0.23622,0.13462,0.0584199999999999,0.13716
0.13208,0.21844,0.20066,0.13462,0.2032,0.1777999999999999,0.23622,0.13716,0.0584199999999999,0.13716
0.13208,0.21844,0.20066,0.13462,0.2032,0.1777999999999999,0.23622,0.13716,0.0584199999999999,0.13716
0.13208,0.21844,0.2032,0.13462,0.2032,0.1777999999999999,0.23622,0.13716,0.0584199999999999,0.13716
0.13208,0.2209799999999999,0.2032,0.13462,0.2032,0.1777999999999999,0.23622,0.13716,0.0584199999999999,0.13716
0.13462,0.2209799999999999,0.2032,0.13462,0.2032,0.1777999999999999,0.23622,0.13716,0.0584199999999999,0.13716
0.13462,0.2209799999999999,0.2032,0.13716,0.2032,0.1777999999999999,0.23622,0.13716,0.0584199999999999,0.13716
0.13716,0.23622,0.21082,0.14478,0.21336,0.18288,0.25146,0.1473199999999999,0.06858,0.1473199999999999
0.13716,0.23622,0.21336,0.14478,0.21336,0.18288,0.25146,0.1473199999999999,0.06858,0.1473199999999999
0.1397,0.23876,0.21336,0.1473199999999999,0.2158999999999999,0.18288,0.26416,0.1473199999999999,0.06858,0.1473199999999999
0.1397,0.23876,0.21336,0.1473199999999999,0.2209799999999999,0.18542,0.26416,0.1473199999999999,0.06858,0.1473199999999999
0.1397,0.2413,0.21336,0.1473199999999999,0.2209799999999999,0.18542,0.26416,0.1473199999999999,0.06858,0.14986
0.1397,0.2413,0.21336,0.1473199999999999,0.2209799999999999,0.18542,0.26416,0.1473199999999999,0.06858,0.14986
0.15748,0.2717799999999999,0.2286,0.1777999999999999,0.254,0.21844,0.28956,0.1727199999999999,0.07874,0.1727199999999999
0.16256,0.2844799999999999,0.23876,0.19558,0.25908,0.2286,0.29972,0.1803399999999999,0.08128,0.1777999999999999
0.16256,0.2844799999999999,0.23876,0.19558,0.25908,0.2286,0.29972,0.18288,0.08128,0.1777999999999999
0.17526,0.30226,0.2438399999999999,0.2082799999999999,0.26416,0.2438399999999999,0.31242,0.2057399999999999,0.0888999999999999,0.18542
0.2032,0.32004,0.26162,0.2158999999999999,0.29972,0.26924,0.3454399999999999,0.2336799999999999,0.09652,0.2032
0.21336,0.3352799999999999,0.27432,0.22606,0.32512,0.2946399999999999,0.39116,0.2717799999999999,0.1143,0.2336799999999999
0.21844,0.34036,0.2819399999999999,0.2311399999999999,0.32512,0.2946399999999999,0.39624,0.27686,0.1168399999999999,0.2336799999999999
0.21844,0.34036,0.2819399999999999,0.2311399999999999,0.32512,0.2946399999999999,0.3987799999999999,0.27686,0.1168399999999999,0.2336799999999999
0.21844,0.34036,0.2819399999999999,0.2311399999999999,0.32512,0.29972,0.3987799999999999,0.27686,0.1168399999999999,0.2336799999999999
0.22352,0.3454399999999999,0.2844799999999999,0.23622,0.32512,0.30226,0.41402,0.28956,0.1219199999999999,0.23876
0.2311399999999999,0.35306,0.28702,0.2438399999999999,0.34036,0.32512,0.42672,0.32766,0.12954,0.2463799999999999
0.2311399999999999,0.35306,0.28702,0.2438399999999999,0.34036,0.32512,0.42672,0.32766,0.12954,0.2463799999999999
0.2311399999999999,0.35306,0.28702,0.2438399999999999,0.34036,0.32512,0.42672,0.32766,0.12954,0.2463799999999999
0.25146,0.37846,0.2920999999999999,0.254,0.35306,0.3479799999999999,0.4419599999999999,0.36322,0.14478,0.26162
0.2717799999999999,0.4114799999999999,0.31496,0.2794,0.38608,0.37846,0.49022,0.4317999999999999,0.1676399999999999,0.28956
0.2794,0.4191,0.32004,0.28956,0.3987799999999999,0.38354,0.50292,0.45212,0.1727199999999999,0.2946399999999999
0.2819399999999999,0.42164,0.32258,0.28956,0.3987799999999999,0.38354,0.508,0.45212,0.1727199999999999,0.2946399999999999
0.2819399999999999,0.42164,0.32258,0.28956,0.3987799999999999,0.38354,0.51054,0.45212,0.1727199999999999,0.2946399999999999
0.2819399999999999,0.42164,0.32258,0.28956,0.3987799999999999,0.38354,0.51816,0.45974,0.1727199999999999,0.2946399999999999
0.2844799999999999,0.4292599999999999,0.32512,0.2946399999999999,0.4064,0.40386,0.5334,0.4826,0.1803399999999999,0.3047999999999999
0.28702,0.4317999999999999,0.32512,0.2971799999999999,0.4114799999999999,0.4064,0.55118,0.49022,0.18542,0.30988
0.28702,0.4317999999999999,0.32512,0.2971799999999999,0.41402,0.4064,0.55372,0.49022,0.18542,0.30988
0.28702,0.4317999999999999,0.32512,0.2971799999999999,0.41402,0.4064,0.55372,0.49022,0.18542,0.30988
0.28702,0.4317999999999999,0.32766,0.2971799999999999,0.41402,0.4064,0.55372,0.4927599999999999,0.18542,0.30988
0.28702,0.4317999999999999,0.32766,0.2971799999999999,0.41402,0.40894,0.5588,0.4927599999999999,0.18542,0.30988
0.28956,0.43434,0.32766,0.2971799999999999,0.41402,0.40894,0.5588,0.4927599999999999,0.18542,0.30988
0.28956,0.43434,0.32766,0.2971799999999999,0.4165599999999999,0.40894,0.5588,0.4927599999999999,0.18542,0.30988
0.28956,0.43942,0.33274,0.29972,0.4165599999999999,0.40894,0.5588,0.4952999999999999,0.18542,0.30988
0.2920999999999999,0.4419599999999999,0.33274,0.3047999999999999,0.4165599999999999,0.40894,0.5588,0.4952999999999999,0.18542,0.30988
0.2920999999999999,0.44704,0.33782,0.3047999999999999,0.4165599999999999,0.40894,0.5638799999999999,0.4952999999999999,0.18542,0.30988
0.2920999999999999,0.44704,0.33782,0.30734,0.4165599999999999,0.40894,0.5638799999999999,0.49784,0.18796,0.30988
0.29972,0.45212,0.33782,0.31496,0.43688,0.4241799999999999,0.5715,0.51816,0.19558,0.3175
0.30734,0.4572,0.34036,0.31496,0.44704,0.4292599999999999,0.57658,0.52324,0.19812,0.32258
0.30734,0.4673599999999999,0.34036,0.32004,0.4572,0.4292599999999999,0.58166,0.52832,0.2032,0.32512
0.30734,0.4673599999999999,0.34036,0.32004,0.4572,0.4292599999999999,0.58166,0.52832,0.2032,0.32512
0.30734,0.4673599999999999,0.34036,0.32004,0.4572,0.4292599999999999,0.58166,0.52832,0.2032,0.32512
0.30734,0.4673599999999999,0.34036,0.32004,0.4572,0.4292599999999999,0.58166,0.52832,0.2032,0.32512
0.30734,0.4673599999999999,0.34036,0.32004,0.4572,0.4292599999999999,0.58166,0.52832,0.2032,0.32512
0.30988,0.4673599999999999,0.34036,0.32512,0.4572,0.4292599999999999,0.58166,0.52832,0.2032,0.32512
0.30988,0.4673599999999999,0.3479799999999999,0.32512,0.4572,0.4292599999999999,0.58166,0.52832,0.2032,0.32512
0.30988,0.47244,0.3479799999999999,0.3302,0.4673599999999999,0.43434,0.58674,0.5308599999999999,0.2057399999999999,0.3302
0.3175,0.47752,0.35052,0.3352799999999999,0.47244,0.4419599999999999,0.59182,0.5308599999999999,0.2057399999999999,0.3302
0.3175,0.47752,0.35052,0.3352799999999999,0.47244,0.4419599999999999,0.59182,0.5308599999999999,0.2057399999999999,0.3302
0.3175,0.47752,0.35052,0.3352799999999999,0.47244,0.4419599999999999,0.59182,0.5308599999999999,0.2057399999999999,0.3302
0.3175,0.47752,0.35052,0.3352799999999999,0.47244,0.4419599999999999,0.59182,0.5308599999999999,0.2057399999999999,0.3302
0.3175,0.4800599999999999,0.35306,0.3352799999999999,0.47752,0.4419599999999999,0.59182,0.5308599999999999,0.2057399999999999,0.3302
0.3175,0.4800599999999999,0.35306,0.3352799999999999,0.47752,0.4419599999999999,0.59182,0.5308599999999999,0.2057399999999999,0.3302
0.3175,0.4800599999999999,0.35306,0.3352799999999999,0.47752,0.4419599999999999,0.59182,0.5308599999999999,0.2057399999999999,0.3302
0.3175,0.4800599999999999,0.35306,0.3352799999999999,0.47752,0.4419599999999999,0.59182,0.5308599999999999,0.2057399999999999,0.3302
0.3175,0.4800599999999999,0.35306,0.3352799999999999,0.4800599999999999,0.4445,0.59182,0.5308599999999999,0.2057399999999999,0.33274
0.3175,0.49022,0.35306,0.3352799999999999,0.4800599999999999,0.4445,0.59182,0.5308599999999999,0.2082799999999999,0.33274
0.3175,0.49784,0.35306,0.3352799999999999,0.4800599999999999,0.4445,0.59182,0.5308599999999999,0.2082799999999999,0.33274
0.3175,0.49784,0.35306,0.3352799999999999,0.4826,0.4445,0.59182,0.5308599999999999,0.2082799999999999,0.33274
0.3175,0.49784,0.35306,0.3352799999999999,0.4826,0.4445,0.59182,0.5308599999999999,0.2082799999999999,0.33274
0.3175,0.49784,0.35306,0.3352799999999999,0.48514,0.4445,0.59182,0.5308599999999999,0.2082799999999999,0.33274
0.3175,0.49784,0.35306,0.33782,0.48514,0.4445,0.59182,0.5308599999999999,0.2082799999999999,0.33274
0.32004,0.5257799999999999,0.36322,0.35306,0.51054,0.47244,0.61976,0.5689599999999999,0.22352,0.35052
0.32004,0.53594,0.37338,0.3606799999999999,0.51562,0.4800599999999999,0.635,0.58166,0.2286,0.3555999999999999
0.32004,0.54102,0.37592,0.36576,0.5206999999999999,0.4800599999999999,0.65024,0.58166,0.2286,0.3581399999999999
0.32004,0.5435599999999999,0.37846,0.3682999999999999,0.5257799999999999,0.4826,0.65532,0.58166,0.2311399999999999,0.3581399999999999
0.3302,0.5461,0.381,0.37084,0.5257799999999999,0.4826,0.6578599999999999,0.5841999999999999,0.2311399999999999,0.36322
0.3302,0.54864,0.381,0.37084,0.53594,0.4876799999999999,0.6604,0.59182,0.2336799999999999,0.3682999999999999
0.3302,0.5715,0.3937,0.38608,0.55118,0.4927599999999999,0.67818,0.6095999999999999,0.2438399999999999,0.37846
0.3429,0.5841999999999999,0.40386,0.3987799999999999,0.57658,0.5054599999999999,0.6959599999999999,0.6223,0.25908,0.3937
0.3454399999999999,0.5892799999999999,0.40386,0.3987799999999999,0.57658,0.5054599999999999,0.70612,0.6248400000000001,0.25908,0.3937
0.3454399999999999,0.5892799999999999,0.40386,0.3987799999999999,0.57658,0.5054599999999999,0.70866,0.6248400000000001,0.25908,0.3937
0.3454399999999999,0.5892799999999999,0.40386,0.3987799999999999,0.58166,0.508,0.70866,0.6273799999999999,0.25908,0.3937
0.35052,0.60452,0.41402,0.4114799999999999,0.5969,0.51308,0.73152,0.64262,0.26924,0.40894
0.36576,0.6273799999999999,0.4292599999999999,0.4317999999999999,0.61214,0.5334,0.7594599999999999,0.66294,0.27686,0.41402
0.37084,0.63754,0.43942,0.43942,0.61468,0.54102,0.76962,0.66802,0.2794,0.4165599999999999
0.37084,0.63754,0.43942,0.43942,0.61468,0.54102,0.76962,0.66802,0.2794,0.4165599999999999
0.37592,0.64262,0.4445,0.4445,0.6223,0.54864,0.77724,0.67564,0.2819399999999999,0.4165599999999999
0.37846,0.64516,0.44704,0.44704,0.6273799999999999,0.55118,0.78232,0.68072,0.2844799999999999,0.42164
0.4114799999999999,0.68326,0.4749799999999999,0.4673599999999999,0.65532,0.58674,0.80772,0.7111999999999999,0.2920999999999999,0.44704
0.4114799999999999,0.68326,0.4749799999999999,0.4673599999999999,0.65532,0.5892799999999999,0.80772,0.7111999999999999,0.2920999999999999,0.44704
0.41402,0.68326,0.47752,0.47752,0.6578599999999999,0.5943599999999999,0.81534,0.7213599999999999,0.2920999999999999,0.45212
0.41402,0.6858,0.47752,0.47752,0.66548,0.5943599999999999,0.81534,0.7239,0.2920999999999999,0.45212
0.4191,0.6858,0.47752,0.4800599999999999,0.6705599999999999,0.5943599999999999,0.82804,0.7365999999999999,0.2844799999999999,0.4572
0.43688,0.7111999999999999,0.4927599999999999,0.49784,0.6959599999999999,0.61722,0.85344,0.75184,0.28702,0.4673599999999999
0.43688,0.7111999999999999,0.4927599999999999,0.49784,0.6959599999999999,0.61722,0.85344,0.75184,0.28702,0.4673599999999999
0.43688,0.7111999999999999,0.4952999999999999,0.49784,0.6959599999999999,0.61722,0.85344,0.75184,0.28702,0.4673599999999999
0.43688,0.7111999999999999,0.4952999999999999,0.49784,0.6959599999999999,0.61976,0.85344,0.75184,0.28702,0.4673599999999999
0.43688,0.71374,0.49784,0.49784,0.6959599999999999,0.6248400000000001,0.8585199999999998,0.75692,0.28702,0.4673599999999999
0.43942,0.7213599999999999,0.50292,0.50292,0.71374,0.63754,0.8712199999999999,0.7746999999999999,0.28702,0.47752
0.4445,0.72898,0.508,0.5054599999999999,0.7213599999999999,0.64516,0.8839199999999999,0.7797799999999999,0.28702,0.4826
0.44958,0.7365999999999999,0.51308,0.51054,0.72898,0.6578599999999999,0.90678,0.8000999999999999,0.28956,0.4876799999999999
0.45212,0.74676,0.5206999999999999,0.51816,0.74676,0.67818,0.9220199999999998,0.8229599999999999,0.29972,0.51054
0.4673599999999999,0.78232,0.54864,0.5334,0.76454,0.6959599999999999,0.93218,0.8382,0.30988,0.51816
0.4749799999999999,0.78232,0.54864,0.54102,0.7746999999999999,0.70358,0.93472,0.8509,0.31242,0.52324
0.4749799999999999,0.78232,0.54864,0.54102,0.77724,0.7162799999999999,0.93726,0.86614,0.3175,0.5257799999999999
0.4876799999999999,0.7975599999999999,0.5588,0.55118,0.7874,0.7365999999999999,0.9398,0.89916,0.32512,0.5257799999999999
0.4876799999999999,0.7975599999999999,0.5588,0.55118,0.7874,0.7365999999999999,0.9398,0.89916,0.32512,0.5257799999999999
0.49784,0.80264,0.56642,0.55626,0.79502,0.75692,0.9525,0.9144,0.3302,0.54102
0.50292,0.81534,0.57658,0.5689599999999999,0.80772,0.77724,0.96012,0.92964,0.33274,0.5461
0.508,0.8255,0.5892799999999999,0.57912,0.83058,0.8128,0.97282,0.98044,0.33782,0.55118
0.51308,0.8255,0.5892799999999999,0.58166,0.8331199999999999,0.8128,0.97282,0.98044,0.33274,0.55118
0.51308,0.83566,0.5943599999999999,0.58166,0.8610599999999999,0.8204199999999999,0.97282,0.99314,0.34036,0.5689599999999999
0.5257799999999999,0.8585199999999998,0.6223,0.5943599999999999,0.889,0.8610599999999999,0.9906,1.0287,0.3606799999999999,0.5943599999999999
0.55118,0.889,0.64262,0.61468,0.9017,0.8864599999999999,1.0033,1.0490199999999998,0.3606799999999999,0.5969
0.55118,0.8966199999999999,0.64262,0.61976,0.90424,0.8966199999999999,1.0033,1.0617199999999998,0.3606799999999999,0.5969
0.55626,0.89916,0.64262,0.61976,0.90424,0.8966199999999999,1.0033,1.0617199999999998,0.3606799999999999,0.5969
0.5588,0.89916,0.64262,0.61976,0.90424,0.8966199999999999,1.0033,1.05918,0.3606799999999999,0.5969
0.55118,0.89916,0.64008,0.61976,0.90424,0.889,1.0033,1.0515599999999998,0.3555999999999999,0.5943599999999999
0.5461,0.89916,0.63754,0.61468,0.89154,0.87884,1.0033,1.0490199999999998,0.3454399999999999,0.58674
0.53848,0.89408,0.62992,0.59944,0.88138,0.86868,1.0033,1.04648,0.32512,0.57912
0.5257799999999999,0.88138,0.6248400000000001,0.58166,0.86614,0.8559800000000001,1.0033,1.02108,0.30226,0.5638799999999999
0.51562,0.8763,0.6248400000000001,0.5638799999999999,0.8509,0.8458199999999999,1.0033,0.9906,0.2794,0.5435599999999999
0.52324,0.8763,0.6248400000000001,0.5638799999999999,0.84074,0.8483599999999999,1.0033,0.97028,0.27432,0.5435599999999999
0.5206999999999999,0.8763,0.6223,0.5638799999999999,0.84074,0.8483599999999999,1.0033,0.96774,0.27432,0.5435599999999999
0.51816,0.8763,0.61976,0.5588,0.84074,0.8483599999999999,1.0033,0.96774,0.26416,0.5435599999999999
0.51308,0.87376,0.61976,0.54864,0.84074,0.8483599999999999,1.0033,0.96774,0.2438399999999999,0.54102
0.4876799999999999,0.8712199999999999,0.61976,0.53848,0.8382,0.8483599999999999,1.0033,0.95504,0.2158999999999999,0.53848
0.4927599999999999,0.8712199999999999,0.6223,0.53594,0.8458199999999999,0.8610599999999999,1.00838,0.96266,0.2209799999999999,0.54102
0.5003799999999999,0.86614,0.6223,0.53594,0.8458199999999999,0.85344,1.00838,0.9525,0.21844,0.54102
0.5003799999999999,0.87376,0.6248400000000001,0.53594,0.8509,0.84328,1.00838,0.9525,0.21336,0.5435599999999999
0.5003799999999999,0.8864599999999999,0.6273799999999999,0.53848,0.85344,0.85344,1.00838,0.96012,0.21082,0.53848
0.5003799999999999,0.8864599999999999,0.6273799999999999,0.53848,0.85344,0.8559800000000001,1.016,0.96266,0.2082799999999999,0.53848
0.5003799999999999,0.8864599999999999,0.6273799999999999,0.53848,0.85344,0.8509,1.02108,0.96266,0.19304,0.5308599999999999
0.5054599999999999,0.90424,0.62992,0.5308599999999999,0.8635999999999999,0.85344,1.0287,0.97282,0.17018,0.51308
0.5054599999999999,0.90932,0.6324599999999999,0.5334,0.8610599999999999,0.84328,1.0287,0.94996,0.17018,0.51308
0.5003799999999999,0.90678,0.6273799999999999,0.5206999999999999,0.8585199999999998,0.83058,1.02108,0.9220199999999998,0.1523999999999999,0.508
0.4673599999999999,0.9017,0.61214,0.4952999999999999,0.84328,0.83566,1.016,0.87376,0.1219199999999999,0.47752
0.44958,0.9017,0.5841999999999999,0.4699,0.8229599999999999,0.81534,0.9906,0.8255,0.09398,0.45974
0.4241799999999999,0.89916,0.5613400000000001,0.43688,0.8000999999999999,0.76454,0.9220199999999998,0.7797799999999999,0.04826,0.42672
0.39116,0.89408,0.5334,0.4064,0.76962,0.70358,0.8712199999999999,0.73152,0.02032,0.39624
0.3682999999999999,0.8712199999999999,0.50292,0.37592,0.74168,0.64516,0.8635999999999999,0.6883400000000001,0.0076199999999999,0.37338
0.35306,0.84074,0.4826,0.35306,0.7213599999999999,0.59944,0.85344,0.6527799999999999,0.0,0.3555999999999999
0.32766,0.8229599999999999,0.4572,0.3352799999999999,0.6985,0.55626,0.84328,0.61722,0.0,0.3302
0.30734,0.80772,0.4317999999999999,0.31496,0.68072,0.5206999999999999,0.84328,0.5892799999999999,0.0,0.30734
0.29972,0.7975599999999999,0.4165599999999999,0.3047999999999999,0.6604,0.50292,0.8458199999999999,0.56642,0.0,0.2971799999999999
0.29972,0.79248,0.40386,0.29972,0.66294,0.4927599999999999,0.85344,0.55626,0.0,0.2946399999999999
0.29972,0.79502,0.4064,0.28956,0.66294,0.48514,0.85344,0.53594,0.0,0.2819399999999999
0.2819399999999999,0.78994,0.3937,0.27686,0.65024,0.4572,0.85344,0.508,0.0,0.25908
0.26162,0.76962,0.37338,0.254,0.61468,0.4114799999999999,0.8483599999999999,0.46482,0.0,0.2336799999999999
0.24892,0.75184,0.35052,0.23622,0.59182,0.38608,0.8458199999999999,0.4445,0.0,0.21336
0.22606,0.7365999999999999,0.3302,0.21336,0.5638799999999999,0.35306,0.8382,0.40894,0.0,0.18288
0.2082799999999999,0.70612,0.30734,0.19558,0.5334,0.31242,0.8229599999999999,0.37338,0.0,0.15494
0.18288,0.6858,0.28956,0.1676399999999999,0.4952999999999999,0.2819399999999999,0.81534,0.3479799999999999,0.0,0.10668
0.15748,0.66548,0.26162,0.1397,0.4673599999999999,0.2413,0.78232,0.32512,0.0,0.07874
0.1219199999999999,0.635,0.2286,0.1143,0.4317999999999999,0.18796,0.75692,0.2463799999999999,0.0,0.0380999999999999
0.0888999999999999,0.60198,0.20066,0.0838199999999999,0.39624,0.13716,0.73152,0.1727199999999999,0.0,0.0
0.0584199999999999,0.5689599999999999,0.17018,0.0584199999999999,0.3682999999999999,0.0863599999999999,0.70866,0.1143,0.0,0.0
0.0304799999999999,0.54864,0.1473199999999999,0.0304799999999999,0.34036,0.0508,0.68326,0.06604,0.0,0.0
0.01016,0.51816,0.10922,0.01016,0.31496,0.0254,0.65532,0.0304799999999999,0.0,0.0
0.0076199999999999,0.49022,0.0761999999999999,0.0,0.2844799999999999,0.0127,0.61976,0.00508,0.0,0.0
0.0,0.44958,0.03302,0.0,0.25908,0.0,0.59182,0.0,0.0,0.0
0.0,0.4165599999999999,0.0,0.0,0.21844,0.0,0.5588,0.0,0.0,0.0
0.0,0.38354,0.0,0.0,0.1777999999999999,0.0,0.5257799999999999,0.0,0.0,0.0
0.0,0.35306,0.0,0.0,0.14478,0.0,0.4952999999999999,0.0,0.0,0.0
0.0,0.32512,0.0,0.0,0.11176,0.0,0.4673599999999999,0.0,0.0,0.0
0.0,0.31242,0.0,0.0,0.0888999999999999,0.0,0.44958,0.0,0.0,0.0
0.0,0.2920999999999999,0.0,0.0,0.04572,0.0,0.4317999999999999,0.0,0.0,0.0
0.0,0.26416,0.0,0.0,0.00508,0.0,0.40386,0.0,0.0,0.0
0.0,0.2311399999999999,0.0,0.0,0.0,0.0,0.3682999999999999,0.0,0.0,0.0
0.0,0.19304,0.0,0.0,0.0,0.0,0.33274,0.0,0.0,0.0
0.0,0.16256,0.0,0.0,0.0,0.0,0.30734,0.0,0.0,0.0
0.0,0.1473199999999999,0.0,0.0,0.0,0.0,0.2844799999999999,0.0,0.0,0.0
0.0,0.13716,0.0,0.0,0.0,0.0,0.26162,0.0,0.0,0.0
0.0,0.10668,0.0,0.0,0.0,0.0,0.2438399999999999,0.0,0.0,0.0
0.0,0.0761999999999999,0.0,0.0,0.0,0.0,0.2082799999999999,0.0,0.0,0.0
0.0,0.0431799999999999,0.0,0.0,0.0,0.0,0.1803399999999999,0.0,0.0,0.0
0.0,0.01016,0.0,0.0,0.0,0.0,0.13462,0.0,0.0,0.0
0.0,0.0,0.0,0.0,0.0,0.0,0.0838199999999999,0.0,0.0,0.0
0.0,0.0,0.0,0.0,0.0,0.0,0.0609599999999999,0.0,0.0,0.0
0.0,0.0,0.0,0.0,0.0,0.0,0.04064,0.0,0.0,0.0
0.0,0.0,0.0,0.0,0.0,0.0,0.02794,0.0,0.0,0.0
0.0,0.0,0.0,0.0,0.0,0.0,0.02032,0.0,0.0,0.0
0.0,0.0,0.0,0.0,0.0,0.0,0.0127,0.0,0.0,0.0
0.0,0.0,0.0,0.0,0.0,0.0,0.01016,0.0,0.0,0.0
0.0,0.0,0.0,0.0,0.0,0.0,0.0,0.0,0.0,0.0
0.0,0.0,0.0,0.0,0.0,0.0,0.0,0.0,0.0,0.0
0.0,0.0,0.0,0.0,0.0,0.0,0.0,0.0,0.0,0.0
0.0,0.0,0.0,0.0,0.0,0.0,0.0,0.0,0.0,0.0
0.0,0.0,0.0,0.0,0.0,0.0,0.0,0.0,0.0,0.0
0.0,0.0,0.0,0.0,0.0,0.0,0.0,0.0,0.0,0.0
0.0,0.0,0.0,0.0,0.0,0.0,0.0,0.0,0.0,0.0
0.0,0.0,0.0,0.0,0.0,0.0,0.0,0.0,0.0,0.0
0.0,0.0,0.0,0.0,0.0,0.0,0.0,0.0,0.0,0.0
0.0,0.0,0.0,0.0,0.0,0.0,0.0,0.0,0.0,0.0
0.0,0.0,0.0,0.0,0.0,0.0,0.0,0.0,0.0,0.0
0.0,0.0,0.0,0.0,0.0,0.0,0.0,0.0,0.0,0.0
0.0,0.0,0.0,0.0,0.0,0.0,0.0,0.0,0.0,0.0
0.0,0.0,0.0,0.0,0.0,0.0,0.0,0.0,0.0,0.0
0.0,0.0,0.0,0.0,0.0,0.0,0.0,0.0,0.0,0.0
0.0,0.0,0.0,0.0,0.0,0.0,0.0,0.0,0.0,0.0
0.0,0.0,0.0,0.0,0.0,0.0,0.0,0.0,0.0,0.0
0.0,0.0,0.0,0.0,0.0,0.0,0.0,0.0,0.0,0.0
0.0,0.0,0.0,0.0,0.0,0.0,0.0,0.0,0.0,0.0
0.0,0.0,0.0,0.0,0.0,0.0,0.0,0.0,0.0,0.0
0.0,0.0,0.0,0.0,0.0,0.0,0.0,0.0,0.0,0.0
0.0,0.0,0.0,0.0,0.0,0.0,0.0,0.0,0.0,0.0
0.0,0.0,0.0,0.0,0.0,0.0,0.0,0.0,0.0,0.0
0.0,0.0,0.0,0.0,0.0,0.0,0.0,0.0,0.0,0.0
0.0,0.0,0.0,0.0,0.0,0.0,0.0,0.0,0.0,0.0
0.0,0.0,0.0,0.0,0.0,0.0,0.0,0.0,0.0,0.0
0.0,0.0,0.0,0.0,0.0,0.0,0.0,0.0,0.0,0.0
0.0,0.0,0.0,0.0,0.0,0.0,0.0,0.0,0.0,0.0
0.0,0.0,0.0,0.0,0.0,0.0,0.0,0.0,0.0,0.0
0.0,0.0,0.0,0.0,0.0,0.0,0.0,0.0,0.0,0.0
0.0,0.0,0.0,0.0,0.0,0.0,0.0,0.0,0.0,0.0
0.0,0.0,0.0,0.0,0.0,0.0,0.0,0.0,0.0,0.0
0.0,0.0,0.0,0.0,0.0,0.0,0.0,0.0,0.0,0.0
0.0,0.0,0.0,0.0,0.0,0.0,0.0,0.0,0.0,0.0
0.0,0.0,0.0,0.0,0.0,0.0,0.0,0.0,0.0,0.0
0.0,0.0,0.0,0.0,0.0,0.0,0.0,0.0,0.0,0.0
0.0,0.0,0.0,0.0,0.0,0.0,0.0,0.0,0.0,0.0
0.0,0.0,0.0,0.0,0.0,0.0,0.0,0.0,0.0,0.0
0.0,0.0,0.0,0.0,0.0,0.0,0.0,0.0,0.0,0.0
0.0,0.0,0.0,0.0,0.0,0.0,0.0,0.0,0.0,0.0
0.0,0.0,0.0,0.0,0.0,0.0,0.0,0.0,0.0,0.0
0.0,0.0,0.0,0.0,0.0,0.0,0.0,0.0,0.0,0.0
0.0,0.0,0.0,0.0,0.0,0.0,0.0,0.0,0.0,0.0
0.0,0.0,0.0,0.0,0.0,0.0,0.0,0.0,0.0,0.0
0.0,0.0,0.0,0.0,0.0,0.0,0.0,0.0,0.0,0.0
0.0,0.0,0.0,0.0,0.0,0.0,0.0,0.0,0.0,0.0
0.0,0.0,0.0,0.0,0.0,0.0,0.0,0.0,0.0,0.0
0.0,0.0,0.0,0.0,0.0,0.0,0.0,0.0,0.0,0.0
0.0,0.0,0.0,0.0,0.0,0.0,0.0,0.0,0.0,0.0
0.0,0.0,0.0,0.0,0.0,0.0,0.0,0.0,0.0,0.0
0.0,0.0,0.0,0.0,0.0,0.0,0.0,0.0,0.0,0.0
0.0,0.0,0.0,0.0,0.0,0.0,0.0,0.0,0.0,0.0
0.0,0.0,0.0,0.0,0.0,0.0,0.0,0.0,0.0,0.0
0.0,0.0,0.0,0.0,0.0,0.0,0.0,0.0,0.0,0.0
0.0,0.0,0.0,0.0,0.0,0.0,0.0,0.0,0.0,0.0
0.0,0.0,0.0,0.0,0.0,0.0,0.0,0.0,0.0,0.0
0.0,0.0,0.0,0.0,0.0,0.0,0.0,0.0,0.0,0.0
0.0,0.0,0.0,0.0,0.0,0.0,0.0,0.0,0.0,0.0
0.0,0.0,0.0,0.0,0.0,0.0,0.0,0.0,0.0,0.0
0.0,0.0,0.0,0.0,0.0,0.0,0.0,0.0,0.0,0.0
0.0,0.0,0.0,0.0,0.0,0.0,0.0,0.0,0.0,0.0
0.0,0.0,0.0,0.0,0.0,0.0,0.0,0.0,0.0,0.0
0.0,0.0,0.0,0.0,0.0,0.0,0.0,0.0,0.0,0.0
0.0,0.0,0.0,0.0,0.0,0.0,0.0,0.0,0.0,0.0
0.0,0.0,0.0,0.0,0.0,0.0,0.0,0.0,0.0,0.0
0.0,0.0,0.0,0.0,0.0,0.0,0.0,0.0,0.0,0.0
0.0,0.0,0.0,0.0,0.0,0.0,0.0,0.0,0.0,0.0
0.0,0.0,0.0,0.0,0.0,0.0,0.0,0.0,0.0,0.0
0.0,0.0,0.0,0.0,0.0,0.0,0.0,0.0,0.0,0.0
0.0,0.0,0.0,0.0,0.0,0.0,0.0,0.0,0.0,0.0
0.0,0.0,0.0,0.0,0.0,0.0,0.0,0.0,0.0,0.0
0.0,0.0,0.0,0.0,0.0,0.0,0.0,0.0,0.0,0.0
0.0,0.0,0.0,0.0,0.0,0.0,0.0,0.0,0.0,0.0
0.0,0.0,0.0,0.0,0.0,0.0,0.0,0.0,0.0,0.0
0.0,0.0,0.0,0.0,0.0,0.0,0.0,0.0,0.0,0.0
0.0,0.0,0.0,0.0,0.0,0.0,0.0,0.0,0.0,0.0
0.0,0.0,0.0,0.0,0.0,0.0,0.0,0.0,0.0,0.0
0.0,0.0,0.0,0.0,0.0,0.0,0.0,0.0,0.0,0.0
0.0,0.0,0.0,0.0,0.0,0.0,0.0,0.0,0.0,0.0
0.0,0.0,0.0,0.0,0.0,0.0,0.0,0.0,0.0,0.0
0.0,0.0,0.0,0.0,0.0,0.0,0.0,0.0,0.0,0.0
0.0,0.0,0.0,0.0,0.0,0.0,0.0,0.0,0.0,0.0
0.0,0.0,0.0,0.0,0.0,0.0,0.0,0.0,0.0,0.0
0.0,0.0,0.0,0.0,0.0,0.0,0.0,0.0,0.0,0.0
0.0,0.0,0.0,0.0,0.0,0.0,0.0,0.0,0.0,0.0
0.0,0.0,0.0,0.0,0.0,0.0,0.0,0.0,0.0,0.0
0.0,0.0,0.0,0.0,0.0,0.0,0.0,0.0,0.0,0.0
0.0,0.0,0.0,0.0,0.0,0.0,0.0,0.0,0.0,0.0
0.0,0.0,0.0,0.0,0.0,0.0,0.0,0.0,0.0,0.0
0.0,0.0,0.0,0.0,0.0,0.0,0.0,0.0,0.0,0.0
0.0,0.0,0.0,0.0,0.0,0.0,0.0,0.0,0.0,0.0
0.0,0.0,0.0,0.0,0.0,0.0,0.0,0.0,0.0,0.0
0.0,0.0,0.0,0.0,0.0,0.0,0.0,0.0,0.0,0.0
0.0,0.0,0.0,0.0,0.0,0.0,0.0,0.0,0.0,0.0
0.0,0.0,0.0,0.0,0.0,0.0,0.0,0.0,0.0,0.0
0.0,0.0,0.0,0.0,0.0,0.0,0.0,0.0,0.0,0.0
0.0,0.0,0.0,0.0,0.0,0.0,0.0,0.0,0.0,0.0
0.0,0.0,0.0,0.0,0.0,0.0,0.0,0.0,0.0,0.0
0.0,0.0,0.0,0.0,0.0,0.0,0.0,0.0,0.0,0.0
0.0,0.0,0.0,0.0,0.0,0.0,0.0,0.0,0.0,0.0
0.0,0.0,0.0,0.0,0.0,0.0,0.0,0.0,0.0,0.0
0.0,0.0,0.0,0.0,0.0,0.0,0.0,0.0,0.0,0.0
0.0,0.0,0.0,0.0,0.0,0.0,0.0,0.0,0.0,0.0
0.0,0.0,0.0,0.0,0.0,0.0,0.0,0.0,0.0,0.0
0.0,0.0,0.0,0.0,0.0,0.0,0.0,0.0,0.0,0.0
0.0,0.0,0.0,0.0,0.0,0.0,0.0,0.0,0.0,0.0
0.0,0.0,0.0,0.0,0.0,0.0,0.0,0.0,0.0,0.0
0.0,0.0,0.0,0.0,0.0,0.0,0.0,0.0,0.0,0.0
0.0,0.0,0.0,0.0,0.0,0.0,0.0,0.0,0.0,0.0
0.0,0.0,0.0,0.0,0.0,0.0,0.0,0.0,0.0,0.0
0.0,0.0152399999999999,0.0,0.0,0.0,0.00508,0.0127,0.0,0.0,0.0
0.0,0.0127,0.0,0.0,0.0,0.0,0.00508,0.0,0.0,0.0
0.0,0.00508,0.0,0.0,0.0,0.0,0.00254,0.0,0.0,0.0
0.0,0.0,0.0,0.0,0.0,0.0,0.0,0.0,0.0,0.0
0.0,0.0,0.0,0.0,0.0,0.0,0.0,0.0,0.0,0.0
0.0,0.0,0.0,0.0,0.0,0.0,0.0,0.0,0.0,0.0
0.0,0.0,0.0,0.0,0.0,0.0,0.0,0.0,0.0,0.0
0.0,0.0,0.0,0.0,0.0,0.0,0.0,0.0,0.0,0.0
0.0,0.0,0.0,0.0,0.0,0.0,0.0,0.0,0.0,0.0
0.0,0.00508,0.00508,0.0,0.0,0.0076199999999999,0.00254,0.0,0.0,0.0
0.0,0.0177799999999999,0.0127,0.0,0.0,0.00508,0.00254,0.0,0.0,0.0
0.0,0.0127,0.0,0.0,0.0,0.0,0.0,0.0,0.0,0.0
0.0,0.0076199999999999,0.0,0.0,0.0,0.0,0.0,0.0,0.0,0.0
0.0,0.0,0.0,0.0,0.0,0.0,0.0,0.0,0.0,0.0
0.0,0.0,0.0,0.0,0.0,0.0,0.0,0.0,0.0,0.0
0.0,0.0,0.0,0.0,0.0,0.0,0.0,0.0,0.0,0.0
0.0,0.0,0.0,0.0,0.0,0.0,0.0,0.0,0.0,0.0
0.0,0.0,0.0,0.0,0.0,0.0,0.0,0.0,0.0,0.0
0.0,0.0,0.0,0.0,0.0,0.0,0.0,0.0,0.0,0.0
0.0,0.0,0.0,0.0,0.0,0.0,0.0,0.0,0.0,0.0
0.0,0.0,0.0,0.0,0.0,0.0,0.0,0.0,0.0,0.0
0.0,0.0,0.0,0.0,0.0,0.0,0.0,0.0,0.0,0.0
0.0,0.0,0.0,0.0,0.0,0.0,0.0,0.0,0.0,0.0
0.0,0.0,0.0,0.0,0.0,0.0,0.0,0.0,0.0,0.0
0.00508,0.01016,0.0152399999999999,0.0,0.01016,0.0076199999999999,0.00508,0.01016,0.0,0.00254
0.0076199999999999,0.0152399999999999,0.0177799999999999,0.0,0.01016,0.0076199999999999,0.00508,0.01016,0.0,0.00254
0.0076199999999999,0.0152399999999999,0.0177799999999999,0.0,0.01016,0.01016,0.0076199999999999,0.01016,0.0,0.00254
0.0076199999999999,0.0152399999999999,0.0177799999999999,0.0,0.01016,0.01016,0.0076199999999999,0.01016,0.0,0.00254
0.0076199999999999,0.0152399999999999,0.0152399999999999,0.0,0.00254,0.01016,0.0076199999999999,0.01016,0.0,0.00254
0.0076199999999999,0.01016,0.0152399999999999,0.0,0.0,0.01016,0.0076199999999999,0.01016,0.0,0.00254
0.00508,0.0076199999999999,0.01016,0.0,0.0,0.01016,0.0076199999999999,0.01016,0.0,0.0
0.00508,0.0076199999999999,0.01016,0.0,0.0,0.0076199999999999,0.0076199999999999,0.0076199999999999,0.0,0.0
0.0,0.00508,0.01016,0.0,0.0,0.0,0.00254,0.0,0.0,0.0
0.0,0.00508,0.01016,0.0,0.0,0.0,0.00254,0.0,0.0,0.0
0.0,0.00254,0.0076199999999999,0.0,0.0,0.0,0.0,0.0,0.0,0.0
0.0,0.00254,0.00508,0.0,0.0,0.0,0.0,0.0,0.0,0.0
0.0,0.0177799999999999,0.02286,0.0076199999999999,0.0177799999999999,0.00508,0.02032,0.0076199999999999,0.0076199999999999,0.01016
0.0,0.0152399999999999,0.02286,0.0076199999999999,0.0177799999999999,0.00508,0.02032,0.01016,0.0076199999999999,0.0076199999999999
0.0,0.0152399999999999,0.02286,0.0076199999999999,0.0177799999999999,0.00508,0.02032,0.01016,0.0076199999999999,0.0076199999999999
0.0,0.0152399999999999,0.02286,0.0076199999999999,0.0177799999999999,0.00508,0.02032,0.01016,0.0076199999999999,0.0076199999999999
0.0,0.0177799999999999,0.02286,0.00508,0.0177799999999999,0.0,0.02032,0.0076199999999999,0.0076199999999999,0.0076199999999999
0.0,0.0177799999999999,0.02286,0.00254,0.0152399999999999,0.0,0.02032,0.0076199999999999,0.0076199999999999,0.0076199999999999
0.0,0.0177799999999999,0.02286,0.00254,0.0152399999999999,0.0,0.02032,0.0,0.0076199999999999,0.0076199999999999
0.0,0.0177799999999999,0.02286,0.00254,0.0152399999999999,0.0,0.02032,0.0,0.0076199999999999,0.0
0.0,0.0177799999999999,0.02286,0.00254,0.0152399999999999,0.0,0.02032,0.0,0.0076199999999999,0.0
0.0076199999999999,0.0431799999999999,0.0380999999999999,0.0152399999999999,0.0152399999999999,0.0,0.0304799999999999,0.0,0.0076199999999999,0.0
0.0076199999999999,0.0431799999999999,0.0380999999999999,0.0152399999999999,0.0152399999999999,0.0,0.0304799999999999,0.0,0.0076199999999999,0.0
0.0127,0.04826,0.0431799999999999,0.0177799999999999,0.02286,0.0,0.0355599999999999,0.0,0.01016,0.0
0.0127,0.0584199999999999,0.05334,0.02286,0.0254,0.0076199999999999,0.04064,0.00254,0.01016,0.0
0.0127,0.0584199999999999,0.05334,0.02286,0.0254,0.0076199999999999,0.04064,0.00254,0.01016,0.0
0.0127,0.0584199999999999,0.05334,0.02286,0.0254,0.0076199999999999,0.0431799999999999,0.00254,0.01016,0.0
0.0127,0.0584199999999999,0.05334,0.02286,0.0254,0.0076199999999999,0.0431799999999999,0.00508,0.01016,0.0
0.0127,0.0584199999999999,0.05334,0.02286,0.03302,0.01016,0.0508,0.01016,0.0127,0.00254
0.0152399999999999,0.0584199999999999,0.05588,0.0254,0.0380999999999999,0.0152399999999999,0.0584199999999999,0.0177799999999999,0.0152399999999999,0.00508
0.0152399999999999,0.0584199999999999,0.05588,0.0254,0.0380999999999999,0.0152399999999999,0.0584199999999999,0.0177799999999999,0.0152399999999999,0.00508
0.0152399999999999,0.0584199999999999,0.05588,0.0254,0.0380999999999999,0.0152399999999999,0.0584199999999999,0.0177799999999999,0.0152399999999999,0.00508
0.0152399999999999,0.0609599999999999,0.0609599999999999,0.0254,0.0380999999999999,0.0152399999999999,0.0584199999999999,0.0177799999999999,0.0152399999999999,0.00508
0.0152399999999999,0.0635,0.0609599999999999,0.0254,0.0380999999999999,0.0152399999999999,0.0584199999999999,0.0177799999999999,0.0152399999999999,0.00508
0.0152399999999999,0.0635,0.0609599999999999,0.0254,0.0380999999999999,0.0152399999999999,0.0584199999999999,0.0177799999999999,0.0152399999999999,0.00508
0.0152399999999999,0.0635,0.0609599999999999,0.0254,0.0380999999999999,0.0152399999999999,0.0584199999999999,0.0177799999999999,0.0152399999999999,0.00508
0.0304799999999999,0.06858,0.0609599999999999,0.0254,0.05588,0.02794,0.0635,0.02794,0.02286,0.02286
0.04572,0.0838199999999999,0.0736599999999999,0.0355599999999999,0.09398,0.0431799999999999,0.0761999999999999,0.0508,0.04064,0.0508
0.0761999999999999,0.10668,0.0863599999999999,0.0508,0.1168399999999999,0.09398,0.09652,0.09906,0.05588,0.0761999999999999
0.0761999999999999,0.10668,0.09652,0.0508,0.11938,0.09652,0.09906,0.1016,0.0584199999999999,0.0761999999999999
0.0761999999999999,0.10668,0.09652,0.0508,0.11938,0.09652,0.09906,0.1016,0.0584199999999999,0.0761999999999999
0.0761999999999999,0.10922,0.09652,0.05334,0.11938,0.09652,0.09906,0.1016,0.0584199999999999,0.07874
0.0761999999999999,0.11938,0.1016,0.05334,0.12954,0.09906,0.1041399999999999,0.10668,0.0609599999999999,0.09144
0.0863599999999999,0.13462,0.1168399999999999,0.0584199999999999,0.14986,0.10922,0.11176,0.12954,0.06858,0.1016
0.0863599999999999,0.13462,0.1168399999999999,0.0584199999999999,0.14986,0.10922,0.11176,0.12954,0.06858,0.1016
0.0888999999999999,0.13716,0.11938,0.0609599999999999,0.14986,0.10922,0.1143,0.13208,0.06858,0.1016
0.0888999999999999,0.13716,0.11938,0.0609599999999999,0.14986,0.10922,0.1143,0.13208,0.06858,0.1016
0.0888999999999999,0.13716,0.11938,0.0609599999999999,0.14986,0.10922,0.1143,0.13208,0.06858,0.1016
0.0888999999999999,0.13716,0.11938,0.0609599999999999,0.14986,0.10922,0.1143,0.13208,0.06858,0.1016
0.0888999999999999,0.13716,0.11938,0.0609599999999999,0.14986,0.10922,0.1143,0.13208,0.06858,0.1016
0.0888999999999999,0.13716,0.11938,0.0609599999999999,0.14986,0.10922,0.1143,0.13208,0.06858,0.1016
0.0888999999999999,0.13716,0.11938,0.0609599999999999,0.14986,0.10922,0.1143,0.13208,0.06858,0.1016
0.0888999999999999,0.1397,0.11938,0.0609599999999999,0.14986,0.10922,0.1143,0.13208,0.06858,0.1016
0.0888999999999999,0.1397,0.11938,0.0609599999999999,0.14986,0.10922,0.1143,0.13208,0.06858,0.1016
0.0888999999999999,0.1397,0.11938,0.06604,0.14986,0.10922,0.1219199999999999,0.13208,0.06858,0.1016
0.0888999999999999,0.1397,0.11938,0.06858,0.14986,0.10922,0.1219199999999999,0.13208,0.06858,0.1016
0.0888999999999999,0.1397,0.11938,0.06858,0.14986,0.10922,0.1219199999999999,0.13208,0.06858,0.1016
0.0888999999999999,0.1397,0.11938,0.06858,0.14986,0.10922,0.1219199999999999,0.13462,0.06858,0.1016
0.09144,0.14478,0.12446,0.0736599999999999,0.14986,0.11176,0.12446,0.13716,0.06858,0.1016
0.09144,0.14478,0.12446,0.0736599999999999,0.14986,0.11176,0.12446,0.13716,0.06858,0.1016
0.0888999999999999,0.14478,0.12446,0.0736599999999999,0.14986,0.11176,0.12446,0.13716,0.06858,0.1016
0.0838199999999999,0.14478,0.12446,0.0736599999999999,0.14986,0.11176,0.12446,0.1397,0.06858,0.1016
0.0838199999999999,0.14478,0.12446,0.0736599999999999,0.14986,0.11176,0.12446,0.1397,0.06858,0.1016
0.08128,0.14478,0.12446,0.0736599999999999,0.14986,0.11176,0.12446,0.1397,0.06858,0.1016
0.08128,0.14478,0.12446,0.0736599999999999,0.14986,0.11176,0.12446,0.1422399999999999,0.06858,0.1016
0.08128,0.14478,0.12446,0.0736599999999999,0.14986,0.11176,0.12446,0.1422399999999999,0.06858,0.1016
0.08128,0.14478,0.12446,0.0711199999999999,0.14986,0.11176,0.12446,0.1422399999999999,0.06858,0.1016
0.08128,0.14478,0.12446,0.0711199999999999,0.14986,0.11176,0.12446,0.1422399999999999,0.06858,0.1016
0.08128,0.14478,0.12446,0.0711199999999999,0.14986,0.11176,0.12446,0.1422399999999999,0.06858,0.1016
0.08128,0.14478,0.12446,0.0711199999999999,0.14986,0.1143,0.127,0.14478,0.06858,0.1016
0.08128,0.14986,0.127,0.0736599999999999,0.1523999999999999,0.1168399999999999,0.12954,0.1473199999999999,0.06858,0.1041399999999999
0.08128,0.15494,0.13208,0.0761999999999999,0.1523999999999999,0.11938,0.13208,0.1473199999999999,0.0711199999999999,0.1041399999999999
0.0838199999999999,0.15494,0.13208,0.07874,0.15494,0.12446,0.13462,0.1523999999999999,0.0736599999999999,0.10668
0.0863599999999999,0.17018,0.1473199999999999,0.0888999999999999,0.15748,0.12954,0.13716,0.16002,0.0761999999999999,0.10922
0.0863599999999999,0.17018,0.1473199999999999,0.0888999999999999,0.15748,0.12954,0.14478,0.16002,0.0761999999999999,0.10922
0.0888999999999999,0.1777999999999999,0.15748,0.1016,0.17018,0.14478,0.15494,0.1651,0.07874,0.1168399999999999
0.1016,0.19304,0.1676399999999999,0.1143,0.1905,0.16002,0.17018,0.1777999999999999,0.0863599999999999,0.13208
0.1041399999999999,0.19558,0.1676399999999999,0.1143,0.2082799999999999,0.1651,0.1727199999999999,0.18796,0.09652,0.1397
0.127,0.21082,0.18542,0.13716,0.2438399999999999,0.1727199999999999,0.18288,0.20066,0.1219199999999999,0.1777999999999999
0.1397,0.22606,0.18796,0.14478,0.26162,0.1905,0.19812,0.2209799999999999,0.13208,0.18542
0.15494,0.2463799999999999,0.2032,0.1651,0.2819399999999999,0.21336,0.2286,0.2438399999999999,0.1397,0.19812
0.15494,0.2463799999999999,0.2032,0.1651,0.2844799999999999,0.21336,0.2286,0.2438399999999999,0.1397,0.19812
0.15494,0.25146,0.2057399999999999,0.1651,0.2844799999999999,0.21336,0.2286,0.2438399999999999,0.1397,0.20066
0.18288,0.2717799999999999,0.21844,0.18796,0.30988,0.2413,0.25908,0.27432,0.15494,0.21082
0.18288,0.2717799999999999,0.21844,0.18796,0.30988,0.2413,0.25908,0.27432,0.15494,0.2158999999999999
0.18542,0.2717799999999999,0.21844,0.18796,0.30988,0.2413,0.26416,0.27432,0.15494,0.2158999999999999
0.18542,0.2717799999999999,0.21844,0.18796,0.30988,0.2413,0.26924,0.27686,0.15748,0.21844
0.18796,0.27432,0.21844,0.19558,0.31242,0.2438399999999999,0.2717799999999999,0.2794,0.15748,0.21844
0.18796,0.27432,0.21844,0.19558,0.31242,0.2438399999999999,0.27432,0.2794,0.15748,0.21844
0.1905,0.27432,0.21844,0.19558,0.31242,0.2438399999999999,0.2794,0.2794,0.15748,0.21844
0.1905,0.27432,0.21844,0.19558,0.31242,0.2438399999999999,0.2794,0.2794,0.15748,0.21844
0.19304,0.2844799999999999,0.22352,0.2032,0.32258,0.2463799999999999,0.2844799999999999,0.2819399999999999,0.16002,0.2209799999999999
0.19304,0.2844799999999999,0.22606,0.2032,0.32258,0.2463799999999999,0.2844799999999999,0.2819399999999999,0.16002,0.2209799999999999
0.19558,0.2844799999999999,0.22606,0.2032,0.32258,0.2463799999999999,0.2844799999999999,0.2819399999999999,0.16002,0.2209799999999999
0.19558,0.2844799999999999,0.22606,0.2032,0.32258,0.2463799999999999,0.2844799999999999,0.2819399999999999,0.16002,0.2209799999999999
0.19558,0.2844799999999999,0.22606,0.2032,0.32258,0.2463799999999999,0.2844799999999999,0.2819399999999999,0.16002,0.2209799999999999
0.19558,0.2844799999999999,0.22606,0.2032,0.32258,0.2463799999999999,0.2844799999999999,0.2819399999999999,0.16002,0.2209799999999999
0.19558,0.2844799999999999,0.22606,0.2032,0.32258,0.2463799999999999,0.2844799999999999,0.2819399999999999,0.16002,0.2209799999999999
0.19812,0.2844799999999999,0.22606,0.2082799999999999,0.32258,0.2463799999999999,0.28956,0.2819399999999999,0.16002,0.2209799999999999
0.21082,0.30226,0.2438399999999999,0.2209799999999999,0.32766,0.254,0.30988,0.2819399999999999,0.1651,0.22606
0.21336,0.30734,0.24892,0.2336799999999999,0.3352799999999999,0.25654,0.31496,0.28702,0.1676399999999999,0.2286
0.2158999999999999,0.30734,0.24892,0.2336799999999999,0.3352799999999999,0.25654,0.32004,0.28702,0.1676399999999999,0.2286
0.2209799999999999,0.3175,0.25654,0.2463799999999999,0.35306,0.2717799999999999,0.35052,0.31242,0.18288,0.254
0.22606,0.3175,0.25654,0.2463799999999999,0.3555999999999999,0.27686,0.37846,0.32004,0.18796,0.25654
0.24892,0.34036,0.27432,0.26924,0.37084,0.28956,0.38862,0.3429,0.19812,0.2819399999999999
0.25146,0.3479799999999999,0.27686,0.27432,0.37338,0.2971799999999999,0.40386,0.3454399999999999,0.20066,0.2819399999999999
0.25146,0.35052,0.27686,0.2794,0.37592,0.3047999999999999,0.4114799999999999,0.3454399999999999,0.2032,0.2819399999999999
0.25146,0.35052,0.2794,0.2794,0.37592,0.3047999999999999,0.4114799999999999,0.3454399999999999,0.2032,0.2819399999999999
0.25146,0.35052,0.2794,0.2794,0.37592,0.3047999999999999,0.4114799999999999,0.3454399999999999,0.2032,0.2819399999999999
0.25146,0.35052,0.2794,0.2794,0.37592,0.3047999999999999,0.4114799999999999,0.3479799999999999,0.2032,0.2819399999999999
0.25146,0.35052,0.2794,0.2794,0.37592,0.3047999999999999,0.41402,0.3479799999999999,0.2032,0.2819399999999999
0.254,0.3555999999999999,0.2844799999999999,0.28702,0.37846,0.30734,0.4191,0.35052,0.2057399999999999,0.2819399999999999
0.25654,0.37338,0.28956,0.2946399999999999,0.40386,0.32004,0.43688,0.37084,0.2158999999999999,0.2946399999999999
0.26162,0.37592,0.2946399999999999,0.29972,0.42164,0.33274,0.44704,0.38862,0.21844,0.30226
0.26162,0.37846,0.29972,0.30226,0.42164,0.33274,0.44704,0.38862,0.21844,0.3047999999999999
0.26416,0.39116,0.29972,0.30734,0.4317999999999999,0.34036,0.4622799999999999,0.40386,0.22352,0.30988
0.27432,0.40132,0.31242,0.3175,0.4445,0.35052,0.4826,0.40894,0.22606,0.31242
0.2819399999999999,0.4191,0.32512,0.32766,0.4546599999999999,0.3606799999999999,0.4952999999999999,0.42672,0.23876,0.32258
0.28702,0.4292599999999999,0.33274,0.3352799999999999,0.4673599999999999,0.37338,0.508,0.43688,0.2438399999999999,0.3302
0.28702,0.4292599999999999,0.33274,0.3352799999999999,0.4673599999999999,0.37338,0.508,0.43688,0.2438399999999999,0.3302
0.28702,0.4292599999999999,0.33274,0.3352799999999999,0.4673599999999999,0.37338,0.508,0.43688,0.2438399999999999,0.3302
0.28702,0.4292599999999999,0.33274,0.33782,0.4673599999999999,0.37338,0.508,0.43688,0.2438399999999999,0.3302
0.28956,0.4317999999999999,0.33274,0.34036,0.4673599999999999,0.37338,0.508,0.43688,0.2413,0.3302
0.2971799999999999,0.4419599999999999,0.3429,0.3454399999999999,0.47752,0.381,0.5206999999999999,0.44704,0.23876,0.3352799999999999
0.2971799999999999,0.45212,0.35052,0.3454399999999999,0.48514,0.381,0.5257799999999999,0.44958,0.2413,0.34036
0.2971799999999999,0.4546599999999999,0.35052,0.35052,0.48514,0.381,0.52832,0.44958,0.2413,0.34036
0.29972,0.4546599999999999,0.35052,0.35052,0.48514,0.381,0.5308599999999999,0.44958,0.2413,0.34036
0.29972,0.4546599999999999,0.35052,0.35052,0.4876799999999999,0.381,0.5308599999999999,0.44958,0.2413,0.34036
0.30734,0.4826,0.37592,0.3682999999999999,0.5054599999999999,0.4064,0.5461,0.46482,0.2463799999999999,0.35052
0.31242,0.4927599999999999,0.381,0.37084,0.51308,0.4114799999999999,0.55118,0.4699,0.25146,0.3581399999999999
0.31496,0.5003799999999999,0.381,0.37338,0.51816,0.41402,0.5588,0.4699,0.254,0.36576
0.31496,0.5003799999999999,0.381,0.37592,0.52324,0.41402,0.56642,0.47244,0.254,0.36576
0.3175,0.5054599999999999,0.381,0.37592,0.53594,0.4165599999999999,0.56642,0.4749799999999999,0.254,0.37084
0.32004,0.51308,0.38862,0.38608,0.53848,0.4191,0.57404,0.4749799999999999,0.25908,0.37592
0.32004,0.51308,0.39116,0.38608,0.53848,0.4191,0.57404,0.4749799999999999,0.25908,0.37592
0.32004,0.51308,0.3937,0.38608,0.53848,0.4191,0.57404,0.4749799999999999,0.25908,0.37592
0.32004,0.51308,0.3937,0.38608,0.53848,0.4191,0.57404,0.4749799999999999,0.25908,0.37592
0.32004,0.51308,0.3937,0.38608,0.53848,0.4191,0.57404,0.4749799999999999,0.25908,0.37592
0.32512,0.5257799999999999,0.4064,0.39624,0.5461,0.43688,0.59182,0.4876799999999999,0.26162,0.37592
0.32512,0.5308599999999999,0.4064,0.39624,0.5461,0.4419599999999999,0.5943599999999999,0.4876799999999999,0.26162,0.37592
0.32766,0.5308599999999999,0.4064,0.3987799999999999,0.55372,0.4419599999999999,0.5943599999999999,0.4876799999999999,0.26162,0.38862
0.33274,0.5334,0.40894,0.3987799999999999,0.55372,0.4419599999999999,0.5943599999999999,0.48514,0.25654,0.38862
0.33274,0.5334,0.40894,0.3987799999999999,0.55372,0.4419599999999999,0.5943599999999999,0.4800599999999999,0.2463799999999999,0.38862
0.33274,0.5334,0.40894,0.3987799999999999,0.55372,0.4419599999999999,0.5943599999999999,0.47752,0.2286,0.38862
0.33274,0.5334,0.40894,0.3987799999999999,0.55372,0.4419599999999999,0.5943599999999999,0.4749799999999999,0.2158999999999999,0.38862
0.33274,0.5334,0.40894,0.3987799999999999,0.55372,0.4419599999999999,0.5943599999999999,0.47244,0.20066,0.38862
0.33274,0.5334,0.40894,0.3987799999999999,0.55372,0.4317999999999999,0.5943599999999999,0.4699,0.18288,0.38608
0.33274,0.5334,0.40894,0.3987799999999999,0.54864,0.4241799999999999,0.5943599999999999,0.45974,0.1676399999999999,0.381
0.3352799999999999,0.5334,0.40894,0.3987799999999999,0.54102,0.4165599999999999,0.5943599999999999,0.44958,0.14986,0.37846
0.34036,0.5461,0.4165599999999999,0.4064,0.54864,0.4292599999999999,0.61468,0.4546599999999999,0.13716,0.38354
0.3429,0.55372,0.42164,0.40894,0.54864,0.4419599999999999,0.6223,0.46482,0.12954,0.38354
0.3454399999999999,0.55626,0.42164,0.40894,0.55626,0.4419599999999999,0.6223,0.46482,0.12446,0.39116
0.3606799999999999,0.5689599999999999,0.43434,0.42672,0.5689599999999999,0.46482,0.64008,0.4800599999999999,0.11938,0.39624
0.36322,0.57404,0.43688,0.4292599999999999,0.5715,0.4673599999999999,0.64262,0.48514,0.11938,0.39624
0.36576,0.5969,0.45212,0.43434,0.58674,0.4800599999999999,0.6527799999999999,0.5003799999999999,0.1143,0.40386
0.3682999999999999,0.60198,0.4546599999999999,0.43942,0.58674,0.4826,0.6604,0.50292,0.09906,0.4064
0.37338,0.61722,0.45974,0.45212,0.6070599999999999,0.49022,0.68072,0.51816,0.10668,0.4292599999999999
0.381,0.635,0.46482,0.45974,0.61976,0.4927599999999999,0.6908799999999999,0.52832,0.09398,0.43942
0.37846,0.635,0.46482,0.45974,0.61976,0.4927599999999999,0.6908799999999999,0.52832,0.0761999999999999,0.43688
0.37846,0.635,0.46482,0.45974,0.61976,0.49022,0.69342,0.52324,0.04572,0.43434
0.37592,0.635,0.46482,0.4572,0.61976,0.47752,0.6908799999999999,0.5206999999999999,0.02794,0.4292599999999999
0.37592,0.635,0.46482,0.4572,0.61214,0.4673599999999999,0.6883400000000001,0.51054,0.0177799999999999,0.42164
0.37846,0.635,0.4622799999999999,0.45974,0.61214,0.4673599999999999,0.6883400000000001,0.51308,0.0127,0.4241799999999999
0.381,0.635,0.4622799999999999,0.4622799999999999,0.62992,0.4876799999999999,0.70866,0.5206999999999999,0.0076199999999999,0.4317999999999999
0.381,0.63754,0.4622799999999999,0.45974,0.635,0.4876799999999999,0.70866,0.5206999999999999,0.00508,0.4317999999999999
0.381,0.63754,0.46482,0.4572,0.635,0.4876799999999999,0.70866,0.5206999999999999,0.00254,0.4317999999999999
0.3682999999999999,0.63754,0.46482,0.4546599999999999,0.635,0.4876799999999999,0.70866,0.51308,0.0,0.4317999999999999
0.35306,0.63754,0.4622799999999999,0.44958,0.635,0.4876799999999999,0.70866,0.508,0.0,0.42164
0.3302,0.6324599999999999,0.4572,0.4419599999999999,0.62992,0.4622799999999999,0.70612,0.4927599999999999,0.0,0.40894
0.31242,0.61976,0.4419599999999999,0.42672,0.60198,0.4292599999999999,0.70612,0.46482,0.0,0.38862
0.2971799999999999,0.6095999999999999,0.4292599999999999,0.4064,0.5715,0.4064,0.6985,0.4419599999999999,0.0,0.37084
0.2794,0.60198,0.4114799999999999,0.38862,0.54864,0.37338,0.6908799999999999,0.4241799999999999,0.0,0.3479799999999999
0.28956,0.61214,0.4241799999999999,0.40386,0.5461,0.37338,0.69342,0.40894,0.0,0.3352799999999999
0.2844799999999999,0.61214,0.4165599999999999,0.3937,0.5308599999999999,0.35052,0.68326,0.38354,0.0,0.32004
0.27686,0.61214,0.4165599999999999,0.38354,0.5308599999999999,0.3352799999999999,0.67818,0.3606799999999999,0.0,0.3175
0.2667,0.6095999999999999,0.4114799999999999,0.37084,0.5257799999999999,0.3175,0.6705599999999999,0.3454399999999999,0.0,0.30226
0.25908,0.60452,0.4064,0.3606799999999999,0.4952999999999999,0.2946399999999999,0.66294,0.32766,0.0,0.2794
0.23876,0.5969,0.3937,0.34036,0.47752,0.26924,0.65532,0.29972,0.0,0.26162
0.2158999999999999,0.5841999999999999,0.37084,0.30988,0.43688,0.2336799999999999,0.64008,0.2667,0.0,0.2336799999999999
0.18796,0.5638799999999999,0.35052,0.2920999999999999,0.4064,0.19812,0.61976,0.2336799999999999,0.0,0.2082799999999999
0.1676399999999999,0.5435599999999999,0.3302,0.27432,0.37338,0.17018,0.60198,0.20066,0.0,0.18542
0.1523999999999999,0.52324,0.3047999999999999,0.24892,0.3429,0.1422399999999999,0.57912,0.1676399999999999,0.0,0.16256
0.13716,0.51562,0.2946399999999999,0.2311399999999999,0.3302,0.12954,0.57404,0.15494,0.0,0.1523999999999999
0.1422399999999999,0.5206999999999999,0.30226,0.2286,0.3429,0.12446,0.5969,0.1473199999999999,0.0,0.1523999999999999
0.13716,0.5206999999999999,0.30988,0.22352,0.35052,0.11176,0.5969,0.12446,0.0,0.1422399999999999
0.12954,0.51562,0.30988,0.21844,0.35052,0.1016,0.59944,0.11938,0.0,0.13208
0.11938,0.52324,0.29972,0.20066,0.33274,0.0711199999999999,0.59944,0.09652,0.0,0.1143
0.10668,0.51816,0.28956,0.18796,0.32004,0.04826,0.5969,0.0711199999999999,0.0,0.09652
0.09398,0.508,0.2844799999999999,0.1777999999999999,0.3175,0.02032,0.5943599999999999,0.04572,0.0,0.0888999999999999
0.07874,0.5054599999999999,0.26416,0.16256,0.2819399999999999,0.0076199999999999,0.58166,0.03302,0.0,0.0711199999999999
0.07874,0.5054599999999999,0.2717799999999999,0.1676399999999999,0.30988,0.0,0.57912,0.0254,0.0,0.06604
0.05588,0.4952999999999999,0.23876,0.13716,0.25146,0.0,0.55626,0.0152399999999999,0.0,0.0431799999999999
0.04826,0.49022,0.23622,0.12446,0.2463799999999999,0.0152399999999999,0.5613400000000001,0.02794,0.0,0.0304799999999999
0.0609599999999999,0.5003799999999999,0.2463799999999999,0.13208,0.2794,0.05588,0.56642,0.0761999999999999,0.0,0.04826
0.0761999999999999,0.51816,0.26924,0.14986,0.2946399999999999,0.0736599999999999,0.58674,0.09144,0.0,0.05334
0.0761999999999999,0.5206999999999999,0.26924,0.14986,0.29972,0.0736599999999999,0.5892799999999999,0.09144,0.0,0.05334
0.0736599999999999,0.5206999999999999,0.26162,0.1422399999999999,0.2971799999999999,0.06858,0.59182,0.0888999999999999,0.0,0.04064
0.06858,0.51816,0.25908,0.13716,0.28956,0.0609599999999999,0.59182,0.0863599999999999,0.0,0.02286
0.05588,0.51308,0.2413,0.1143,0.26416,0.0431799999999999,0.5892799999999999,0.0609599999999999,0.0,0.0127
0.0177799999999999,0.4952999999999999,0.21336,0.08128,0.2336799999999999,0.00508,0.5638799999999999,0.02794,0.0,0.0
0.0,0.49022,0.18796,0.0508,0.19558,0.0,0.53594,0.0152399999999999,0.0,0.0
0.0,0.47244,0.1676399999999999,0.02032,0.1777999999999999,0.0,0.4952999999999999,0.01016,0.0,0.0
0.0,0.44958,0.1473199999999999,0.0,0.15494,0.0,0.4749799999999999,0.00508,0.0,0.0
0.0,0.4114799999999999,0.11938,0.0,0.11938,0.0,0.4419599999999999,0.0,0.0,0.0
0.0,0.37846,0.0863599999999999,0.0,0.0761999999999999,0.0,0.4064,0.0,0.0,0.0
0.0,0.33782,0.0508,0.0,0.04064,0.0,0.37846,0.0,0.0,0.0
0.0,0.30226,0.0254,0.0,0.0,0.0,0.32766,0.0,0.0,0.0
0.0,0.29972,0.0,0.0,0.0,0.0,0.3454399999999999,0.00254,0.0,0.0
0.0,0.30734,0.0,0.0,0.0,0.0,0.3454399999999999,0.0,0.0,0.0
0.0,0.2844799999999999,0.0,0.0,0.0,0.0,0.32004,0.0,0.0,0.0
0.0,0.2844799999999999,0.0,0.0,0.0,0.0,0.31242,0.0,0.0,0.0
0.0,0.26416,0.0,0.0,0.0,0.0,0.2844799999999999,0.0,0.0,0.0
0.0,0.26924,0.0,0.0,0.0,0.0,0.2920999999999999,0.00254,0.0,0.0
0.0,0.25654,0.0,0.0,0.0,0.0,0.2794,0.0,0.0,0.0
0.0,0.22352,0.0,0.0,0.0,0.0,0.23876,0.0,0.0,0.0
0.0,0.1905,0.0,0.0,0.0,0.0,0.20066,0.0,0.0,0.0
0.0,0.1523999999999999,0.0,0.0,0.0,0.0,0.16002,0.0,0.0,0.0
0.0,0.12446,0.0,0.0,0.0,0.0,0.13208,0.0,0.0,0.0
0.0,0.09398,0.0,0.0,0.0,0.0,0.09652,0.0,0.0,0.0
0.0,0.0609599999999999,0.0,0.0,0.0,0.0,0.0584199999999999,0.0,0.0,0.0
0.0,0.0254,0.0,0.0,0.0,0.0,0.0254,0.0,0.0,0.0
0.0,0.0127,0.0,0.0,0.0,0.0,0.01016,0.0,0.0,0.0
0.0,0.00508,0.0,0.0,0.0,0.0,0.0,0.0,0.0,0.0
0.0,0.0,0.0,0.0,0.0,0.0,0.0,0.0,0.0,0.0
0.0,0.0,0.0,0.0,0.0,0.0,0.0,0.0,0.0,0.0
0.0,0.0,0.0,0.0,0.0,0.0,0.0,0.0,0.0,0.0
0.0,0.0,0.0,0.0,0.0,0.0,0.0,0.0,0.0,0.0
0.0,0.0,0.0,0.0,0.0,0.0,0.0,0.0,0.0,0.0
0.0,0.0,0.0,0.0,0.0,0.0,0.0,0.0,0.0,0.0
0.0,0.0,0.0,0.0,0.0,0.0,0.0,0.0,0.0,0.0
0.0,0.0,0.0,0.0,0.0,0.0,0.0,0.0,0.0,0.0
0.0,0.0,0.0,0.0,0.0,0.0,0.0,0.0,0.0,0.0
0.0,0.0,0.0,0.0,0.0,0.0,0.0,0.0,0.0,0.0
0.0,0.0,0.0,0.0,0.0,0.0,0.0,0.0,0.0,0.0
0.0,0.0,0.0,0.0,0.0,0.0,0.0,0.0,0.0,0.0
0.0,0.0,0.0,0.0,0.0,0.0,0.0,0.0,0.0,0.0
0.0,0.0,0.0,0.0,0.0,0.0,0.0,0.0,0.0,0.0
0.0,0.0,0.0,0.0,0.0,0.0,0.0,0.0,0.0,0.0
0.0,0.0,0.0,0.0,0.0,0.0,0.0,0.0,0.0,0.0
0.0,0.0,0.0,0.0,0.0,0.0,0.0,0.0,0.0,0.0
0.0,0.0,0.0,0.0,0.0,0.0,0.0,0.0,0.0,0.0
0.0,0.0,0.0,0.0,0.0,0.0,0.0,0.0,0.0,0.0
0.0,0.0,0.0,0.0,0.0,0.0,0.0,0.0,0.0,0.0
0.0,0.0,0.0,0.0,0.0,0.0,0.0,0.0,0.0,0.0
0.0,0.0,0.0,0.0,0.0,0.0,0.0,0.0,0.0,0.0
0.0,0.0,0.0,0.0,0.0,0.0,0.0,0.0,0.0,0.0
0.0,0.0,0.0,0.0,0.0,0.0,0.0,0.0,0.0,0.0
0.0,0.0,0.0,0.0,0.0,0.0,0.0,0.0,0.0,0.0
0.0,0.0,0.0,0.0,0.0,0.0,0.0,0.0,0.0,0.0
0.0,0.0,0.0,0.0,0.0,0.0,0.0,0.0,0.0,0.0
0.0,0.0,0.0,0.0,0.0,0.0,0.0,0.0,0.0,0.0
0.0,0.0,0.0,0.0,0.0,0.0,0.0,0.0,0.0,0.0
0.0,0.0,0.0,0.0,0.0,0.0,0.0,0.0,0.0,0.0
0.0,0.0,0.0,0.0,0.0,0.0,0.0,0.0,0.0,0.0
0.0,0.0,0.0,0.0,0.0,0.0,0.0,0.0,0.0,0.0
0.0,0.0,0.0,0.0,0.0,0.0,0.0,0.0,0.0,0.0
0.0,0.0,0.0,0.0,0.0,0.0,0.0,0.0,0.0,0.0
0.0,0.0,0.0,0.0,0.0,0.0,0.0,0.0,0.0,0.0
0.0,0.0,0.0,0.0,0.0,0.0,0.0,0.0,0.0,0.0
0.0,0.0,0.0,0.0,0.0,0.0,0.0,0.0,0.0,0.0
0.0,0.0,0.0,0.0,0.0,0.0,0.0,0.0,0.0,0.0
0.0,0.0,0.0,0.0,0.0,0.0,0.0,0.0,0.0,0.0
0.0,0.0,0.0,0.0,0.0,0.0,0.0,0.0,0.0,0.0
0.0,0.0,0.0,0.0,0.0,0.0,0.0,0.0,0.0,0.0
0.0,0.0,0.0,0.0,0.0,0.0,0.0,0.0,0.0,0.0
0.0,0.0,0.0,0.0,0.0,0.0,0.0,0.0,0.0,0.0
0.0,0.0,0.0,0.0,0.0,0.0,0.0,0.0,0.0,0.0
0.0,0.0,0.0,0.0,0.0,0.0,0.0,0.0,0.0,0.0
0.0,0.0,0.0,0.0,0.0,0.0,0.0,0.0,0.0,0.0
0.0,0.0,0.0,0.0,0.0,0.0,0.0,0.0,0.0,0.0
0.0,0.0,0.0,0.0,0.0,0.0,0.0,0.0,0.0,0.0
0.0,0.0,0.0,0.0,0.0,0.0,0.0,0.0,0.0,0.0
0.0,0.0,0.0,0.0,0.0,0.0,0.0,0.0,0.0,0.0
0.0,0.0,0.0,0.0,0.0,0.0,0.0,0.0,0.0,0.0
0.0,0.0,0.0,0.0,0.0,0.0,0.0,0.0,0.0,0.0
0.0,0.0,0.0,0.0,0.0,0.0,0.0,0.0,0.0,0.0
0.0,0.0,0.0,0.0,0.0,0.0,0.0,0.0,0.0,0.0
0.0,0.0,0.0,0.0,0.0,0.0,0.0,0.0,0.0,0.0
0.0,0.0,0.0,0.0,0.0,0.0,0.0,0.0,0.0,0.0
0.0,0.0,0.0,0.0,0.0,0.0,0.0,0.0,0.0,0.0
0.0,0.0,0.0,0.0,0.0,0.0,0.0,0.0,0.0,0.0
0.0,0.0,0.0,0.0,0.0,0.0,0.0,0.0,0.0,0.0
0.0,0.0,0.0,0.0,0.0,0.0,0.0,0.0,0.0,0.0
0.0,0.0,0.0,0.0,0.0,0.0,0.0,0.0,0.0,0.0
0.0,0.0,0.0,0.0,0.0,0.0,0.0,0.0,0.0,0.0
0.0,0.0,0.0,0.0,0.0,0.0,0.0,0.0,0.0,0.0
0.0,0.0,0.0,0.0,0.0,0.0,0.0,0.0,0.0,0.0
0.0,0.0,0.0,0.0,0.0,0.0,0.0,0.0,0.0,0.0
0.0,0.0,0.0,0.0,0.0,0.0,0.0,0.0,0.0,0.0
0.0,0.0,0.0,0.0,0.0,0.0,0.0,0.0,0.0,0.0
0.0,0.0,0.0,0.0,0.0,0.0,0.0,0.0,0.0,0.0
0.0,0.0,0.0,0.0,0.0,0.0,0.0,0.0,0.0,0.0
0.0,0.0,0.0,0.0,0.0,0.0,0.0,0.0,0.0,0.0
0.0,0.0,0.0,0.0,0.0,0.0,0.0,0.0,0.0,0.0
0.0,0.0,0.0,0.0,0.0,0.0,0.0,0.0,0.0,0.0
0.0,0.0,0.0,0.0,0.0,0.0,0.0,0.0,0.0,0.0
0.0,0.0,0.0,0.0,0.0,0.0,0.0,0.0,0.0,0.0
0.0,0.0,0.0,0.0,0.0,0.0,0.0,0.0,0.0,0.0
0.0,0.0,0.0,0.0,0.0,0.0,0.0,0.0,0.0,0.0
0.0,0.0,0.0,0.0,0.0,0.0,0.0,0.0,0.0,0.0
0.0,0.0,0.0,0.0,0.0,0.0,0.0,0.0,0.0,0.0
0.0,0.0,0.0,0.0,0.0,0.0,0.0,0.0,0.0,0.0
0.0,0.0,0.0,0.0,0.0,0.0,0.0,0.0,0.0,0.0
0.0,0.0,0.0,0.0,0.0,0.0,0.0,0.0,0.0,0.0
0.0,0.0,0.0,0.0,0.0,0.0,0.0,0.0,0.0,0.0
0.0,0.0,0.0,0.0,0.0,0.0,0.0,0.0,0.0,0.0
0.0,0.0,0.0,0.0,0.0,0.0,0.0,0.0,0.0,0.0
0.0,0.0,0.0,0.0,0.0,0.0,0.0,0.0,0.0,0.0
0.0,0.0,0.0,0.0,0.0,0.0,0.0,0.0,0.0,0.0
0.0,0.0,0.0,0.0,0.0,0.0,0.0,0.0,0.0,0.0
0.0,0.0,0.0,0.0,0.0,0.0,0.0,0.0,0.0,0.0
0.0,0.0,0.0,0.0,0.0,0.0,0.0,0.0,0.0,0.0
0.0,0.0,0.0,0.0,0.0,0.0,0.0,0.0,0.0,0.0
0.0,0.0,0.0,0.0,0.0,0.0,0.0,0.0,0.0,0.0
0.0,0.0,0.0,0.0,0.0,0.0,0.0,0.0,0.0,0.0
0.0,0.0,0.0,0.0,0.0,0.0,0.0,0.0,0.0,0.0
0.0,0.0,0.0,0.0,0.0,0.0,0.0,0.0,0.0,0.0
0.0,0.0,0.0,0.0,0.0,0.0,0.0,0.0,0.0,0.0
0.0,0.0,0.0,0.0,0.0,0.0,0.0,0.0,0.0,0.0
0.0,0.0,0.0,0.0,0.0,0.0,0.0,0.0,0.0,0.0
0.0,0.0,0.0,0.0,0.0,0.0,0.0,0.0,0.0,0.0
0.0,0.0,0.0,0.0,0.0,0.0,0.0,0.0,0.0,0.0
0.0,0.0,0.0,0.0,0.0,0.0,0.0,0.0,0.0,0.0
0.0,0.0,0.0,0.0,0.0,0.0,0.0,0.0,0.0,0.0
0.0,0.0,0.0,0.0,0.0,0.0,0.0,0.0,0.0,0.0
0.0,0.0,0.0,0.0,0.0,0.0,0.0,0.0,0.0,0.0
0.0,0.0,0.0,0.0,0.0,0.0,0.0,0.0,0.0,0.0
0.0,0.0,0.0,0.0,0.0,0.0,0.0,0.0,0.0,0.0
0.0,0.0,0.0,0.0,0.0,0.0,0.0,0.0,0.0,0.0
0.0,0.0,0.0,0.0,0.0,0.0,0.0,0.0,0.0,0.0
0.0,0.0,0.0,0.0,0.0,0.0,0.0,0.0,0.0,0.0
0.0,0.0,0.0,0.0,0.0,0.0,0.0,0.0,0.0,0.0
0.0,0.0,0.0,0.0,0.0,0.0,0.0,0.0,0.0,0.0
0.0,0.0,0.0,0.0,0.0,0.0,0.0,0.0,0.0,0.0
0.0,0.0,0.0,0.0,0.0,0.0,0.0,0.0,0.0,0.0
0.0,0.0,0.0,0.0,0.0,0.0,0.0,0.0,0.0,0.0
0.0,0.0,0.0,0.0,0.0,0.0,0.0,0.0,0.0,0.0
0.0,0.0,0.0,0.0,0.0,0.0,0.0,0.0,0.0,0.0
0.0,0.0,0.0,0.0,0.0,0.0,0.0,0.0,0.0,0.0
0.0,0.0,0.0,0.0,0.0,0.0,0.0,0.0,0.0,0.0
0.0,0.0,0.0,0.0,0.0,0.0,0.0,0.0,0.0,0.0
0.0,0.0,0.0,0.0,0.0,0.0,0.0,0.0,0.0,0.0
0.0,0.0,0.0,0.0,0.0,0.0,0.0,0.0,0.0,0.0
0.0,0.0,0.0,0.0,0.0,0.0,0.0,0.0,0.0,0.0
0.0,0.0,0.0,0.0,0.0,0.0,0.0,0.0,0.0,0.0
0.0,0.0,0.0,0.0,0.0,0.0,0.0,0.0,0.0,0.0
0.0,0.0,0.0,0.0,0.0,0.0,0.0,0.0,0.0,0.0
0.0,0.0,0.0,0.0,0.0,0.0,0.0,0.0,0.0,0.0
0.0,0.0,0.0,0.0,0.0,0.0,0.0,0.0,0.0,0.0
0.0,0.0,0.0,0.0,0.0,0.0,0.0,0.0,0.0,0.0
0.0,0.0,0.0,0.0,0.0,0.0,0.0,0.0,0.0,0.0
0.0,0.0,0.0,0.0,0.0,0.0,0.0,0.0,0.0,0.0
0.0,0.0,0.0,0.0,0.0,0.0,0.0,0.0,0.0,0.0
0.0,0.0,0.0,0.0,0.0,0.0,0.0,0.0,0.0,0.0
0.0,0.0,0.0,0.0,0.0,0.0,0.0,0.0,0.0,0.0
0.0,0.0,0.0,0.0,0.0,0.0,0.0,0.0,0.0,0.0
0.0,0.0,0.0,0.0,0.0,0.0,0.0,0.0,0.0,0.0
0.0,0.0076199999999999,0.0,0.0,0.0,0.0,0.0,0.00254,0.0,0.0
0.0,0.0152399999999999,0.0152399999999999,0.0,0.0,0.0,0.00508,0.0076199999999999,0.0,0.0
0.0,0.0127,0.0152399999999999,0.0,0.0,0.0,0.00254,0.00508,0.0,0.0
0.0,0.0,0.0127,0.0,0.0,0.0,0.0,0.00254,0.0,0.0
0.0,0.0,0.0076199999999999,0.0,0.0,0.0,0.0,0.0,0.0,0.0
0.0,0.0,0.0,0.0,0.0,0.0,0.0,0.0,0.0,0.0
0.0,0.0,0.0,0.0,0.0,0.0,0.0,0.0,0.0,0.0
0.0,0.0,0.0,0.0,0.0,0.0,0.0,0.0,0.0,0.0
0.0,0.0,0.0,0.0,0.0,0.0,0.0,0.0,0.0,0.0
0.0,0.0,0.0,0.0,0.0,0.0,0.0,0.0,0.0,0.0
0.0,0.0,0.0,0.0,0.0,0.0,0.0,0.0,0.0,0.0
0.0,0.0,0.0,0.0,0.0,0.0,0.0,0.0,0.00254,0.0
0.01016,0.03302,0.0304799999999999,0.0177799999999999,0.00508,0.01016,0.00508,0.01016,0.00508,0.0076199999999999
0.01016,0.03302,0.0355599999999999,0.0127,0.00508,0.01016,0.00508,0.01016,0.0,0.0076199999999999
0.0127,0.03302,0.0380999999999999,0.0127,0.0076199999999999,0.01016,0.0076199999999999,0.01016,0.0,0.0076199999999999
0.0127,0.0304799999999999,0.0380999999999999,0.0127,0.0,0.01016,0.0076199999999999,0.01016,0.0,0.0076199999999999
0.0177799999999999,0.0304799999999999,0.0380999999999999,0.0127,0.0,0.01016,0.0076199999999999,0.01016,0.0,0.01016
0.0177799999999999,0.0355599999999999,0.04572,0.0152399999999999,0.0076199999999999,0.0127,0.01016,0.0127,0.0,0.01016
0.0177799999999999,0.0380999999999999,0.04572,0.0152399999999999,0.0076199999999999,0.0127,0.01016,0.0127,0.0,0.01016
0.02032,0.04064,0.0508,0.02032,0.00508,0.02032,0.0127,0.02032,0.0,0.0127
0.02032,0.04064,0.0508,0.02032,0.00254,0.02032,0.0127,0.02032,0.0,0.0127
0.02286,0.04064,0.0508,0.02032,0.00254,0.02032,0.0127,0.02032,0.0,0.0127
0.0254,0.04064,0.05588,0.02032,0.0,0.02032,0.0152399999999999,0.02032,0.0,0.0127
0.0254,0.04064,0.05588,0.02032,0.0,0.02032,0.0152399999999999,0.02032,0.0,0.0127
0.0254,0.0431799999999999,0.0609599999999999,0.02032,0.0,0.02032,0.0152399999999999,0.02032,0.0,0.0127
0.02794,0.0431799999999999,0.0609599999999999,0.02032,0.0,0.02032,0.0152399999999999,0.02032,0.0,0.0127
0.0304799999999999,0.0508,0.0736599999999999,0.02794,0.0,0.0304799999999999,0.02032,0.0254,0.0,0.0152399999999999
0.03302,0.0508,0.0761999999999999,0.02794,0.0,0.0304799999999999,0.02032,0.0254,0.0,0.0152399999999999
0.03302,0.0508,0.0761999999999999,0.02794,0.0,0.0304799999999999,0.02032,0.0254,0.0,0.0152399999999999
0.03302,0.05334,0.07874,0.03302,0.01016,0.04064,0.0254,0.0304799999999999,0.0,0.0152399999999999
0.03302,0.0609599999999999,0.0863599999999999,0.04064,0.0127,0.04572,0.02794,0.0304799999999999,0.00508,0.0177799999999999
0.03302,0.0609599999999999,0.0863599999999999,0.04064,0.0127,0.04572,0.02794,0.0304799999999999,0.00508,0.0177799999999999
0.03302,0.0609599999999999,0.0863599999999999,0.04064,0.0152399999999999,0.04572,0.0355599999999999,0.0355599999999999,0.0076199999999999,0.02286
0.03302,0.0609599999999999,0.0863599999999999,0.04064,0.0152399999999999,0.04572,0.0355599999999999,0.04064,0.0076199999999999,0.02794
0.03302,0.06604,0.0888999999999999,0.0431799999999999,0.0152399999999999,0.0508,0.0355599999999999,0.04064,0.0076199999999999,0.02794
0.03302,0.06604,0.0888999999999999,0.0431799999999999,0.0152399999999999,0.0508,0.0355599999999999,0.04064,0.0076199999999999,0.02794
0.03302,0.06604,0.0888999999999999,0.0431799999999999,0.0152399999999999,0.0508,0.0355599999999999,0.04064,0.01016,0.0304799999999999
0.03302,0.06604,0.0888999999999999,0.0431799999999999,0.02032,0.0508,0.0355599999999999,0.04064,0.01016,0.0304799999999999
0.03302,0.06858,0.09144,0.04572,0.03302,0.0584199999999999,0.04064,0.04826,0.0152399999999999,0.0355599999999999
0.0380999999999999,0.07874,0.1016,0.04572,0.03302,0.0584199999999999,0.04064,0.0508,0.0152399999999999,0.0380999999999999
0.04572,0.09144,0.1143,0.05588,0.05588,0.0711199999999999,0.05588,0.06858,0.03302,0.04572
0.04572,0.09144,0.1143,0.05588,0.05588,0.0711199999999999,0.05588,0.06858,0.03302,0.04572
0.04572,0.09144,0.1143,0.05588,0.05588,0.0711199999999999,0.05588,0.06858,0.03302,0.04572
0.04572,0.09144,0.1143,0.05588,0.05588,0.0711199999999999,0.05588,0.06858,0.03302,0.04572
0.04826,0.09144,0.1143,0.05588,0.05588,0.0711199999999999,0.05588,0.06858,0.03302,0.04572
0.04826,0.09144,0.1143,0.05588,0.05588,0.0711199999999999,0.05588,0.06858,0.03302,0.04572
0.04826,0.09144,0.1143,0.0584199999999999,0.05588,0.0711199999999999,0.05588,0.06858,0.03302,0.04572
0.04826,0.09144,0.1143,0.0584199999999999,0.05588,0.0711199999999999,0.05588,0.06858,0.03302,0.04572
0.04826,0.09144,0.1143,0.0584199999999999,0.05588,0.0711199999999999,0.05588,0.06858,0.03302,0.04572
0.04826,0.09144,0.1143,0.0584199999999999,0.05588,0.0711199999999999,0.05588,0.06858,0.03302,0.04572
0.04826,0.09144,0.1143,0.0584199999999999,0.05588,0.0711199999999999,0.05588,0.06858,0.03302,0.04572
0.04826,0.09144,0.1143,0.0584199999999999,0.05588,0.0711199999999999,0.05588,0.06858,0.03302,0.04572
0.04826,0.09144,0.1143,0.0584199999999999,0.05588,0.0711199999999999,0.05588,0.06858,0.03302,0.04572
0.04826,0.09144,0.1143,0.0584199999999999,0.05588,0.0711199999999999,0.05588,0.06858,0.03302,0.04572
0.04826,0.09144,0.1143,0.0584199999999999,0.05588,0.0711199999999999,0.05588,0.06858,0.03302,0.04572
0.04826,0.09652,0.1168399999999999,0.0609599999999999,0.05588,0.0736599999999999,0.05588,0.06858,0.03302,0.04572
0.04826,0.09652,0.1168399999999999,0.0609599999999999,0.05588,0.0736599999999999,0.05588,0.06858,0.03302,0.04572
0.0508,0.09652,0.1168399999999999,0.0635,0.0584199999999999,0.07874,0.0584199999999999,0.0736599999999999,0.0355599999999999,0.04826
0.05588,0.1016,0.11938,0.0635,0.0635,0.0838199999999999,0.0635,0.0761999999999999,0.0355599999999999,0.0508
0.05588,0.1016,0.1219199999999999,0.0635,0.0736599999999999,0.0863599999999999,0.06604,0.09144,0.04064,0.0508
0.0635,0.10668,0.12446,0.06858,0.08128,0.0863599999999999,0.0711199999999999,0.09144,0.04064,0.0508
0.0635,0.11176,0.12954,0.06858,0.0838199999999999,0.0863599999999999,0.0736599999999999,0.09144,0.0431799999999999,0.0508
0.0635,0.1143,0.13208,0.06858,0.0838199999999999,0.0863599999999999,0.0736599999999999,0.09906,0.0431799999999999,0.0508
0.0635,0.1143,0.13208,0.06858,0.0838199999999999,0.0863599999999999,0.0736599999999999,0.09906,0.0431799999999999,0.0508
0.0635,0.1143,0.13208,0.06858,0.0838199999999999,0.0863599999999999,0.0736599999999999,0.09906,0.0431799999999999,0.0508
0.0635,0.1143,0.13208,0.06858,0.0838199999999999,0.0863599999999999,0.0736599999999999,0.09906,0.0431799999999999,0.0508
0.0635,0.1143,0.13208,0.06858,0.0863599999999999,0.0863599999999999,0.0736599999999999,0.09906,0.0431799999999999,0.0508
0.0635,0.1143,0.13208,0.06858,0.0888999999999999,0.0863599999999999,0.0736599999999999,0.09906,0.0431799999999999,0.05334
0.06604,0.1143,0.13208,0.0711199999999999,0.09144,0.0863599999999999,0.0736599999999999,0.09906,0.0431799999999999,0.05334
0.0711199999999999,0.1219199999999999,0.13716,0.07874,0.09398,0.0888999999999999,0.0761999999999999,0.10668,0.04826,0.05588
0.07874,0.12954,0.1422399999999999,0.0863599999999999,0.1143,0.09906,0.09144,0.1143,0.0584199999999999,0.06604
0.0863599999999999,0.14478,0.1523999999999999,0.09906,0.13462,0.1143,0.11938,0.13208,0.0711199999999999,0.0761999999999999
0.1016,0.15748,0.15748,0.10922,0.16256,0.13208,0.13462,0.15748,0.07874,0.09144
0.10922,0.1727199999999999,0.1727199999999999,0.1219199999999999,0.18542,0.1473199999999999,0.1473199999999999,0.1651,0.0863599999999999,0.1041399999999999
0.10922,0.1803399999999999,0.18542,0.1219199999999999,0.18796,0.1523999999999999,0.1473199999999999,0.1777999999999999,0.0863599999999999,0.1041399999999999
0.10922,0.1803399999999999,0.18542,0.1219199999999999,0.18796,0.1523999999999999,0.1473199999999999,0.1777999999999999,0.0863599999999999,0.1041399999999999
0.12446,0.18796,0.1905,0.127,0.2057399999999999,0.15748,0.15748,0.1777999999999999,0.09398,0.11176
0.1397,0.19558,0.19812,0.13716,0.2082799999999999,0.17018,0.1651,0.2057399999999999,0.09906,0.1168399999999999
0.1397,0.19812,0.20066,0.1397,0.2082799999999999,0.17018,0.1651,0.2057399999999999,0.09906,0.1168399999999999
0.15494,0.2057399999999999,0.2057399999999999,0.14478,0.2209799999999999,0.18796,0.17018,0.22352,0.1016,0.1219199999999999
0.15748,0.2057399999999999,0.2082799999999999,0.14478,0.2209799999999999,0.18796,0.17018,0.22352,0.1016,0.1219199999999999
0.15748,0.2082799999999999,0.21082,0.14478,0.2209799999999999,0.1905,0.1727199999999999,0.2286,0.1041399999999999,0.1219199999999999
0.15748,0.2082799999999999,0.21082,0.14478,0.2209799999999999,0.1905,0.1727199999999999,0.2286,0.1041399999999999,0.1219199999999999
0.15748,0.2082799999999999,0.2082799999999999,0.14478,0.2209799999999999,0.1905,0.1727199999999999,0.2286,0.1041399999999999,0.1219199999999999
0.15748,0.2082799999999999,0.2057399999999999,0.14478,0.2209799999999999,0.1905,0.1727199999999999,0.2286,0.1041399999999999,0.1219199999999999
0.1651,0.21082,0.2082799999999999,0.14478,0.2209799999999999,0.1905,0.17526,0.2311399999999999,0.1041399999999999,0.1219199999999999
0.17018,0.21336,0.2082799999999999,0.14986,0.2286,0.19558,0.1777999999999999,0.2413,0.1041399999999999,0.12446
0.17018,0.21336,0.2082799999999999,0.14986,0.2286,0.19558,0.1777999999999999,0.2413,0.1041399999999999,0.12446
0.17526,0.2158999999999999,0.21082,0.14986,0.2286,0.19558,0.1777999999999999,0.2413,0.1041399999999999,0.12446
0.17526,0.2158999999999999,0.21082,0.14986,0.2286,0.19558,0.1777999999999999,0.2413,0.1041399999999999,0.12446
0.1777999999999999,0.21844,0.21336,0.14986,0.2286,0.19558,0.1777999999999999,0.2413,0.1041399999999999,0.12446
0.1777999999999999,0.21844,0.21336,0.14986,0.2286,0.19558,0.1777999999999999,0.2413,0.1041399999999999,0.12446
0.1803399999999999,0.21844,0.2158999999999999,0.1523999999999999,0.2286,0.19558,0.1777999999999999,0.2413,0.1041399999999999,0.12446
0.1803399999999999,0.22606,0.21844,0.1523999999999999,0.2286,0.19812,0.1803399999999999,0.2463799999999999,0.1041399999999999,0.12446
0.18288,0.22606,0.21844,0.1523999999999999,0.2286,0.19812,0.1803399999999999,0.2463799999999999,0.1041399999999999,0.12446
0.18288,0.22606,0.21844,0.1523999999999999,0.2286,0.19812,0.1803399999999999,0.2463799999999999,0.1041399999999999,0.12446
0.18288,0.22606,0.21844,0.15494,0.2286,0.19812,0.1803399999999999,0.2463799999999999,0.1041399999999999,0.12446
0.18288,0.22606,0.21844,0.15494,0.2286,0.19812,0.1803399999999999,0.2463799999999999,0.1041399999999999,0.12446
0.18288,0.22606,0.21844,0.15494,0.2286,0.19812,0.1803399999999999,0.2463799999999999,0.1041399999999999,0.12446
0.18796,0.22606,0.21844,0.15748,0.2311399999999999,0.19812,0.18542,0.2463799999999999,0.1041399999999999,0.12446
0.1905,0.22606,0.21844,0.16002,0.2311399999999999,0.20066,0.19304,0.2463799999999999,0.10668,0.127
0.1905,0.22606,0.21844,0.16002,0.2311399999999999,0.20066,0.19304,0.24892,0.10668,0.127
0.1905,0.2286,0.2209799999999999,0.16002,0.2311399999999999,0.20066,0.19304,0.24892,0.10668,0.127
0.1905,0.2286,0.2209799999999999,0.16002,0.2311399999999999,0.20066,0.19304,0.24892,0.10668,0.127
0.1905,0.2286,0.2209799999999999,0.16002,0.2311399999999999,0.20066,0.19304,0.24892,0.10668,0.127
0.1905,0.2286,0.2209799999999999,0.16002,0.2311399999999999,0.20066,0.19304,0.24892,0.10668,0.127
0.19304,0.2311399999999999,0.22352,0.16002,0.2413,0.20066,0.19812,0.24892,0.10668,0.12954
0.2082799999999999,0.2438399999999999,0.22606,0.1651,0.27686,0.2082799999999999,0.21336,0.2819399999999999,0.1168399999999999,0.14478
0.2082799999999999,0.2463799999999999,0.22606,0.1651,0.2819399999999999,0.2082799999999999,0.21336,0.26162,0.1168399999999999,0.1473199999999999
0.2082799999999999,0.2463799999999999,0.22606,0.16002,0.2819399999999999,0.2082799999999999,0.21336,0.2413,0.1168399999999999,0.1473199999999999
0.2082799999999999,0.2463799999999999,0.2286,0.1523999999999999,0.2819399999999999,0.2082799999999999,0.21336,0.21336,0.1168399999999999,0.1473199999999999
0.2082799999999999,0.25654,0.23876,0.15494,0.2946399999999999,0.2158999999999999,0.22352,0.21336,0.1168399999999999,0.15748
0.2082799999999999,0.25908,0.23876,0.15748,0.2946399999999999,0.2158999999999999,0.22352,0.21336,0.1168399999999999,0.15748
0.22606,0.2920999999999999,0.2667,0.17018,0.3175,0.23622,0.26924,0.2336799999999999,0.1219199999999999,0.1676399999999999
0.22606,0.2920999999999999,0.2667,0.1727199999999999,0.32004,0.23876,0.2717799999999999,0.2336799999999999,0.1219199999999999,0.17018
0.22606,0.2920999999999999,0.2667,0.1727199999999999,0.32004,0.23876,0.2717799999999999,0.23622,0.1219199999999999,0.17018
0.22606,0.2971799999999999,0.26924,0.1727199999999999,0.32004,0.23876,0.2717799999999999,0.23622,0.1219199999999999,0.17018
0.22606,0.2971799999999999,0.26924,0.1803399999999999,0.32258,0.2413,0.2717799999999999,0.2438399999999999,0.12446,0.1727199999999999
0.22606,0.2971799999999999,0.26924,0.1803399999999999,0.32258,0.2413,0.2717799999999999,0.25146,0.12446,0.1727199999999999
0.25654,0.32004,0.2844799999999999,0.18542,0.3454399999999999,0.25654,0.2920999999999999,0.27432,0.13462,0.1905
0.27432,0.3454399999999999,0.29972,0.18796,0.37084,0.27686,0.31242,0.31242,0.1422399999999999,0.2057399999999999
0.27432,0.35052,0.30226,0.19304,0.381,0.2794,0.31242,0.3302,0.1523999999999999,0.21336
0.2819399999999999,0.3606799999999999,0.30988,0.2032,0.39624,0.28956,0.32512,0.3454399999999999,0.16002,0.22606
0.2946399999999999,0.37592,0.32258,0.2158999999999999,0.40386,0.2971799999999999,0.33274,0.3555999999999999,0.1676399999999999,0.2336799999999999
0.2946399999999999,0.37846,0.32512,0.2209799999999999,0.41402,0.29972,0.3352799999999999,0.3581399999999999,0.1676399999999999,0.23622
0.2971799999999999,0.381,0.32766,0.2209799999999999,0.4165599999999999,0.30226,0.33782,0.3581399999999999,0.1676399999999999,0.23876
0.3047999999999999,0.38862,0.3352799999999999,0.2209799999999999,0.4241799999999999,0.32004,0.3454399999999999,0.3682999999999999,0.1727199999999999,0.2413
0.3047999999999999,0.38862,0.3352799999999999,0.2209799999999999,0.4241799999999999,0.32004,0.3454399999999999,0.3682999999999999,0.1727199999999999,0.2413
0.3047999999999999,0.38862,0.3352799999999999,0.2209799999999999,0.4241799999999999,0.32004,0.3454399999999999,0.3682999999999999,0.1727199999999999,0.2413
0.3047999999999999,0.38862,0.3352799999999999,0.2209799999999999,0.4292599999999999,0.32004,0.35052,0.3682999999999999,0.1727199999999999,0.2413
0.3047999999999999,0.38862,0.3352799999999999,0.2209799999999999,0.4292599999999999,0.32004,0.35052,0.3682999999999999,0.1727199999999999,0.2413
0.3047999999999999,0.38862,0.3352799999999999,0.2209799999999999,0.4292599999999999,0.32004,0.35052,0.3682999999999999,0.1727199999999999,0.2413
0.3047999999999999,0.38862,0.3352799999999999,0.2209799999999999,0.4292599999999999,0.32004,0.35052,0.3682999999999999,0.1727199999999999,0.2413
0.3047999999999999,0.38862,0.3352799999999999,0.2209799999999999,0.4292599999999999,0.3175,0.35052,0.3682999999999999,0.1727199999999999,0.2413
0.3047999999999999,0.38862,0.3352799999999999,0.2209799999999999,0.4292599999999999,0.3175,0.35052,0.3682999999999999,0.16256,0.2413
0.3047999999999999,0.38862,0.3352799999999999,0.2209799999999999,0.4292599999999999,0.3175,0.35052,0.3682999999999999,0.15748,0.23876
0.3047999999999999,0.38862,0.3352799999999999,0.2209799999999999,0.42164,0.3175,0.35052,0.3682999999999999,0.15494,0.23876
0.30734,0.39624,0.34036,0.2286,0.42164,0.32004,0.3581399999999999,0.37084,0.1523999999999999,0.23876
0.30988,0.4064,0.3454399999999999,0.2311399999999999,0.42164,0.32258,0.3606799999999999,0.37084,0.1473199999999999,0.23876
0.31496,0.4114799999999999,0.35052,0.2336799999999999,0.43434,0.32512,0.38354,0.38608,0.15494,0.254
0.32766,0.4241799999999999,0.3581399999999999,0.2413,0.44704,0.3429,0.4064,0.4241799999999999,0.17018,0.26924
0.32766,0.42672,0.3606799999999999,0.2438399999999999,0.44958,0.35052,0.40894,0.4241799999999999,0.17526,0.27432
0.32766,0.42672,0.3606799999999999,0.2438399999999999,0.44958,0.35052,0.40894,0.4241799999999999,0.17526,0.27432
0.32766,0.42672,0.3606799999999999,0.2438399999999999,0.44958,0.35052,0.40894,0.4191,0.17526,0.27432
0.32766,0.42672,0.3606799999999999,0.2438399999999999,0.44958,0.35052,0.40894,0.4191,0.1651,0.27432
0.32766,0.42672,0.3606799999999999,0.2438399999999999,0.44958,0.3479799999999999,0.40894,0.4165599999999999,0.15494,0.27432
0.3302,0.42672,0.3606799999999999,0.2463799999999999,0.44958,0.34036,0.40894,0.41402,0.13716,0.27432
0.3352799999999999,0.43688,0.37592,0.25908,0.4572,0.36576,0.43688,0.43688,0.13716,0.2844799999999999
0.34036,0.4419599999999999,0.381,0.25908,0.45974,0.37338,0.4445,0.44704,0.13716,0.28702
0.3454399999999999,0.44704,0.38354,0.26416,0.4673599999999999,0.38354,0.4546599999999999,0.4622799999999999,0.1473199999999999,0.2920999999999999
0.3479799999999999,0.44958,0.38354,0.26416,0.4699,0.38354,0.4546599999999999,0.4622799999999999,0.1473199999999999,0.2920999999999999
0.35052,0.44958,0.38862,0.26416,0.47244,0.3937,0.46482,0.46482,0.12446,0.2946399999999999
0.36322,0.4699,0.40894,0.2794,0.4749799999999999,0.4114799999999999,0.4800599999999999,0.4800599999999999,0.127,0.2971799999999999
0.36322,0.4699,0.40894,0.2794,0.4749799999999999,0.4114799999999999,0.4826,0.4800599999999999,0.127,0.2971799999999999
0.36322,0.4699,0.40894,0.2794,0.4749799999999999,0.4114799999999999,0.4826,0.4800599999999999,0.127,0.2971799999999999
0.3682999999999999,0.47752,0.4114799999999999,0.2844799999999999,0.4749799999999999,0.41402,0.4876799999999999,0.4826,0.10922,0.29972
0.37084,0.4800599999999999,0.4165599999999999,0.28956,0.49022,0.42164,0.4927599999999999,0.4876799999999999,0.1016,0.30226
0.35052,0.4800599999999999,0.4165599999999999,0.28956,0.49022,0.4165599999999999,0.4927599999999999,0.4876799999999999,0.0863599999999999,0.2946399999999999
0.3352799999999999,0.4749799999999999,0.4114799999999999,0.28702,0.49022,0.4064,0.4927599999999999,0.47752,0.0635,0.2920999999999999
0.32004,0.4699,0.40894,0.2794,0.4800599999999999,0.39624,0.4927599999999999,0.46482,0.03302,0.28702
0.3047999999999999,0.46482,0.40386,0.25908,0.4546599999999999,0.37846,0.49022,0.44958,0.0127,0.27686
0.29972,0.45974,0.3987799999999999,0.2463799999999999,0.43688,0.3606799999999999,0.4876799999999999,0.4241799999999999,0.0,0.26162
0.29972,0.4622799999999999,0.3987799999999999,0.23876,0.43434,0.3555999999999999,0.4876799999999999,0.41402,0.0,0.25908
0.30226,0.4699,0.40132,0.2413,0.43688,0.35306,0.49022,0.4165599999999999,0.0,0.25654
0.3047999999999999,0.4699,0.40132,0.2438399999999999,0.43942,0.35052,0.49022,0.4165599999999999,0.0,0.25654
0.31496,0.4952999999999999,0.42164,0.25654,0.45212,0.3606799999999999,0.50292,0.42672,0.0,0.2667
0.32258,0.5054599999999999,0.4317999999999999,0.26416,0.4622799999999999,0.37846,0.51562,0.4445,0.00508,0.27432
0.32258,0.508,0.43688,0.26416,0.4673599999999999,0.37846,0.51816,0.44704,0.0,0.27432
0.32258,0.51054,0.4419599999999999,0.26416,0.4673599999999999,0.38608,0.52324,0.4546599999999999,0.0,0.2794
0.32512,0.51054,0.4419599999999999,0.26416,0.4673599999999999,0.38608,0.52832,0.4572,0.0,0.2794
0.3175,0.51054,0.4419599999999999,0.26416,0.4673599999999999,0.38608,0.52832,0.4546599999999999,0.0,0.2794
0.30226,0.51054,0.4419599999999999,0.25908,0.4673599999999999,0.38354,0.52832,0.45212,0.0,0.2794
0.2920999999999999,0.51054,0.43688,0.254,0.44704,0.37084,0.5257799999999999,0.43688,0.0,0.2717799999999999
0.2794,0.5054599999999999,0.43688,0.23622,0.43434,0.3606799999999999,0.52324,0.4165599999999999,0.0,0.26416
0.2667,0.49784,0.42672,0.22606,0.4165599999999999,0.3429,0.5206999999999999,0.3987799999999999,0.0,0.2463799999999999
0.25146,0.4927599999999999,0.4114799999999999,0.2032,0.3937,0.31496,0.51054,0.37592,0.0,0.2286
0.23622,0.47752,0.39116,0.17526,0.3682999999999999,0.27686,0.4927599999999999,0.34036,0.0,0.2057399999999999
0.22352,0.4622799999999999,0.37084,0.1473199999999999,0.3454399999999999,0.25146,0.47752,0.31242,0.0,0.18542
0.2158999999999999,0.44958,0.37084,0.13716,0.34036,0.2438399999999999,0.4673599999999999,0.29972,0.0,0.18288
0.20066,0.44958,0.37084,0.12446,0.32766,0.22606,0.46482,0.2844799999999999,0.0,0.1777999999999999
0.18796,0.43942,0.35306,0.11176,0.30734,0.20066,0.45212,0.25654,0.0,0.16002
0.1777999999999999,0.4317999999999999,0.3429,0.11176,0.28956,0.1777999999999999,0.43942,0.2286,0.0,0.14478
0.1905,0.44958,0.36322,0.13208,0.31496,0.1905,0.45212,0.23876,0.0,0.14986
0.1777999999999999,0.44958,0.36322,0.12954,0.31496,0.19558,0.45974,0.2463799999999999,0.0,0.15494
0.17018,0.44958,0.36576,0.12446,0.31496,0.18288,0.45974,0.2336799999999999,0.0,0.1473199999999999
0.1651,0.45212,0.3606799999999999,0.11176,0.30226,0.16002,0.45974,0.20066,0.0,0.12954
0.1523999999999999,0.45212,0.3555999999999999,0.09906,0.29972,0.13208,0.45212,0.1651,0.0,0.1168399999999999
0.13716,0.44704,0.34036,0.0838199999999999,0.27432,0.10668,0.43688,0.11938,0.0,0.09652
0.13462,0.43688,0.31496,0.0635,0.254,0.0863599999999999,0.42164,0.09906,0.0,0.07874
0.1168399999999999,0.43688,0.30988,0.04826,0.23876,0.06604,0.41402,0.0761999999999999,0.0,0.0609599999999999
0.1016,0.42672,0.2946399999999999,0.0304799999999999,0.2158999999999999,0.03302,0.3987799999999999,0.0635,0.0,0.04064
0.0761999999999999,0.40894,0.27432,0.0152399999999999,0.18542,0.0,0.381,0.0431799999999999,0.0,0.0127
0.0508,0.40894,0.27432,0.0,0.1803399999999999,0.0,0.37592,0.0355599999999999,0.0,0.0
0.0254,0.4064,0.26162,0.0,0.1651,0.0,0.37592,0.02794,0.0,0.0
0.0,0.38354,0.2463799999999999,0.0,0.13462,0.0,0.3555999999999999,0.0177799999999999,0.0,0.0
0.0,0.38354,0.23876,0.0,0.13716,0.0,0.3555999999999999,0.01016,0.0,0.0
0.0,0.37084,0.22352,0.0,0.10668,0.0,0.34036,0.0,0.0,0.0
0.0,0.3479799999999999,0.19558,0.0,0.0761999999999999,0.0,0.31496,0.0,0.0,0.0
0.0,0.32512,0.1651,0.0,0.0355599999999999,0.0,0.2971799999999999,0.0,0.0,0.0
0.0,0.30226,0.1397,0.0,0.0127,0.0,0.28956,0.0,0.0,0.0
0.0,0.3047999999999999,0.13716,0.0,0.0127,0.0,0.30226,0.0,0.0,0.0
0.0,0.29972,0.12446,0.0,0.00508,0.0,0.30226,0.0,0.0,0.0
0.0,0.26924,0.1016,0.0,0.0,0.0,0.2794,0.0,0.0,0.0
0.0,0.2438399999999999,0.06604,0.0,0.0,0.0,0.25654,0.0,0.0,0.0
0.0,0.21082,0.02032,0.0,0.0,0.0,0.22606,0.0,0.0,0.0
0.0,0.1727199999999999,0.0,0.0,0.0,0.0,0.1905,0.0,0.0,0.0
0.0,0.13716,0.0,0.0,0.0,0.0,0.15748,0.0,0.0,0.0
0.0,0.09398,0.0,0.0,0.0,0.0,0.11938,0.0,0.0,0.0
0.0,0.0863599999999999,0.0,0.0,0.0,0.0,0.10922,0.0,0.0,0.0
0.0,0.09398,0.0,0.0,0.0,0.0,0.11176,0.0152399999999999,0.0,0.0
0.0,0.09906,0.0,0.0,0.0,0.0,0.1016,0.0,0.0,0.0
0.0,0.09398,0.0,0.0,0.0,0.0,0.09398,0.0,0.0,0.0
0.0,0.07874,0.0,0.0,0.0,0.0,0.07874,0.0,0.0,0.0
0.0,0.0888999999999999,0.0,0.0,0.0,0.0,0.08128,0.0,0.0,0.0
0.0,0.0838199999999999,0.0,0.0,0.0,0.0,0.0736599999999999,0.0,0.0,0.0
0.0,0.0736599999999999,0.0,0.0,0.0,0.0,0.05588,0.0,0.0,0.0
0.0,0.0431799999999999,0.0,0.0,0.0,0.0,0.0254,0.0,0.0,0.0
0.0,0.0152399999999999,0.0,0.0,0.0,0.0,0.02032,0.0,0.0,0.0
0.0,0.0,0.0,0.0,0.0,0.0,0.0,0.0,0.0,0.0
0.0,0.0,0.0,0.0,0.0,0.0,0.0,0.0,0.0,0.0
0.0,0.0,0.0,0.0,0.0,0.0,0.0,0.0,0.0,0.0
0.0,0.0,0.0,0.0,0.0,0.0,0.0,0.0,0.0,0.0
0.0,0.0,0.0,0.0,0.0,0.0,0.0,0.0,0.0,0.0
0.0,0.0,0.0,0.0,0.0,0.0,0.0,0.0,0.0,0.0
0.0,0.0,0.0,0.0,0.0,0.0,0.0,0.0,0.0,0.0
0.0,0.0,0.0,0.0,0.0,0.0,0.0,0.0,0.0,0.0
0.0,0.0,0.0,0.0,0.0,0.0,0.0,0.0,0.0,0.0
0.0,0.0,0.0,0.0,0.0,0.0,0.0,0.0,0.0,0.0
0.0,0.0,0.0,0.0,0.0,0.0,0.0,0.0,0.0,0.0
0.0,0.0,0.0,0.0,0.0,0.0,0.0,0.0,0.0,0.0
0.0,0.0,0.0,0.0,0.0,0.0,0.0,0.0,0.0,0.0
0.0,0.0,0.0,0.0,0.0,0.0,0.0,0.0,0.0,0.0
0.0,0.0,0.0,0.0,0.0,0.0,0.0,0.0,0.0,0.0
0.0,0.0,0.0,0.0,0.0,0.0,0.0,0.0,0.0,0.0
0.0,0.0,0.0,0.0,0.0,0.0,0.0,0.0,0.0,0.0
0.0,0.0,0.0,0.0,0.0,0.0,0.0,0.0,0.0,0.0
0.0,0.0,0.0,0.0,0.0,0.0,0.0,0.0,0.0,0.0
0.0,0.0,0.0,0.0,0.0,0.0,0.0,0.0,0.0,0.0
0.0,0.0,0.0,0.0,0.0,0.0,0.0,0.0,0.0,0.0
0.0,0.0,0.0,0.0,0.0,0.0,0.0,0.0,0.0,0.0
0.0,0.0,0.0,0.0,0.0,0.0,0.0,0.0,0.0,0.0
0.0,0.0,0.0,0.0,0.0,0.0,0.0,0.0,0.0,0.0
0.0,0.0,0.0,0.0,0.0,0.0,0.0,0.0,0.0,0.0
0.0,0.0,0.0,0.0,0.0,0.0,0.0,0.0,0.0,0.0
0.0,0.0,0.0,0.0,0.0,0.0,0.0,0.0,0.0,0.0
0.0,0.0,0.0,0.0,0.0,0.0,0.0,0.0,0.0,0.0
0.0,0.0,0.0,0.0,0.0,0.0,0.0,0.0,0.0,0.0
0.0,0.0,0.0,0.0,0.0,0.0,0.0,0.0,0.0,0.0
0.0,0.0,0.0,0.0,0.0,0.0,0.0,0.0,0.0,0.0
0.0,0.0,0.0,0.0,0.0,0.0,0.0,0.0,0.0,0.0
0.0,0.0,0.0,0.0,0.0,0.0,0.0,0.0,0.0,0.0
0.0,0.0,0.0,0.0,0.0,0.0,0.0,0.0,0.0,0.0
0.0,0.0,0.0,0.0,0.0,0.0,0.0,0.0,0.0,0.0
0.0,0.0,0.0,0.0,0.0,0.0,0.0,0.0,0.0,0.0
0.0,0.0,0.0,0.0,0.0,0.0,0.0,0.0,0.0,0.0
0.0,0.0,0.0,0.0,0.0,0.0,0.0,0.0,0.0,0.0
0.0,0.0,0.0,0.0,0.0,0.0,0.0,0.0,0.0,0.0
0.0,0.0,0.0,0.0,0.0,0.0,0.0,0.0,0.0,0.0
0.0,0.0,0.0,0.0,0.0,0.0,0.0,0.0,0.0,0.0
0.0,0.0,0.0,0.0,0.0,0.0,0.0,0.0,0.0,0.0
0.0,0.0,0.0,0.0,0.0,0.0,0.0,0.0,0.0,0.0
0.0,0.0,0.0,0.0,0.0,0.0,0.0,0.0,0.0,0.0
0.0,0.0,0.0,0.0,0.0,0.0,0.0,0.0,0.0,0.0
0.0,0.0,0.0,0.0,0.0,0.0,0.0,0.0,0.0,0.0
0.0,0.0,0.0,0.0,0.0,0.0,0.0,0.0,0.0,0.0
0.0,0.0,0.0,0.0,0.0,0.0,0.0,0.0,0.0,0.0
0.0,0.0,0.0,0.0,0.0,0.0,0.0,0.0,0.0,0.0
0.0,0.0,0.0,0.0,0.0,0.0,0.0,0.0,0.0,0.0
0.0,0.0,0.0,0.0,0.0,0.0,0.0,0.0,0.0,0.0
0.0,0.0,0.0,0.0,0.0,0.0,0.0,0.0,0.0,0.0
0.0,0.0,0.0,0.0,0.0,0.0,0.0,0.0,0.0,0.0
0.0,0.0,0.0,0.0,0.0,0.0,0.0,0.0,0.0,0.0
0.0,0.0,0.0,0.0,0.0,0.0,0.0,0.0,0.0,0.0
0.0,0.0,0.0,0.0,0.0,0.0,0.0,0.0,0.0,0.0
0.0,0.0,0.0,0.0,0.0,0.0,0.0,0.0,0.0,0.0
0.0,0.0,0.0,0.0,0.0,0.0,0.0,0.0,0.0,0.0
0.0,0.0,0.0,0.0,0.0,0.0,0.0,0.0,0.0,0.0
0.0,0.0,0.0,0.0,0.0,0.0,0.0,0.0,0.0,0.0
0.0,0.0,0.0,0.0,0.0,0.0,0.0,0.0,0.0,0.0
0.0,0.0,0.0,0.0,0.0,0.0,0.0,0.0,0.0,0.0
0.0,0.0,0.0,0.0,0.0,0.0,0.0,0.0,0.0,0.0
0.0,0.0,0.0,0.0,0.0,0.0,0.0,0.0,0.0,0.0
0.0,0.0,0.0,0.0,0.0,0.0,0.0,0.0,0.0,0.0
0.0,0.0,0.0,0.0,0.0,0.0,0.0,0.0,0.0,0.0
0.0,0.0,0.0,0.0,0.0,0.0,0.0,0.0,0.0,0.0
0.0,0.0,0.0,0.0,0.0,0.0,0.0,0.0,0.0,0.0
0.0,0.0,0.0,0.0,0.0,0.0,0.0,0.0,0.0,0.0
0.0,0.0,0.0,0.0,0.0,0.0,0.0,0.0,0.0,0.0
0.0,0.0,0.0,0.0,0.0,0.0,0.0,0.0,0.0,0.0
0.0,0.0,0.0,0.0,0.0,0.0,0.0,0.0,0.0,0.0
0.0,0.0,0.0,0.0,0.0,0.0,0.0,0.0,0.0,0.0
0.0,0.0,0.0,0.0,0.0,0.0,0.0,0.0,0.0,0.0
0.0,0.0,0.0,0.0,0.0,0.0,0.0,0.0,0.0,0.0
0.0,0.0,0.0,0.0,0.0,0.0,0.0,0.0,0.0,0.0
0.0,0.0,0.0,0.0,0.0,0.0,0.0,0.0,0.0,0.0
0.0,0.0,0.0,0.0,0.0,0.0,0.0,0.0,0.0,0.0
0.0,0.0,0.0,0.0,0.0,0.0,0.0,0.0,0.0,0.0
0.0,0.0,0.0,0.0,0.0,0.0,0.0,0.0,0.0,0.0
0.0,0.0,0.0,0.0,0.0,0.0,0.0,0.0,0.0,0.0
0.0,0.0,0.0,0.0,0.0,0.0,0.0,0.0,0.0,0.0
0.0,0.0,0.0,0.0,0.0,0.0,0.0,0.0,0.0,0.0
0.0,0.0,0.0,0.0,0.0,0.0,0.0,0.0,0.0,0.0
0.0,0.0,0.0,0.0,0.0,0.0,0.0,0.0,0.0,0.0
0.0,0.0,0.0,0.0,0.0,0.0,0.0,0.0,0.0,0.0
0.0,0.0,0.0,0.0,0.0,0.0,0.0,0.0,0.0,0.0
0.0,0.0,0.0,0.0,0.0,0.0,0.0,0.0,0.0,0.0
0.0,0.0,0.0,0.0,0.0,0.0,0.0,0.0,0.0,0.0
0.0,0.0,0.0,0.0,0.0,0.0,0.0,0.0,0.0,0.0
0.0,0.0,0.0,0.0,0.0,0.0,0.0,0.0,0.0,0.0
0.0,0.0,0.0,0.0,0.0,0.0,0.0,0.0,0.0,0.0
0.0,0.0,0.0,0.0,0.0,0.0,0.0,0.0,0.0,0.0
0.0,0.0,0.0,0.0,0.0,0.0,0.0,0.0,0.0,0.0
0.0,0.0,0.0,0.0,0.0,0.0,0.0,0.0,0.0,0.0
0.0,0.0,0.0,0.0,0.0,0.0,0.0,0.0,0.0,0.0
0.0,0.0,0.0,0.0,0.0,0.0,0.0,0.0,0.0,0.0
0.0,0.0,0.0,0.0,0.0,0.0,0.0,0.0,0.0,0.0
0.0,0.0,0.0,0.0,0.0,0.0,0.0,0.0,0.0,0.0
0.0,0.0,0.0,0.0,0.0,0.0,0.0,0.0,0.0,0.0
0.0,0.0,0.0,0.0,0.0,0.0,0.0,0.0,0.0,0.0
0.0,0.0,0.0,0.0,0.0,0.0,0.0,0.0,0.0,0.0
0.0,0.0,0.0,0.0,0.0,0.0,0.0,0.0,0.0,0.0
0.0,0.0,0.0,0.0,0.0,0.0,0.0,0.0,0.0,0.0
0.0,0.0,0.0,0.0,0.0,0.0,0.0,0.0,0.0,0.0
0.0,0.0,0.0,0.0,0.0,0.0,0.0,0.0,0.0,0.0
0.0,0.0,0.0,0.0,0.0,0.0,0.0,0.0,0.0,0.0
0.0,0.0,0.0,0.0,0.0,0.0,0.0,0.0,0.0,0.0
0.0,0.0,0.0,0.0,0.0,0.0,0.0,0.0,0.0,0.0
0.0,0.0,0.0,0.0,0.0,0.0,0.0,0.0,0.0,0.0
0.0,0.0,0.0,0.0,0.0,0.0,0.0,0.0,0.0,0.0
0.0,0.0,0.0,0.0,0.0,0.0,0.0,0.0,0.0,0.0
0.0,0.0,0.0,0.0,0.0,0.0,0.0,0.0,0.0,0.0
0.0,0.0,0.0,0.0,0.0,0.0,0.0,0.0,0.0,0.0
0.0,0.0,0.0,0.0,0.0,0.0,0.0,0.0,0.0,0.0
0.0,0.0,0.0,0.0,0.0,0.0,0.0,0.0,0.0,0.0
0.0,0.0,0.0,0.0,0.0,0.0,0.0,0.0,0.0,0.0
0.0,0.0,0.0,0.0,0.0,0.0,0.0,0.0,0.0,0.0
0.0,0.0,0.0,0.0,0.0,0.0,0.0,0.0,0.0,0.0
0.0,0.0,0.0,0.0,0.0,0.0,0.0,0.0,0.0,0.0
0.0,0.0,0.0,0.0,0.0,0.0,0.0,0.0,0.0,0.0
0.0,0.0,0.0,0.0,0.0,0.0,0.0,0.0,0.0,0.0
0.0,0.0,0.0,0.0,0.0,0.0,0.0,0.0,0.0,0.0
0.0,0.0,0.0,0.0,0.0,0.0,0.0,0.0,0.0,0.0
0.0,0.0,0.0,0.0,0.0,0.0,0.0,0.0,0.0,0.0
0.0,0.0,0.0,0.0,0.0,0.0,0.0,0.0,0.0,0.0
0.0,0.0,0.0,0.0,0.0,0.0,0.0,0.0,0.0,0.0
0.0,0.0,0.0,0.0,0.0,0.0,0.0,0.0,0.0,0.0
0.0,0.0,0.0,0.0,0.0,0.0,0.0,0.0,0.0,0.0
0.0,0.0,0.0,0.0,0.0,0.0,0.0,0.0,0.0,0.0
0.0,0.0,0.0,0.0,0.0,0.0,0.0,0.0,0.0,0.0
0.0,0.0,0.0,0.0,0.0,0.0,0.0,0.0,0.0,0.0
0.0,0.0,0.0,0.0,0.0,0.0,0.0,0.0,0.0,0.0
0.0,0.0,0.0,0.0,0.0,0.0,0.0,0.00254,0.0,0.0
0.0,0.0,0.0,0.0,0.0,0.0,0.0,0.0,0.0,0.0
0.0,0.0,0.0,0.0,0.0,0.0,0.0,0.0,0.0,0.0
0.0,0.0,0.0,0.0,0.0,0.0,0.0,0.0,0.0,0.0
0.0,0.0,0.0,0.0,0.0,0.0,0.0,0.0,0.0,0.0
0.0,0.0,0.0,0.0,0.0,0.0,0.0,0.0,0.0,0.0
0.0,0.0,0.0,0.0,0.0,0.0,0.0,0.0,0.0,0.0
0.0,0.0,0.0,0.00254,0.0,0.0,0.0,0.0,0.0,0.0
0.0,0.0127,0.0152399999999999,0.00508,0.00508,0.0,0.0,0.0,0.0,0.0
0.0,0.01016,0.01016,0.0,0.00508,0.0,0.0,0.0,0.0,0.0
0.0,0.01016,0.0,0.0,0.0,0.0,0.0,0.0,0.0,0.0
0.0,0.01016,0.0,0.0,0.0,0.0,0.0,0.0,0.0,0.00254
0.0,0.0177799999999999,0.0177799999999999,0.0,0.0,0.00254,0.0,0.0,0.0,0.0076199999999999
0.0,0.03302,0.0355599999999999,0.02032,0.0,0.0076199999999999,0.0,0.00254,0.0,0.00508
0.0,0.0304799999999999,0.0355599999999999,0.0177799999999999,0.0,0.0,0.0,0.0,0.0,0.00254
0.0,0.0254,0.03302,0.0152399999999999,0.0,0.0,0.0,0.0,0.0,0.0
0.0,0.0254,0.0304799999999999,0.00508,0.0,0.0,0.0,0.0,0.0,0.0
0.0,0.02032,0.02794,0.0,0.0,0.0,0.0,0.0,0.0,0.0
0.0,0.02032,0.02794,0.0,0.0,0.0,0.0,0.0,0.0,0.0
0.0,0.0177799999999999,0.02794,0.0,0.0,0.0,0.0,0.0,0.0,0.0
0.0,0.01016,0.02794,0.0,0.0,0.0,0.0,0.0,0.0,0.0
0.0,0.01016,0.02794,0.0,0.0,0.0,0.0,0.0,0.0,0.0
0.0,0.01016,0.02794,0.0,0.0,0.0,0.0,0.0,0.0,0.0
0.0,0.0127,0.02794,0.0,0.0076199999999999,0.0,0.00254,0.0,0.0,0.0
0.0,0.03302,0.02794,0.0,0.00508,0.0,0.0152399999999999,0.0,0.0,0.0
0.0,0.0304799999999999,0.02794,0.0,0.0,0.0,0.0152399999999999,0.0,0.0,0.0
0.0,0.0304799999999999,0.02794,0.0,0.0,0.0,0.0152399999999999,0.0,0.0,0.0
0.0,0.0304799999999999,0.02794,0.0,0.0,0.0,0.0177799999999999,0.0,0.0,0.0
0.0,0.0304799999999999,0.02794,0.0,0.0,0.0,0.0177799999999999,0.0,0.0,0.0
0.0,0.0304799999999999,0.02794,0.0,0.0,0.0,0.0177799999999999,0.0,0.0,0.0
0.0,0.02794,0.02794,0.0,0.0,0.0,0.0177799999999999,0.0,0.0,0.0
0.0,0.02286,0.0254,0.0,0.0,0.0,0.0177799999999999,0.0,0.0,0.0
0.0,0.0177799999999999,0.0254,0.0,0.0,0.0,0.0177799999999999,0.0,0.0,0.0
0.0,0.0127,0.02032,0.0,0.0,0.0,0.0177799999999999,0.0,0.0,0.0
0.0,0.01016,0.02032,0.00254,0.0,0.0,0.0177799999999999,0.0,0.0,0.0
0.0,0.01016,0.02032,0.0,0.0,0.0,0.0177799999999999,0.0,0.0,0.0
0.0,0.01016,0.02032,0.0,0.0,0.0,0.0177799999999999,0.0,0.0,0.0
0.0,0.01016,0.02032,0.0,0.0,0.0,0.0177799999999999,0.0,0.0,0.0
0.0,0.01016,0.02032,0.0,0.0,0.0,0.0177799999999999,0.0,0.0,0.0
0.0,0.01016,0.02032,0.0,0.0,0.0,0.0177799999999999,0.0,0.0,0.0
0.0,0.01016,0.02032,0.0,0.0,0.0,0.0177799999999999,0.0,0.0,0.0
0.0,0.01016,0.02032,0.0,0.0,0.0,0.0177799999999999,0.0,0.0,0.0
0.0,0.01016,0.0127,0.0,0.0,0.0,0.01016,0.0,0.0,0.0
0.0,0.01016,0.01016,0.0,0.0,0.0,0.01016,0.0,0.0,0.0
0.0,0.0152399999999999,0.0127,0.00508,0.0127,0.0,0.0127,0.0,0.0,0.0
0.0076199999999999,0.02286,0.0152399999999999,0.0076199999999999,0.0254,0.0,0.0127,0.0127,0.0,0.0
0.0076199999999999,0.02286,0.0152399999999999,0.0076199999999999,0.0254,0.0,0.0127,0.01016,0.0,0.0
0.0076199999999999,0.0254,0.0152399999999999,0.01016,0.0254,0.0,0.0127,0.00508,0.0,0.0
0.0076199999999999,0.0254,0.0152399999999999,0.0152399999999999,0.0304799999999999,0.0,0.0127,0.00508,0.0,0.0
0.0076199999999999,0.0254,0.0152399999999999,0.0152399999999999,0.0304799999999999,0.0,0.0127,0.0,0.0,0.0
0.0076199999999999,0.0254,0.0152399999999999,0.0152399999999999,0.0304799999999999,0.0,0.02794,0.0,0.0,0.0
0.0076199999999999,0.0254,0.0152399999999999,0.0152399999999999,0.0304799999999999,0.0,0.02794,0.0,0.0,0.0
0.0076199999999999,0.0304799999999999,0.0152399999999999,0.0152399999999999,0.0304799999999999,0.0,0.02794,0.0,0.0,0.0
0.0076199999999999,0.0304799999999999,0.0152399999999999,0.0152399999999999,0.0304799999999999,0.0,0.02794,0.0,0.0,0.0
0.0076199999999999,0.0304799999999999,0.0152399999999999,0.0152399999999999,0.0304799999999999,0.0,0.02794,0.0,0.00254,0.0
0.0076199999999999,0.0304799999999999,0.0152399999999999,0.0152399999999999,0.0304799999999999,0.0,0.02794,0.0,0.00254,0.0
0.0076199999999999,0.0304799999999999,0.0152399999999999,0.0152399999999999,0.0304799999999999,0.0,0.02794,0.0,0.00254,0.0
0.0076199999999999,0.0304799999999999,0.0152399999999999,0.0152399999999999,0.0304799999999999,0.0,0.02794,0.0,0.00254,0.0
0.01016,0.0380999999999999,0.02286,0.0152399999999999,0.0355599999999999,0.0127,0.03302,0.0152399999999999,0.00508,0.00508
0.01016,0.0380999999999999,0.0254,0.0152399999999999,0.0355599999999999,0.0127,0.03302,0.0152399999999999,0.0076199999999999,0.00508
0.01016,0.0380999999999999,0.0254,0.0177799999999999,0.0355599999999999,0.0177799999999999,0.0355599999999999,0.0177799999999999,0.0076199999999999,0.00508
0.01016,0.0380999999999999,0.0254,0.0177799999999999,0.0355599999999999,0.0177799999999999,0.0355599999999999,0.0177799999999999,0.0076199999999999,0.00508
0.0177799999999999,0.04064,0.02794,0.0177799999999999,0.0380999999999999,0.0177799999999999,0.0380999999999999,0.0177799999999999,0.0076199999999999,0.0076199999999999
0.0431799999999999,0.05334,0.03302,0.03302,0.05334,0.04064,0.05588,0.0355599999999999,0.0127,0.0177799999999999
0.05334,0.06604,0.04064,0.0431799999999999,0.0584199999999999,0.04826,0.0761999999999999,0.04572,0.0127,0.0254
0.05334,0.06604,0.04064,0.0431799999999999,0.05334,0.04826,0.0761999999999999,0.04826,0.0127,0.0254
0.05334,0.06604,0.04064,0.0431799999999999,0.0508,0.04826,0.0761999999999999,0.04826,0.00508,0.0254
0.05334,0.06604,0.04064,0.0431799999999999,0.0508,0.04826,0.0761999999999999,0.04826,0.00254,0.0254
0.05334,0.06604,0.04064,0.0431799999999999,0.04826,0.04826,0.0761999999999999,0.04826,0.0,0.0254
0.05334,0.06604,0.04064,0.0431799999999999,0.0431799999999999,0.04826,0.0761999999999999,0.04826,0.0,0.0254
0.0508,0.06604,0.04064,0.0431799999999999,0.0431799999999999,0.04826,0.0761999999999999,0.04826,0.0,0.0254
0.0508,0.06604,0.04064,0.0431799999999999,0.0431799999999999,0.04826,0.0761999999999999,0.04826,0.0,0.0254
0.0508,0.06604,0.04064,0.0431799999999999,0.0431799999999999,0.04826,0.0761999999999999,0.04826,0.0,0.0254
0.0508,0.06604,0.04064,0.0431799999999999,0.0431799999999999,0.04826,0.0761999999999999,0.04826,0.0,0.0254
0.0508,0.06604,0.04064,0.0431799999999999,0.0431799999999999,0.04826,0.0761999999999999,0.04826,0.0,0.0254
0.0609599999999999,0.0761999999999999,0.04826,0.05588,0.05334,0.04826,0.0888999999999999,0.0508,0.0,0.03302
0.0609599999999999,0.07874,0.04826,0.05588,0.05334,0.04572,0.09398,0.0508,0.0,0.03302
0.0736599999999999,0.09652,0.05588,0.0635,0.0711199999999999,0.0508,0.1041399999999999,0.0508,0.00254,0.0431799999999999
0.0838199999999999,0.11176,0.0711199999999999,0.06604,0.0711199999999999,0.0508,0.10668,0.0508,0.0,0.0431799999999999
0.0838199999999999,0.11176,0.0711199999999999,0.06604,0.0711199999999999,0.0508,0.10668,0.03302,0.0,0.0431799999999999
0.0838199999999999,0.11176,0.0711199999999999,0.06604,0.0711199999999999,0.04826,0.10668,0.0152399999999999,0.0,0.0431799999999999
0.0838199999999999,0.11176,0.0711199999999999,0.0584199999999999,0.0711199999999999,0.04572,0.10668,0.0,0.0,0.04064
0.0838199999999999,0.11176,0.0711199999999999,0.0508,0.0711199999999999,0.04064,0.11176,0.0,0.0,0.0380999999999999
0.07874,0.11176,0.0736599999999999,0.0431799999999999,0.0711199999999999,0.03302,0.1143,0.0,0.0,0.0304799999999999
0.08128,0.1143,0.07874,0.04572,0.0863599999999999,0.0304799999999999,0.127,0.0,0.0,0.0355599999999999
0.0838199999999999,0.13208,0.09652,0.05334,0.09144,0.0508,0.12954,0.02032,0.01016,0.04064
0.0838199999999999,0.13208,0.09652,0.05334,0.09144,0.0508,0.12954,0.02032,0.01016,0.04064
0.0838199999999999,0.13208,0.09906,0.0431799999999999,0.09144,0.0508,0.12954,0.02032,0.01016,0.04064
0.0838199999999999,0.13208,0.09906,0.0431799999999999,0.09144,0.0508,0.12954,0.02032,0.01016,0.04064
